source_row_id,policy_id,risk_id,effective_date,change_type,product_line,sum_insured,province,postal_area,vehicle_year,vehicle_registration,vehicle_vin_placeholder,source_system
STEND-00000001,STPOLICY00000003,RISK00000003,2023/01/25,Cover Adjustment,Household,28304.67,Western Cape,SIM-2101,,,,AcquiredBook
STEND-00000002,STPOLICY00000009,RISK00000009,2024/01/19,Cover Adjustment,Commercial,"1,623,243.20",Northern Cape,SIM-9001,,,,AcquiredBook
STEND-00000003,STPOLICY00000010,RISK00000010,2022-02-16,Endorsement,Motor,"3.002.216,37",Western Cape,SIM-2001,0,SIM-REG-00000010,SIM-VIN-0000000010,AcquiredBook
STEND-00000004,STPOLICY00000015,RISK00000015,2023-08-29,Sum Insured Change,Household,507879.80,North West,SIM-8001,,,,EndorsementPortal
STEND-00000005,STPOLICY00000024,RISK00000024,2022-08-27,Address Move,Motor,"ZAR 1,368,319.87",Mpumalanga,SIM-7001,1997,SIM-REG-00000024,SIM-VIN-0000000024,AcquiredBook
STEND-00000006,STPOLICY00000044,RISK00000044,09-29-2024,Sum Insured Change,Motor,"59.685,22",Free State,SIM-5001,2028,SIM-REG-00000044,SIM-VIN-0000000044,EndorsementPortal
STEND-00000007,STPOLICY00000049,RISK00000049,2023-10-17,Cover Adjustment,Household,"ZAR 3,335,404.18",KwaZulu-Natal,SIM-3101,,,,AcquiredBook
STEND-00000008,STPOLICY00000049,RISK00000049,11/01/2024,Cover Adjustment,Household,"R 4,146,453.86",KwaZulu-Natal,SIM-3002,,,,PolicyAdmin
STEND-00000009,STPOLICY00000055,RISK00000055,2024-06-28,Sum Insured Change,Household,"R 1,673,729.76",Northern Cape,SIM-9001,,,,PolicyAdmin
STEND-00000010,STPOLICY00000060,RISK00000060,2022/08/27,Endorsement,Commercial,"9.078.205,56",Northern Cape,SIM-9001,,,,PolicyAdmin
STEND-00000011,STPOLICY00000062,RISK00000062,2024/05/02,Sum Insured Change,Home Contents,3326480.64,Limpopo,SIM-6001,,,,EndorsementPortal
STEND-00000012,STPOLICY00000067,RISK00000067,2023-11-30,Address Move,Motor,"ZAR 96,826.35",North West,SIM-8001,2024,SIM-REG-00000067,SIM-VIN-0000000067,PolicyAdmin
STEND-00000013,STPOLICY00000082,RISK00000082,2023/11/14,Cover Adjustment,Commercial,"R 1,683,979.88",Western Cape,SIM-2002,,,,PolicyAdmin
STEND-00000014,STPOLICY00000083,RISK00000083,26/02/2023,Sum Insured Change,Commercial,"R 20,891,656.20",Limpopo,SIM-6001,,,,PolicyAdmin
STEND-00000015,STPOLICY00000125,RISK00000125,2025/05/14,Vehicle Update,Motor,"3,184,336.74",Eastern Cape,SIM-4001,2022,SIM-REG-00000125,SIM-VIN-0000000125,AcquiredBook
STEND-00000016,STPOLICY00000141,RISK00000141,2022/05/04,Endorsement,Household,"ZAR 2,631,580.70",Western Cape,SIM-2001,,,,PolicyAdmin
STEND-00000017,STPOLICY00000143,RISK00000143,02-14-2023,Endorsement,Household,"2.469.365,13",Mpumalanga,SIM-7001,,,,PolicyAdmin
STEND-00000018,STPOLICY00000154,RISK00000154,2021-11-09,Endorsement,Motor,"R 4,282,913.86",Limpopo,SIM-6001,0,SIM-REG-00000154,SIM-VIN-0000000154,PolicyAdmin
STEND-00000019,STPOLICY00000162,RISK00000162,08-07-2023,Endorsement,Motor,"R 893,192.37",Eastern Cape,SIM-4001,2010,SIM-REG-00000162,SIM-VIN-0000000162,AcquiredBook
STEND-00000020,STPOLICY00000167,RISK00000167,04-29-2022,Endorsement,Motor,"5.028.710,54",KwaZulu-Natal,SIM-3002,2018,SIM-REG-00000167,SIM-VIN-0000000167,EndorsementPortal
STEND-00000021,STPOLICY00000184,RISK00000184,04-11-2024,Sum Insured Change,Motor,"2.646.935,99",Western Cape,SIM-2002,1996,,SIM-VIN-0000000184,PolicyAdmin
STEND-00000022,STPOLICY00000198,RISK00000198,2025/04/04,Cover Adjustment,Household,"R 1,926,256.34",Free State,SIM-5001,,,,AcquiredBook
STEND-00000023,STPOLICY00000200,RISK00000200,2024/02/18,Vehicle Update,Household,3818317.43,Free State,SIM-5001,,,,EndorsementPortal
STEND-00000024,STPOLICY00000224,RISK00000224,2021-12-15,Address Move,Motor,"3,995,118.55",North West,SIM-8001,0,SIM-REG-00000224,SIM-VIN-0000000224,PolicyAdmin
STEND-00000025,STPOLICY00000227,RISK00000227,2026-01-20,Address Move,Commercial,"3,313,167.45",North West,SIM-8001,,,,AcquiredBook
STEND-00000026,STPOLICY00000231,RISK00000231,2023/09/14,Address Move,Household,ZAR 519.44,Limpopo,SIM-6001,,,,PolicyAdmin
STEND-00000027,STPOLICY00000232,RISK00000232,08/10/2021,Cover Adjustment,Commercial,"31,228,728.24",KwaZulu-Natal,SIM-3001,,,,EndorsementPortal
STEND-00000028,STPOLICY00000243,RISK00000243,04-13-2023,Vehicle Update,Commercial,"ZAR 18,676,869.85",Limpopo,SIM-6001,,,,EndorsementPortal
STEND-00000029,STPOLICY00000246,RISK00000246,01/08/2023,Endorsement,Commercial,39304502.19,Western Cape,SIM-2001,,,,EndorsementPortal
STEND-00000030,STPOLICY00000260,RISK00000260,03-03-2023,Cover Adjustment,Household,"R 3,497,592.19",Limpopo,SIM-6001,,,,PolicyAdmin
STEND-00000031,MISSING-168672,RISK00000275,2025/11/11,Address Move,Commercial,4980538.11,North West,SIM-8001,,,,PolicyAdmin
STEND-00000032,STPOLICY00000284,RISK00000284,2025/11/20,Address Move,Commercial,"23,446,389.41",Northern Cape,SIM-9001,,,,PolicyAdmin
STEND-00000033,STPOLICY00000291,RISK00000291,18/04/2023,Vehicle Update,Household,"ZAR 185,180.74",Eastern Cape,SIM-4001,,,,AcquiredBook
STEND-00000034,STPOLICY00000297,RISK00000297,07-16-2022,Sum Insured Change,Commercial,"18.100.921,24",Western Cape,SIM-2101,,,,PolicyAdmin
STEND-00000035,STPOLICY00000303,RISK00000303,2022-03-17,Endorsement,Household,"2.865.053,18",North West,SIM-8001,,,,PolicyAdmin
STEND-00000036,STPOLICY00000327,RISK00000327,04/02/2024,Sum Insured Change,Motor,"R 3,329,693.87",Northern Cape,SIM-9001,1992,SIM-REG-00000327,SIM-VIN-0000000327,PolicyAdmin
STEND-00000037,STPOLICY00000327,RISK00000327,17/04/2024,Sum Insured Change,Motor,"3,368,265.47",Northern Cape,SIM-9001,1992,SIM-REG-00000327,SIM-VIN-0000000327,EndorsementPortal
STEND-00000038,STPOLICY00000360,RISK00000360,2023-10-16,Vehicle Update,Commercial,"R 17,256,784.01",Eastern Cape,SIM-4001,,,,PolicyAdmin
STEND-00000039,STPOLICY00000375,RISK00000375,2025/01/14,Address Move,Commercial,"ZAR 459,692.24",Northern Cape,SIM-9001,,,,PolicyAdmin
STEND-00000040,STPOLICY00000392,RISK00000392,2022/08/12,Vehicle Update,Motor,"R 1,218,609.00",Free State,SIM-5001,2017,SIM-REG-00000392,SIM-VIN-0000000392,EndorsementPortal
STEND-00000041,STPOLICY00000400,RISK00000400,05-09-2024,Endorsement,Motor,"ZAR 3,123,065.62",Northern Cape,SIM-9001,2021,SIM-REG-00000400,SIM-VIN-0000000400,EndorsementPortal
STEND-00000042,STPOLICY00000408,RISK00000408,2022/08/23,Vehicle Update,Household,"ZAR 1,183,215.26",Limpopo,SIM-6001,,,,AcquiredBook
STEND-00000043,STPOLICY00000415,RISK00000415,2023-09-23,Cover Adjustment,Motor,"R 4,949,803.11",Mpumalanga,SIM-7001,1996,SIM-REG-00000415,SIM-VIN-0000000415,EndorsementPortal
STEND-00000044,STPOLICY00000417,RISK00000417,2023-06-13,Sum Insured Change,Household,"ZAR 1,507,016.95",Free State,SIM-5001,,,,PolicyAdmin
STEND-00000045,STPOLICY00000422,RISK00000422,29/11/2022,Cover Adjustment,Motor,"ZAR 2,463,497.79",North West,SIM-8001,2024,SIM-REG-00000422,SIM-VIN-0000000422,AcquiredBook
STEND-00000046,STPOLICY00000422,RISK00000422,01-04-2023,Vehicle Update,Motor,"2,532,526.18",North West,SIM-8001,2024,SIM-REG-00000422,SIM-VIN-0000000422,PolicyAdmin
STEND-00000047,STPOLICY00000426,RISK00000426,11/12/2023,Vehicle Update,Household,R 832.27,Gauteng,SIM-1001,,,,EndorsementPortal
STEND-00000048,STPOLICY00000435,RISK00000435,2024-04-09,Cover Adjustment,Household,"3,401,044.49",Mpumalanga,SIM-7001,,,,EndorsementPortal
STEND-00000049,STPOLICY00000461,RISK00000461,2022/11/04,Cover Adjustment,Motor,"3.365.285,91",N/A,SIM-6001,2020,SIM-REG-00000461,SIM-VIN-0000000461,AcquiredBook
STEND-00000050,STPOLICY00000471,RISK00000471,2023-12-12,Cover Adjustment,Household,"2,850,377.71",KwaZulu-Natal,SIM-3001,,,,PolicyAdmin
STEND-00000051,STPOLICY00000481,RISK00000481,2024/01/18,Sum Insured Change,Household,"ZAR 349,787.69",Western Cape,SIM-2001,,,,PolicyAdmin
STEND-00000052,STPOLICY00000491,RISK00000491,13/10/2023,Cover Adjustment,Motor,"1,337,129.17",Northern Cape,SIM-9001,1994,SIM-REG-00000491,SIM-VIN-0000000491,PolicyAdmin
STEND-00000053,STPOLICY00000511,RISK00000511,09-27-2022,Sum Insured Change,Motor,"2,671,243.33",Gauteng,SIM-1002,0,SIM-REG-00000511,SIM-VIN-0000000511,EndorsementPortal
STEND-00000054,STPOLICY00000516,RISK00000516,18/12/2023,Address Move,Commercial,"1,983,233.11",Northern Cape,SIM-9001,,,,EndorsementPortal
STEND-00000055,STPOLICY00000528,RISK00000528,28/01/2024,Address Move,Motor,"176.435,71",Western Cape,SIM-2001,2011,SIM-REG-00000528,SIM-VIN-0000000528,EndorsementPortal
STEND-00000056,STPOLICY00000539,RISK00000539,22/05/2023,Endorsement,Commercial,"1,379,616.55",Limpopo,SIM-6001,,,,AcquiredBook
STEND-00000057,STPOLICY00000546,RISK00000546,2022/09/18,Sum Insured Change,Commercial,14252395.69,Eastern Cape,SIM-4001,,,,EndorsementPortal
STEND-00000058,STPOLICY00000553,RISK00000553,06-11-2022,Endorsement,Motor,"3,470,086.21",Eastern Cape,SIM-4001,2024,,SIM-VIN-0000000553,EndorsementPortal
STEND-00000059,STPOLICY00000554,RISK00000554,2021/09/09,Cover Adjustment,Motor,765.08,Limpopo,SIM-6001,2018,SIM-REG-00000554,SIM-VIN-0000000554,PolicyAdmin
STEND-00000060,STPOLICY00000558,RISK00000558,2023/02/22,Address Move,Household,219469.86,KwaZulu-Natal,SIM-3101,,,,EndorsementPortal
STEND-00000061,STPOLICY00000566,RISK00000566,2023/04/17,Vehicle Update,Household,"2.686.402,98",North West,SIM-8001,,,,AcquiredBook
STEND-00000062,STPOLICY00000568,RISK00000568,2024-05-04,Address Move,Motor,600490.66,Limpopo,SIM-6001,2002,SIM-REG-00000568,SIM-VIN-0000000568,EndorsementPortal
STEND-00000063,STPOLICY00000578,RISK00000578,27/02/2024,Cover Adjustment,Commercial,"15.230.428,36",North West,SIM-8001,,,,PolicyAdmin
STEND-00000064,STPOLICY00000599,RISK00000599,2023-03-22,Vehicle Update,Motor,"3.360.926,57",Mpumalanga,SIM-7001,2005,SIM-REG-00000599,SIM-VIN-0000000599,EndorsementPortal
STEND-00000065,STPOLICY00000608,RISK00000608,02/08/2023,Sum Insured Change,Household,"ZAR 2,822,133.72",N/A,SIM-8001,,,,EndorsementPortal
STEND-00000066,STPOLICY00000612,RISK00000612,09-23-2022,Endorsement,Commercial,1794584.40,North West,SIM-8001,,,,EndorsementPortal
STEND-00000067,STPOLICY00000614,RISK00000614,02/07/2023,Address Move,Commercial,"ZAR 30,817,008.03",Limpopo,SIM-6001,,,,PolicyAdmin
STEND-00000068,STPOLICY00000626,RISK00000626,05-13-2023,Cover Adjustment,Commercial,"R 8,365,883.00",Gauteng,SIM-1001,,,,PolicyAdmin
STEND-00000069,STPOLICY00000626,RISK00000626,15/06/2023,Cover Adjustment,Commercial,6276894.97,Gauteng,SIM-1001,,,,EndorsementPortal
STEND-00000070,STPOLICY00000630,RISK00000630,2023/01/05,Endorsement,Household,"1.435.745,61",KwaZulu-Natal,SIM-3101,,,,PolicyAdmin
STEND-00000071,STPOLICY00000638,RISK00000638,01/12/2023,Endorsement,Household,"1,619,904.53",,SIM-6001,,,,AcquiredBook
STEND-00000072,STPOLICY00000638,RISK00000638,2024/01/22,Cover Adjustment,Household,"ZAR 1,145,019.19",Limpopo,SIM-6001,,,,EndorsementPortal
STEND-00000073,STPOLICY00000655,RISK00000655,2023/08/16,Cover Adjustment,Household,"R 2,313,583.50",Gauteng,SIM-1001,,,,EndorsementPortal
STEND-00000074,STPOLICY00000673,RISK00000673,01/06/2022,Endorsement,Commercial,"R 27,150,330.33",Mpumalanga,SIM-7001,,,,EndorsementPortal
STEND-00000075,STPOLICY00000675,RISK00000675,13/04/2022,Cover Adjustment,Household,3970632.76,Mpumalanga,SIM-7001,,,,PolicyAdmin
STEND-00000076,STPOLICY00000676,RISK00000676,04-09-2023,Cover Adjustment,Household,"ZAR 474,439.88",Free State,SIM-5001,,,,AcquiredBook
STEND-00000077,STPOLICY00000695,RISK00000695,09-30-2022,Endorsement,Household,"3.247.610,06",Northern Cape,SIM-9001,,,,EndorsementPortal
STEND-00000078,STPOLICY00000717,RISK00000717,2025/06/17,Address Move,Motor,"1,281,193.21",Eastern Cape,SIM-4001,2020,SIM-REG-00000717,SIM-VIN-0000000717,PolicyAdmin
STEND-00000079,STPOLICY00000727,RISK00000727,2023/01/12,Address Move,Household,"3.544.707,14",Gauteng,SIM-1003,,,,AcquiredBook
STEND-00000080,STPOLICY00000734,RISK00000734,2022/09/23,Vehicle Update,Motor,"2,415,624.95",Gauteng,SIM-1003,1994,SIM-REG-00000734,SIM-VIN-0000000734,AcquiredBook
STEND-00000081,STPOLICY00000750,RISK00000750,2022-07-21,Endorsement,Household,"R 326,898.55",Eastern Cape,SIM-4001,,,,EndorsementPortal
STEND-00000082,STPOLICY00000764,RISK00000764,11-04-2025,Vehicle Update,Commercial,"R 2,565,210.80",KwaZulu-Natal,SIM-3101,,,,AcquiredBook
STEND-00000083,STPOLICY00000765,RISK00000765,2023-12-15,Address Move,Motor,"1,910,341.95",Mpumalanga,SIM-7001,1999,SIM-REG-00000765,SIM-VIN-0000000765,PolicyAdmin
STEND-00000084,STPOLICY00000768,RISK00000768,2022-02-23,Endorsement,Motor,"805.840,59",Gauteng,SIM-1002,1990,SIM-REG-00000768,SIM-VIN-0000000768,PolicyAdmin
STEND-00000085,STPOLICY00000769,RISK00000769,2023-07-08,Address Move,Commercial,1423063.76,Eastern Cape,SIM-4001,,,,EndorsementPortal
STEND-00000086,STPOLICY00000776,RISK00000776,2023/02/09,Endorsement,Motor,"ZAR 2,189,456.26",KwaZulu-Natal,SIM-3002,2005,SIM-REG-00000776,SIM-VIN-0000000776,EndorsementPortal
STEND-00000087,STPOLICY00000784,RISK00000784,09/10/2024,Address Move,Commercial,"12.087.924,76",Western Cape,SIM-2101,,,,EndorsementPortal
STEND-00000088,STPOLICY00000789,RISK00000789,03/04/2022,Cover Adjustment,Commercial,"ZAR 4,000,436.64",Western Cape,SIM-2001,,,,AcquiredBook
STEND-00000089,STPOLICY00000801,RISK00000801,24/08/2023,Cover Adjustment,Household,"530.521,58",Western Cape,SIM-2001,,,,EndorsementPortal
STEND-00000090,STPOLICY00000812,RISK00000812,19/09/2022,Cover Adjustment,Household,524203.09,Eastern Cape,SIM-4001,,,,EndorsementPortal
STEND-00000091,STPOLICY00000815,RISK00000815,11-11-2021,Cover Adjustment,Household,"R -11,889.96",Western Cape,SIM-2001,,,,AcquiredBook
STEND-00000092,STPOLICY00000839,RISK00000839,28/06/2023,Endorsement,Commercial,"R 10,497,887.75",Limpopo,SIM-6001,,,,AcquiredBook
STEND-00000093,STPOLICY00000839,RISK00000839,2023/09/13,Cover Adjustment,Commercial,"R 9,110,788.13",Limpopo,SIM-6001,,,,PolicyAdmin
STEND-00000094,STPOLICY00000845,RISK00000845,21/01/2023,Sum Insured Change,Commercial,"362.363,74",Gauteng,SIM-1002,,,,EndorsementPortal
STEND-00000095,STPOLICY00000851,RISK00000851,2024-08-25,Cover Adjustment,Motor,1008.93,Eastern Cape,SIM-4001,2016,SIM-REG-00000851,SIM-VIN-0000000851,AcquiredBook
STEND-00000096,STPOLICY00000855,RISK00000855,2023-09-28,Endorsement,Home Contents,"782.759,08",Western Cape,SIM-2002,,,,EndorsementPortal
STEND-00000097,STPOLICY00000868,RISK00000868,08/04/2023,Cover Adjustment,Household,"R 1,561,961.45",Gauteng,SIM-1001,,,,PolicyAdmin
STEND-00000098,STPOLICY00000879,RISK00000879,2023-08-12,Cover Adjustment,Motor,"984.005,07",Limpopo,SIM-6001,2020,SIM-REG-00000879,SIM-VIN-0000000879,EndorsementPortal
STEND-00000099,STPOLICY00000892,RISK00000892,18/01/2023,Address Move,Commercial,"12.922.048,11",Northern Cape,SIM-9001,,,,PolicyAdmin
STEND-00000100,STPOLICY00000893,RISK00000893,2023/10/03,Cover Adjustment,Commercial,"R 5,118,926.58",Limpopo,SIM-6001,,,,PolicyAdmin
STEND-00000101,STPOLICY00000921,RISK00000921,2023/04/10,Sum Insured Change,Commercial,17688380.00,Limpopo,SIM-6001,,,,EndorsementPortal
STEND-00000102,STPOLICY00000930,RISK00000930,2025-05-10,Address Move,Commercial,"2,071,956.06",KwaZulu-Natal,SIM-3101,,,,AcquiredBook
STEND-00000103,STPOLICY00000933,RISK00000933,2023-10-19,Vehicle Update,Household,"ZAR 1,065,038.36",North West,SIM-8001,,,,EndorsementPortal
STEND-00000104,STPOLICY00000935,RISK00000935,05/08/2025,Sum Insured Change,Motor,"ZAR 1,077.51",Gauteng,SIM-1003,2007,SIM-REG-00000935,SIM-VIN-0000000935,PolicyAdmin
STEND-00000105,STPOLICY00000946,RISK00000946,2023-09-11,Endorsement,Motor,"1.387.349,24",KwaZulu-Natal,SIM-3101,2014,SIM-REG-00000946,SIM-VIN-0000000946,EndorsementPortal
STEND-00000106,STPOLICY00000952,RISK00000952,2023/12/01,Sum Insured Change,Motor,"3,354,578.11",Western Cape,SIM-2001,1992,SIM-REG-00000952,SIM-VIN-0000000952,PolicyAdmin
STEND-00000107,STPOLICY00000952,RISK00000952,02-16-2024,Cover Adjustment,Motor,"ZAR 4,278,573.87",Western Cape,SIM-2001,1945,SIM-REG-00000952,SIM-VIN-0000000952,EndorsementPortal
STEND-00000108,STPOLICY00000958,RISK00000958,11/04/2023,Vehicle Update,Household,2243887.21,KwaZulu-Natal,SIM-3101,,,,AcquiredBook
STEND-00000109,STPOLICY00000960,RISK00000960,10-11-2022,Address Move,SME Commercial,1796652.02,Gauteng,SIM-1001,,,,AcquiredBook
STEND-00000110,STPOLICY00000966,RISK00000966,12/06/2023,Endorsement,Motor,"3.565.752,80",KwaZulu-Natal,SIM-3001,2003,SIM-REG-00000966,SIM-VIN-0000000966,EndorsementPortal
STEND-00000111,STPOLICY00000989,RISK00000989,06-07-2023,Cover Adjustment,Motor,"3.619.345,83",Mpumalanga,SIM-7001,2027,SIM-REG-00000989,SIM-VIN-0000000989,PolicyAdmin
STEND-00000112,STPOLICY00000991,RISK00000991,2023/01/04,Vehicle Update,Commercial,1436330.76,North West,SIM-8001,,,,PolicyAdmin
STEND-00000113,STPOLICY00000991,RISK00000991,03-08-2023,Endorsement,Commercial,"1,637,037.65",North West,SIM-8001,,,,PolicyAdmin
STEND-00000114,STPOLICY00000998,RISK00000998,2023/06/11,Sum Insured Change,Commercial,"261,413.57",KwaZulu-Natal,SIM-3101,,,,PolicyAdmin
STEND-00000115,STPOLICY00001004,RISK00001004,10/01/2023,Sum Insured Change,Motor,"ZAR 1,881,748.15",KwaZulu-Natal,SIM-3002,1999,SIM-REG-00001004,SIM-VIN-0000001004,AcquiredBook
STEND-00000116,STPOLICY00001017,RISK00001017,2022-02-09,Address Move,Motor,"ZAR 1,280,221.42",Western Cape,SIM-2001,2021,SIM-REG-00001017,SIM-VIN-0000001017,AcquiredBook
STEND-00000117,STPOLICY00001027,RISK00001027,2022/07/27,Endorsement,Commercial,"ZAR 8,199,378.25",North West,SIM-8001,,,,AcquiredBook
STEND-00000118,STPOLICY00001048,RISK00001048,11-30-2023,Vehicle Update,MOTOR,"R 2,369,074.14",Western Cape,SIM-2001,2013,SIM-REG-00001048,SIM-VIN-0000001048,EndorsementPortal
STEND-00000119,STPOLICY00001065,RISK00001065,2023-11-24,Sum Insured Change,Commercial,39742069.76,Northern Cape,SIM-9001,,,,EndorsementPortal
STEND-00000120,STPOLICY00001081,RISK00001081,11/03/2024,Address Move,Commercial,1148874.38,Free State,SIM-5001,,,,EndorsementPortal
STEND-00000121,STPOLICY00001109,RISK00001109,2022/11/05,Sum Insured Change,Commercial,3209554.72,North West,SIM-8001,,,,PolicyAdmin
STEND-00000122,STPOLICY00001112,RISK00001112,2022/12/06,Sum Insured Change,Commercial,3041046.20,Western Cape,SIM-2001,,,,EndorsementPortal
STEND-00000123,STPOLICY00001121,RISK00001121,05/01/2023,Endorsement,Household,"3.086.683,37",Limpopo,SIM-6001,,,,AcquiredBook
STEND-00000124,STPOLICY00001121,RISK00001121,2023-03-26,Address Move,Household,"3,387,200.55",Limpopo,SIM-6001,,,,EndorsementPortal
STEND-00000125,STPOLICY00001122,RISK00001122,05-06-2024,Sum Insured Change,Motor,"R 1,586,234.85",North West,SIM-8001,1998,SIM-REG-00001122,SIM-VIN-0000001122,EndorsementPortal
STEND-00000126,STPOLICY00001122,RISK00001122,2024/07/17,Sum Insured Change,Motor,1627222.79,North West,SIM-8001,1998,SIM-REG-00001122,SIM-VIN-0000001122,EndorsementPortal
STEND-00000127,STPOLICY00001130,RISK00001130,08-13-2022,Endorsement,Household,"ZAR 1,410,210.36",North West,SIM-8001,,,,AcquiredBook
STEND-00000128,STPOLICY00001141,RISK00001141,03/05/2021,Vehicle Update,Motor,1538589.53,North West,SIM-8001,1945,SIM-REG-00001141,SIM-VIN-0000001141,PolicyAdmin
STEND-00000129,STPOLICY00001143,RISK00001143,22/01/2024,Endorsement,Commercial,16933680.37,Northern Cape,SIM-9001,,,,AcquiredBook
STEND-00000130,STPOLICY00001153,RISK00001153,2023-11-08,Endorsement,Household,"ZAR 666,117.29",Northern Cape,SIM-9001,,,,PolicyAdmin
STEND-00000131,STPOLICY00001156,RISK00001156,28/01/2023,Vehicle Update,Motor,"2,975,501.72",KwaZulu-Natal,SIM-3002,1990,SIM-REG-00001156,SIM-VIN-0000001156,EndorsementPortal
STEND-00000132,STPOLICY00001167,RISK00001167,2022-11-11,Endorsement,Motor,"R 2,239,586.81",Mpumalanga,SIM-7001,1998,SIM-REG-00001167,SIM-VIN-0000001167,EndorsementPortal
STEND-00000133,STPOLICY00001176,RISK00001176,2025-04-26,Vehicle Update,Commercial,"13.783.175,37",KwaZulu-Natal,N/A,,,,PolicyAdmin
STEND-00000134,STPOLICY00001184,RISK00001184,2024/08/10,Address Move,Motor,"3,114,457.78",Northern Cape,,2018,SIM-REG-00001184,SIM-VIN-0000001184,PolicyAdmin
STEND-00000135,STPOLICY00001184,RISK00001184,2024-10-01,Sum Insured Change,Motor,3204498.23,Northern Cape,SIM-9001,2018,SIM-REG-00001184,SIM-VIN-0000001184,PolicyAdmin
STEND-00000136,STPOLICY00001198,RISK00001198,2023-03-16,Cover Adjustment,Commercial,4015101.32,Western Cape,SIM-2002,,,,PolicyAdmin
STEND-00000137,STPOLICY00001201,RISK00001201,2022-09-07,Endorsement,Household,"R 2,029,111.11",Northern Cape,SIM-9001,,,,EndorsementPortal
STEND-00000138,STPOLICY00001212,RISK00001212,not-a-date,Cover Adjustment,Motor,"ZAR 2,430,798.41",Western Cape,SIM-2001,2006,,SIM-VIN-0000001212,EndorsementPortal
STEND-00000139,STPOLICY00001216,RISK00001216,2022/03/29,Cover Adjustment,Motor,"2.579.561,83",Limpopo,SIM-6001,2002,SIM-REG-00001216,SIM-VIN-0000001216,EndorsementPortal
STEND-00000140,STPOLICY00001242,RISK00001242,14/04/2022,Address Move,Household,1157551.05,Free State,SIM-5001,,,,AcquiredBook
STEND-00000141,STPOLICY00001252,RISK00001252,2022/08/10,Vehicle Update,Motor,"R 2,084,052.46",Free State,SIM-5001,1994,SIM-REG-00001252,SIM-VIN-0000001252,AcquiredBook
STEND-00000142,STPOLICY00001255,RISK00001255,2024-09-05,Cover Adjustment,Commercial,"15,350,653.96",North West,SIM-8001,,,,AcquiredBook
STEND-00000143,STPOLICY00001261,RISK00001261,2023-09-02,Endorsement,Commercial,"22.613.907,96",Limpopo,SIM-6001,,,,AcquiredBook
STEND-00000144,STPOLICY00001264,RISK00001264,23/11/2021,Sum Insured Change,Motor,"ZAR 1,064,465.31",Limpopo,SIM-6001,2010,SIM-REG-00001264,SIM-VIN-0000001264,AcquiredBook
STEND-00000145,STPOLICY00001268,RISK00001268,2025/12/06,Address Move,Commercial,"R 3,641,452.78",Limpopo,SIM-6001,,,,AcquiredBook
STEND-00000146,STPOLICY00001270,RISK00001270,11-28-2022,Endorsement,Motor,"ZAR 4,972,863.88",Western Cape,SIM-2101,2024,SIM-REG-00001270,SIM-VIN-0000001270,AcquiredBook
STEND-00000147,MISSING-509592,RISK00001286,2025/06/16,Sum Insured Change,Motor,"R 2,666,950.23",Gauteng,SIM-1003,1994,SIM-REG-00001286,SIM-VIN-0000001286,PolicyAdmin
STEND-00000148,STPOLICY00001291,RISK00001291,08/09/2025,Sum Insured Change,Motor,"2.678.549,29",Northern Cape,SIM-9001,1999,SIM-REG-00001291,SIM-VIN-0000001291,EndorsementPortal
STEND-00000149,STPOLICY00001295,RISK00001295,15/01/2024,Vehicle Update,Motor,"R 1,661,724.66",Free State,SIM-5001,1992,SIM-REG-00001295,SIM-VIN-0000001295,EndorsementPortal
STEND-00000150,STPOLICY00001296,RISK00001296,08-07-2023,Cover Adjustment,Household,"1,090,642.20",Mpumalanga,SIM-7001,,,,PolicyAdmin
STEND-00000151,STPOLICY00001299,RISK00001299,03-15-2022,Address Move,Commercial,"R 333,931.65",Northern Cape,SIM-9001,,,,EndorsementPortal
STEND-00000152,STPOLICY00001309,RISK00001309,09/04/2023,Vehicle Update,Household,"2.358.279,96",Eastern Cape,SIM-4001,,,,AcquiredBook
STEND-00000153,STPOLICY00001317,RISK00001317,2024/03/15,Address Move,Motor,"1.692.020,02",Free State,SIM-5001,2005,SIM-REG-00001317,SIM-VIN-0000001317,AcquiredBook
STEND-00000154,STPOLICY00001318,RISK00001318,2023-04-13,Sum Insured Change,Household,"2,606,665.39",KwaZulu-Natal,SIM-3101,,,,PolicyAdmin
STEND-00000155,STPOLICY00001319,RISK00001319,05-30-2024,Endorsement,Commercial,1988892.35,Gauteng,SIM-1002,,,,EndorsementPortal
STEND-00000156,STPOLICY00001339,RISK00001339,2021/09/23,Vehicle Update,SME Commercial,"3.761.985,57",KwaZulu-Natal,SIM-3002,,,,AcquiredBook
STEND-00000157,STPOLICY00001341,RISK00001341,25/09/2022,Endorsement,Household,"136.917,12",Western Cape,SIM-2002,,,,PolicyAdmin
STEND-00000158,STPOLICY00001345,RISK00001345,13/03/2023,Vehicle Update,Household,"R 3,316,807.70",Gauteng,SIM-1001,,,,AcquiredBook
STEND-00000159,STPOLICY00001347,RISK00001347,2022/10/31,Vehicle Update,Commercial,not recorded,Gauteng,SIM-1002,,,,EndorsementPortal
STEND-00000160,STPOLICY00001356,RISK00001356,2022/06/17,Cover Adjustment,Household,"1,436,342.71",Western Cape,SIM-2001,,,,EndorsementPortal
STEND-00000161,STPOLICY00001369,RISK00001369,05/12/2022,Address Move,Household,"ZAR 3,210,263.98",Northern Cape,SIM-9001,,,,AcquiredBook
STEND-00000162,STPOLICY00001378,RISK00001378,2024/01/18,Cover Adjustment,Motor,988174.76,Limpopo,SIM-6001,2019,SIM-REG-00001378,SIM-VIN-0000001378,PolicyAdmin
STEND-00000163,STPOLICY00001387,RISK00001387,24/11/2023,Vehicle Update,Household,57829.90,Gauteng,SIM-1002,,,,EndorsementPortal
STEND-00000164,MISSING-114050,RISK00001387,22/02/2024,Vehicle Update,Household,"ZAR 61,565.58",Gauteng,SIM-1003,,,,AcquiredBook
STEND-00000165,STPOLICY00001392,RISK00001392,2023-10-20,Address Move,Household,"ZAR 3,047,525.92",KwaZulu-Natal,SIM-3001,,,,AcquiredBook
STEND-00000166,STPOLICY00001402,RISK00001402,27/04/2023,Sum Insured Change,Motor,"3.087.810,34",Free State,SIM-5001,2013,SIM-REG-00001402,SIM-VIN-0000001402,PolicyAdmin
STEND-00000167,STPOLICY00001404,RISK00001404,2023/02/24,Vehicle Update,Household,"1.323.518,76",Limpopo,SIM-6001,,,,EndorsementPortal
STEND-00000168,STPOLICY00001411,RISK00001411,04/07/2023,Cover Adjustment,Household,"ZAR 780,116.67",Northern Cape,SIM-9001,,,,PolicyAdmin
STEND-00000169,STPOLICY00001416,RISK00001416,15/03/2024,Cover Adjustment,Commercial,24776770.10,North West,SIM-8001,,,,EndorsementPortal
STEND-00000170,STPOLICY00001435,RISK00001435,02-22-2023,Endorsement,Motor,"R 2,036,941.40",Eastern Cape,SIM-4001,2014,SIM-REG-00001435,SIM-VIN-0000001435,PolicyAdmin
STEND-00000171,STPOLICY00001436,RISK00001436,04-05-2024,Sum Insured Change,Household,"1,954,391.60",Free State,SIM-5001,,,,AcquiredBook
STEND-00000172,STPOLICY00001437,RISK00001437,06/04/2022,Cover Adjustment,Motor,"473,724.51",Free State,SIM-5001,1992,SIM-REG-00001437,SIM-VIN-0000001437,AcquiredBook
STEND-00000173,STPOLICY00001439,RISK00001439,2023-05-24,Sum Insured Change,Motor,"R 3,206,526.56",Mpumalanga,SIM-7001,2020,SIM-REG-00001439,SIM-VIN-0000001439,PolicyAdmin
STEND-00000174,STPOLICY00001440,RISK00001440,12/09/2023,Cover Adjustment,Household,"216.346,46",Western Cape,SIM-2001,,,,PolicyAdmin
STEND-00000175,STPOLICY00001447,RISK00001447,05/10/2022,Cover Adjustment,Household,"2.018.547,37",Gauteng,SIM-1001,,,,AcquiredBook
STEND-00000176,STPOLICY00001479,RISK00001479,25/05/2022,Endorsement,Household,"R 2,190,198.40",Western Cape,SIM-2001,,,,PolicyAdmin
STEND-00000177,STPOLICY00001488,RISK00001488,05/04/2024,Vehicle Update,Motor,"2.984.085,19",Free State,SIM-5001,2002,SIM-REG-00001488,SIM-VIN-0000001488,AcquiredBook
STEND-00000178,STPOLICY00001489,RISK00001489,08-17-2023,Vehicle Update,Household,"793.312,67",KwaZulu-Natal,SIM-3002,,,,AcquiredBook
STEND-00000179,STPOLICY00001498,RISK00001498,2022-10-31,Sum Insured Change,Household,"109,907.44",Northern Cape,SIM-9001,,,,EndorsementPortal
STEND-00000180,STPOLICY00001499,RISK00001499,07-24-2021,Endorsement,Commercial,"ZAR 634,962.77",Limpopo,SIM-6001,,,,PolicyAdmin
STEND-00000181,STPOLICY00001501,RISK00001501,2023/05/27,Endorsement,Commercial,"ZAR 16,431,987.90",Northern Cape,SIM-9001,,,,PolicyAdmin
STEND-00000182,STPOLICY00001505,RISK00001505,04/07/2023,Cover Adjustment,Motor,"1,849,320.97",Western Cape,SIM-2002,1997,SIM-REG-00001505,SIM-VIN-0000001505,PolicyAdmin
STEND-00000183,STPOLICY00001509,RISK00001509,2023/06/05,Sum Insured Change,Motor,"R 3,663,737.98",Eastern Cape,N/A,2004,SIM-REG-00001509,SIM-VIN-0000001509,AcquiredBook
STEND-00000184,STPOLICY00001522,RISK00001522,01-31-2025,Address Move,Motor,"3,138,208.32",Mpumalanga,SIM-7001,2003,SIM-REG-00001522,SIM-VIN-0000001522,EndorsementPortal
STEND-00000185,STPOLICY00001523,RISK00001523,12/06/2023,Address Move,Commercial,"R 3,695,574.42",KwaZulu-Natal,SIM-3001,,,,AcquiredBook
STEND-00000186,MISSING-743736,RISK00001545,17/05/2022,Cover Adjustment,Commercial,"1.053.214,39",Northern Cape,SIM-9001,,,,AcquiredBook
STEND-00000187,STPOLICY00001577,RISK00001577,2022/09/05,Endorsement,Motor,1961325.14,North West,SIM-8001,1996,SIM-REG-00001577,SIM-VIN-0000001577,AcquiredBook
STEND-00000188,STPOLICY00001578,RISK00001578,2025/04/11,Address Move,Household,"R 2,571,707.81",Northern Cape,SIM-9001,,,,PolicyAdmin
STEND-00000189,STPOLICY00001580,RISK00001580,04-14-2022,Address Move,Commercial,N/A,Free State,SIM-5001,,,,EndorsementPortal
STEND-00000190,STPOLICY00001602,RISK00001602,06-27-2024,Address Move,Household,"2,140,179.33",Northern Cape,SIM-9001,,,,PolicyAdmin
STEND-00000191,STPOLICY00001611,RISK00001611,12-25-2022,Endorsement,Motor,2706542.38,Limpopo,SIM-6001,2028,SIM-REG-00001611,SIM-VIN-0000001611,AcquiredBook
STEND-00000192,STPOLICY00001617,RISK00001617,07-25-2022,Vehicle Update,Household,"1.927.313,63",North West,SIM-8001,,,,EndorsementPortal
STEND-00000193,STPOLICY00001625,RISK00001625,2023/01/07,Cover Adjustment,Household,"ZAR 2,404,788.10",Northern Cape,SIM-9001,,,,AcquiredBook
STEND-00000194,STPOLICY00001628,RISK00001628,2022/12/14,Endorsement,Commercial,"R 5,354,155.50",Gauteng,SIM-1003,,,,EndorsementPortal
STEND-00000195,STPOLICY00001638,RISK00001638,20/06/2023,Sum Insured Change,Motor,"ZAR 1,599,964.90",Limpopo,SIM-6001,2015,SIM-REG-00001638,SIM-VIN-0000001638,EndorsementPortal
STEND-00000196,STPOLICY00001641,RISK00001641,2023/12/25,Endorsement,Commercial,"703.271,14",Gauteng,SIM-1003,,,,PolicyAdmin
STEND-00000197,MISSING-228204,RISK00001647,06-14-2023,Sum Insured Change,Commercial,"R 171,949.94",Northern Cape,SIM-9001,,,,AcquiredBook
STEND-00000198,STPOLICY00001658,RISK00001658,2022-06-16,Endorsement,Commercial,126428.32,Western Cape,SIM-2001,,,,AcquiredBook
STEND-00000199,STPOLICY00001659,RISK00001659,27/09/2023,Endorsement,Household,"1,685,989.73",KwaZulu-Natal,SIM-3101,,,,AcquiredBook
STEND-00000200,STPOLICY00001662,RISK00001662,01-27-2024,Address Move,Household,1848345.07,Free State,SIM-5001,,,,AcquiredBook
STEND-00000201,STPOLICY00001664,RISK00001664,2023/09/26,Vehicle Update,Motor,"2,210,035.88",Mpumalanga,SIM-7001,2019,SIM-REG-00001664,SIM-VIN-0000001664,EndorsementPortal
STEND-00000202,STPOLICY00001682,RISK00001682,2022-01-31,Vehicle Update,Household,"ZAR 2,291,784.24",KwaZulu-Natal,SIM-3101,,,,EndorsementPortal
STEND-00000203,STPOLICY00001691,RISK00001691,01/10/2023,Address Move,MOTOR,"4.335.371,00",KwaZulu-Natal,SIM-3001,2006,SIM-REG-00001691,SIM-VIN-0000001691,PolicyAdmin
STEND-00000204,STPOLICY00001699,RISK00001699,05-22-2023,Address Move,Household,"1.497.931,15",North West,SIM-8001,,,,PolicyAdmin
STEND-00000205,STPOLICY00001707,RISK00001707,2023-07-31,Cover Adjustment,Motor,"955,546.77",KwaZulu-Natal,SIM-3002,2022,SIM-REG-00001707,SIM-VIN-0000001707,AcquiredBook
STEND-00000206,STPOLICY00001726,RISK00001726,2024-07-25,Address Move,Home Contents,"1,201,779.41",Gauteng,SIM-1002,,,,EndorsementPortal
STEND-00000207,STPOLICY00001729,RISK00001729,2026/01/03,Sum Insured Change,Commercial,"1,825,766.05",Gauteng,SIM-1002,,,,EndorsementPortal
STEND-00000208,STPOLICY00001749,RISK00001749,08-05-2023,Sum Insured Change,Motor,"1.160.985,04",Western Cape,SIM-2002,2021,SIM-REG-00001749,SIM-VIN-0000001749,PolicyAdmin
STEND-00000209,STPOLICY00001751,RISK00001751,18/08/2023,Cover Adjustment,Household,"1,420,033.86",Western Cape,SIM-2002,,,,EndorsementPortal
STEND-00000210,STPOLICY00001753,RISK00001753,19/04/2022,Sum Insured Change,Commercial,25772139.10,Mpumalanga,SIM-7001,,,,AcquiredBook
STEND-00000211,STPOLICY00001761,RISK00001761,02/08/2022,Address Move,Household,"R 5,060,516.21",Gauteng,SIM-1003,,,,EndorsementPortal
STEND-00000212,STPOLICY00001769,RISK00001769,11-02-2022,Sum Insured Change,Commercial,"2,124,569.54",Mpumalanga,SIM-7001,,,,AcquiredBook
STEND-00000213,STPOLICY00001772,RISK00001772,07-06-2024,Vehicle Update,Motor,"1,890,354.57",Gauteng,SIM-1003,1995,SIM-REG-00001772,SIM-VIN-0000001772,PolicyAdmin
STEND-00000214,STPOLICY00001772,RISK00001772,2024/10/01,Endorsement,Motor,"ZAR 1,913,575.81",Gauteng,SIM-1002,1995,SIM-REG-00001772,SIM-VIN-0000001772,PolicyAdmin
STEND-00000215,STPOLICY00001773,RISK00001773,01-03-2022,Sum Insured Change,Motor,"1,385,934.56",Limpopo,SIM-6001,2013,SIM-REG-00001773,SIM-VIN-0000001773,AcquiredBook
STEND-00000216,STPOLICY00001780,RISK00001780,12-27-2023,Endorsement,Motor,759568.28,Free State,SIM-5001,2005,SIM-REG-00001780,SIM-VIN-0000001780,AcquiredBook
STEND-00000217,STPOLICY00001780,RISK00001780,2024-03-09,Address Move,Motor,"R 751,049.09",Free State,N/A,2005,SIM-REG-00001780,SIM-VIN-0000001780,AcquiredBook
STEND-00000218,STPOLICY00001794,RISK00001794,29/12/2023,Endorsement,Motor,"1.167.654,63",Northern Cape,SIM-9001,2019,,SIM-VIN-0000001794,PolicyAdmin
STEND-00000219,STPOLICY00001807,RISK00001807,2022-07-23,Vehicle Update,Household,"ZAR 1,366,849.24",KwaZulu-Natal,SIM-3002,,,,EndorsementPortal
STEND-00000220,STPOLICY00001808,RISK00001808,2023/08/15,Address Move,Motor,"R 2,829,375.65",Eastern Cape,SIM-4001,2015,SIM-REG-00001808,SIM-VIN-0000001808,AcquiredBook
STEND-00000221,STPOLICY00001823,RISK00001823,2022/09/09,Vehicle Update,Commercial,2274487.94,North West,SIM-8001,,,,PolicyAdmin
STEND-00000222,STPOLICY00001823,RISK00001823,2022-12-08,Vehicle Update,Commercial,"2.589.858,42",North West,SIM-8001,,,,PolicyAdmin
STEND-00000223,STPOLICY00001833,RISK00001833,02-03-2024,Sum Insured Change,Commercial,"2,727,684.06",Northern Cape,SIM-9001,,,,AcquiredBook
STEND-00000224,STPOLICY00001838,RISK00001838,04/04/2023,Address Move,Motor,4652174.09,North West,SIM-8001,2018,SIM-REG-00001838,SIM-VIN-0000001838,AcquiredBook
STEND-00000225,STPOLICY00001858,RISK00001858,2023-04-30,Vehicle Update,Household,"R 1,936,904.52",Western Cape,SIM-2101,,,,PolicyAdmin
STEND-00000226,STPOLICY00001864,RISK00001864,2022-06-10,Endorsement,Household,"ZAR 1,852,903.79",Eastern Cape,SIM-4001,,,,PolicyAdmin
STEND-00000227,STPOLICY00001870,RISK00001870,08/02/2024,Address Move,Motor,"R 2,869,565.23",North West,SIM-8001,2016,SIM-REG-00001870,SIM-VIN-0000001870,EndorsementPortal
STEND-00000228,STPOLICY00001874,RISK00001874,2023/08/30,Endorsement,Motor,"R 840,020.16",Eastern Cape,SIM-4001,2000,SIM-REG-00001874,SIM-VIN-0000001874,PolicyAdmin
STEND-00000229,STPOLICY00001887,RISK00001887,2024/10/23,Vehicle Update,Commercial,"1,203,727.61",KwaZulu-Natal,SIM-3002,,,,AcquiredBook
STEND-00000230,STPOLICY00001890,RISK00001890,2023-04-17,Address Move,Commercial,5609926.55,Limpopo,SIM-6001,,,,AcquiredBook
STEND-00000231,STPOLICY00001897,RISK00001897,16/07/2022,Vehicle Update,Commercial,"ZAR 603,617.16",NULL,SIM-9001,,,,EndorsementPortal
STEND-00000232,STPOLICY00001912,RISK00001912,2024-02-20,Cover Adjustment,Motor,"ZAR 989,417.31",Northern Cape,SIM-9001,2004,SIM-REG-00001912,SIM-VIN-0000001912,AcquiredBook
STEND-00000233,STPOLICY00001913,RISK00001913,2021/04/25,Address Move,Household,1864953.30,Gauteng,SIM-1002,,,,PolicyAdmin
STEND-00000234,STPOLICY00001913,RISK00001913,2022-05-28,Endorsement,Household,"ZAR 1,681,600.69",Gauteng,SIM-1002,,,,AcquiredBook
STEND-00000235,STPOLICY00001922,RISK00001922,2022-06-03,Address Move,Commercial,"R 15,204,807.31",Gauteng,SIM-1003,,,,EndorsementPortal
STEND-00000236,STPOLICY00001931,RISK00001931,2023/06/09,Endorsement,Motor,"438,226.54",Gauteng,SIM-1001,1997,SIM-REG-00001931,SIM-VIN-0000001931,AcquiredBook
STEND-00000237,STPOLICY00001942,RISK00001942,19/08/2023,Endorsement,Commercial,"R 18,642,568.00",North West,SIM-8001,,,,PolicyAdmin
STEND-00000238,STPOLICY00001952,RISK00001952,09-19-2023,Address Move,Commercial,780785.43,Eastern Cape,SIM-4001,,,,EndorsementPortal
STEND-00000239,STPOLICY00001958,RISK00001958,2021-06-08,Vehicle Update,Motor,"104.163,88",North West,SIM-8001,2010,SIM-REG-00001958,SIM-VIN-0000001958,AcquiredBook
STEND-00000240,STPOLICY00001970,RISK00001970,10/02/2024,Address Move,Motor,3951204.81,Free State,SIM-5001,2013,SIM-REG-00001970,SIM-VIN-0000001970,EndorsementPortal
STEND-00000241,STPOLICY00001972,RISK00001972,2023/04/03,Address Move,Household,"2.932.760,46",Limpopo,SIM-6001,,,,EndorsementPortal
STEND-00000242,STPOLICY00001983,RISK00001983,10/07/2023,Sum Insured Change,Motor,"R 692,623.12",Mpumalanga,SIM-7001,2000,SIM-REG-00001983,SIM-VIN-0000001983,EndorsementPortal
STEND-00000243,STPOLICY00001997,RISK00001997,2023/11/09,Endorsement,Motor,"R 4,382,823.09",Eastern Cape,SIM-4001,0,SIM-REG-00001997,SIM-VIN-0000001997,AcquiredBook
STEND-00000244,STPOLICY00002001,RISK00002001,03/12/2022,Cover Adjustment,Household,155493.52,Gauteng,SIM-1002,,,,PolicyAdmin
STEND-00000245,STPOLICY00002040,RISK00002040,03-31-2024,Cover Adjustment,Household,1113208.73,KwaZulu-Natal,SIM-3001,,,,EndorsementPortal
STEND-00000246,STPOLICY00002048,RISK00002048,12-11-2023,Sum Insured Change,Motor,"1,162,350.03",Northern Cape,SIM-9001,2021,SIM-REG-00002048,SIM-VIN-0000002048,EndorsementPortal
STEND-00000247,STPOLICY00002058,RISK00002058,08-05-2022,Cover Adjustment,Commercial,"ZAR 2,351,347.51",Northern Cape,SIM-9001,,,,EndorsementPortal
STEND-00000248,STPOLICY00002064,RISK00002064,2022/09/23,Sum Insured Change,Household,"1.071,23",Western Cape,,,,,EndorsementPortal
STEND-00000249,STPOLICY00002100,RISK00002100,06-19-2022,Vehicle Update,Motor,1541594.34,Eastern Cape,SIM-4001,2028,SIM-REG-00002100,SIM-VIN-0000002100,PolicyAdmin
STEND-00000250,STPOLICY00002100,RISK00002100,07-29-2022,Cover Adjustment,Motor,"1,900,536.82",Eastern Cape,SIM-4001,1997,SIM-REG-00002100,SIM-VIN-0000002100,PolicyAdmin
STEND-00000251,STPOLICY00002101,RISK00002101,14/12/2023,Vehicle Update,Motor,"R 4,328,351.48",North West,SIM-8001,2011,SIM-REG-00002101,SIM-VIN-0000002101,EndorsementPortal
STEND-00000252,STPOLICY00002102,RISK00002102,2023-12-07,Cover Adjustment,Household,1015052.38,North West,SIM-8001,,,,AcquiredBook
STEND-00000253,STPOLICY00002103,RISK00002103,09-13-2022,Vehicle Update,Household,"734,840.07",KwaZulu-Natal,SIM-3001,,,,EndorsementPortal
STEND-00000254,STPOLICY00002106,RISK00002106,05/09/2024,Cover Adjustment,Commercial,"R 32,686,280.74",North West,SIM-8001,,,,PolicyAdmin
STEND-00000255,STPOLICY00002110,RISK00002110,2023/09/06,Vehicle Update,Household,"2,433,421.82",KwaZulu-Natal,SIM-3101,,,,AcquiredBook
STEND-00000256,STPOLICY00002122,RISK00002122,2023-11-06,Sum Insured Change,Household,"3.808.652,37",Mpumalanga,SIM-7001,,,,EndorsementPortal
STEND-00000257,STPOLICY00002138,RISK00002138,06-16-2023,Vehicle Update,Commercial,"1,407,008.07",Limpopo,SIM-6001,,,,EndorsementPortal
STEND-00000258,STPOLICY00002144,RISK00002144,29/11/2022,Vehicle Update,Household,"905,127.94",Limpopo,SIM-6001,,,,PolicyAdmin
STEND-00000259,STPOLICY00002145,RISK00002145,07/02/2023,Vehicle Update,Commercial,"3.056.616,09",Free State,SIM-5001,,,,EndorsementPortal
STEND-00000260,STPOLICY00002145,RISK00002145,18/04/2023,Endorsement,Commercial,"2,280,385.76",Free State,SIM-5001,,,,EndorsementPortal
STEND-00000261,STPOLICY00002146,RISK00002146,13/12/2023,Sum Insured Change,Motor,ZAR 706.51,Western Cape,SIM-2002,2000,SIM-REG-00002146,SIM-VIN-0000002146,PolicyAdmin
STEND-00000262,STPOLICY00002159,RISK00002159,12-29-2022,Endorsement,Motor,"ZAR 3,869,406.85",Northern Cape,SIM-9001,2018,SIM-REG-00002159,SIM-VIN-0000002159,PolicyAdmin
STEND-00000263,STPOLICY00002180,RISK00002180,03-25-2023,Endorsement,Household,"1,163,057.99",North West,SIM-8001,,,,AcquiredBook
STEND-00000264,STPOLICY00002186,RISK00002186,2025/07/23,Cover Adjustment,Household,"3.072.495,16",Gauteng,SIM-1002,,,,AcquiredBook
STEND-00000265,STPOLICY00002204,RISK00002204,2023/10/12,Endorsement,Household,"R 2,143,539.99",Free State,SIM-5001,,,,PolicyAdmin
STEND-00000266,STPOLICY00002207,RISK00002207,2022/12/09,Vehicle Update,Household,"456.239,20",KwaZulu-Natal,SIM-3101,,,,PolicyAdmin
STEND-00000267,STPOLICY00002210,RISK00002210,14/05/2024,Address Move,Household,"R 973,603.88",Eastern Cape,SIM-4001,,,,PolicyAdmin
STEND-00000268,STPOLICY00002210,RISK00002210,2024/08/06,Sum Insured Change,Household,"1,014,752.14",Eastern Cape,SIM-4001,,,,PolicyAdmin
STEND-00000269,STPOLICY00002212,RISK00002212,05-31-2021,Cover Adjustment,Motor,"2,171,748.34",Eastern Cape,,2017,SIM-REG-00002212,SIM-VIN-0000002212,EndorsementPortal
STEND-00000270,STPOLICY00002213,RISK00002213,2022/07/05,Address Move,Commercial,"ZAR 14,264,886.64",Gauteng,SIM-1001,,,,PolicyAdmin
STEND-00000271,STPOLICY00002221,RISK00002221,2022/10/31,Cover Adjustment,Commercial,"ZAR 2,493,803.11",Western Cape,SIM-2101,,,,PolicyAdmin
STEND-00000272,STPOLICY00002224,RISK00002224,2022/08/29,Address Move,Commercial,"650.446,61",Western Cape,SIM-2002,,,,PolicyAdmin
STEND-00000273,STPOLICY00002239,RISK00002239,2023/02/04,Sum Insured Change,Household,"3,143,153.12",North West,SIM-8001,,,,PolicyAdmin
STEND-00000274,STPOLICY00002241,RISK00002241,2023-03-31,Address Move,Motor,"ZAR 3,265,294.90",Eastern Cape,SIM-4001,1999,SIM-REG-00002241,SIM-VIN-0000002241,EndorsementPortal
STEND-00000275,STPOLICY00002242,RISK00002242,2023/10/17,Cover Adjustment,Household,"3.091.122,89",Limpopo,SIM-6001,,,,PolicyAdmin
STEND-00000276,STPOLICY00002252,RISK00002252,2024-06-15,Vehicle Update,Household,"ZAR 2,851,974.41",Mpumalanga,SIM-7001,,,,AcquiredBook
STEND-00000277,STPOLICY00002259,RISK00002259,09-08-2022,Vehicle Update,Motor,"R 290,454.00",Free State,SIM-5001,2009,SIM-REG-00002259,SIM-VIN-0000002259,AcquiredBook
STEND-00000278,STPOLICY00002261,RISK00002261,2024-04-16,Cover Adjustment,SME Commercial,4006379.16,Limpopo,SIM-6001,,,,PolicyAdmin
STEND-00000279,STPOLICY00002281,RISK00002281,02-19-2023,Address Move,Household,"R 2,778,895.30",Northern Cape,SIM-9001,,,,EndorsementPortal
STEND-00000280,STPOLICY00002290,RISK00002290,06-26-2024,Sum Insured Change,Motor,4342386.57,Limpopo,SIM-6001,1999,SIM-REG-00002290,SIM-VIN-0000002290,AcquiredBook
STEND-00000281,STPOLICY00002296,RISK00002296,2022-09-04,Vehicle Update,Household,597024.79,KwaZulu-Natal,SIM-3101,,,,EndorsementPortal
STEND-00000282,STPOLICY00002308,RISK00002308,2023/10/05,Vehicle Update,Motor,"2.970.847,98",Free State,N/A,2010,SIM-REG-00002308,SIM-VIN-0000002308,EndorsementPortal
STEND-00000283,STPOLICY00002320,RISK00002320,05-17-2025,Vehicle Update,Household,"R 2,827,088.27",Mpumalanga,SIM-7001,,,,EndorsementPortal
STEND-00000284,STPOLICY00002336,RISK00002336,2024-02-13,Cover Adjustment,Household,"1,986,984.47",Limpopo,SIM-6001,,,,PolicyAdmin
STEND-00000285,STPOLICY00002344,RISK00002344,2023-07-04,Address Move,Household,"1,500,432.93",Eastern Cape,SIM-4001,,,,AcquiredBook
STEND-00000286,STPOLICY00002347,RISK00002347,04-22-2022,Cover Adjustment,Motor,"2,558,927.13",Northern Cape,SIM-9001,2011,SIM-REG-00002347,SIM-VIN-0000002347,EndorsementPortal
STEND-00000287,STPOLICY00002354,RISK00002354,2023/01/13,Vehicle Update,Commercial,"26.661.061,34",Mpumalanga,SIM-7001,,,,AcquiredBook
STEND-00000288,STPOLICY00002362,RISK00002362,31/31/2024,Sum Insured Change,SME Commercial,"3.742.671,39",Western Cape,SIM-2101,,,,EndorsementPortal
STEND-00000289,STPOLICY00002378,RISK00002378,27/10/2023,Endorsement,Commercial,"965,439.64",Eastern Cape,SIM-4001,,,,PolicyAdmin
STEND-00000290,STPOLICY00002378,RISK00002378,12-10-2023,Sum Insured Change,Commercial,"1.284.212,58",Eastern Cape,SIM-4001,,,,PolicyAdmin
STEND-00000291,STPOLICY00002406,RISK00002406,2023/09/01,Cover Adjustment,Household,"3.379.103,88",Mpumalanga,SIM-7001,,,,EndorsementPortal
STEND-00000292,STPOLICY00002407,RISK00002407,05-26-2025,Address Move,Household,"678,488.66",Gauteng,SIM-1001,,,,AcquiredBook
STEND-00000293,STPOLICY00002408,RISK00002408,2024-02-20,Address Move,Household,"1.630.574,77",Mpumalanga,SIM-7001,,,,PolicyAdmin
STEND-00000294,STPOLICY00002423,RISK00002423,2023-12-29,Sum Insured Change,Motor,"ZAR 415,894.85",Northern Cape,SIM-9001,2008,SIM-REG-00002423,SIM-VIN-0000002423,AcquiredBook
STEND-00000295,STPOLICY00002437,RISK00002437,2022-09-11,Sum Insured Change,Commercial,"R 9,506,387.99",Limpopo,SIM-6001,,,,AcquiredBook
STEND-00000296,STPOLICY00002456,RISK00002456,11/04/2024,Address Move,Home Contents,"3,693,746.64",KwaZulu-Natal,,,,,PolicyAdmin
STEND-00000297,STPOLICY00002464,RISK00002464,2023-06-02,Sum Insured Change,Commercial,"ZAR 27,300,155.53",KwaZulu-Natal,SIM-3101,,,,AcquiredBook
STEND-00000298,STPOLICY00002468,RISK00002468,2022-01-06,Cover Adjustment,Household,"458,715.45",KwaZulu-Natal,SIM-3101,,,,AcquiredBook
STEND-00000299,STPOLICY00002474,RISK00002474,2023-08-25,Vehicle Update,Motor,3702444.97,Eastern Cape,SIM-4001,2025,SIM-REG-00002474,SIM-VIN-0000002474,AcquiredBook
STEND-00000300,STPOLICY00002474,RISK00002474,2023/10/20,Sum Insured Change,Motor,"R 3,147,290.35",Eastern Cape,SIM-4001,2025,SIM-REG-00002474,SIM-VIN-0000002474,EndorsementPortal
STEND-00000301,STPOLICY00002483,RISK00002483,01/03/2023,Address Move,Commercial,33534371.52,Gauteng,SIM-1001,,,,AcquiredBook
STEND-00000302,STPOLICY00002486,RISK00002486,08/04/2024,Sum Insured Change,Motor,"1.232.916,40",Limpopo,SIM-6001,2010,SIM-REG-00002486,SIM-VIN-0000002486,EndorsementPortal
STEND-00000303,STPOLICY00002517,RISK00002517,15/01/2022,Vehicle Update,Commercial,"21,621,805.68",Eastern Cape,SIM-4001,,,,EndorsementPortal
STEND-00000304,STPOLICY00002527,RISK00002527,02-19-2026,Vehicle Update,Commercial,"19,482,153.43",Mpumalanga,SIM-7001,,,,AcquiredBook
STEND-00000305,STPOLICY00002527,RISK00002527,2026-04-02,Vehicle Update,Commercial,"23,334,237.17",Mpumalanga,SIM-7001,,,,EndorsementPortal
STEND-00000306,STPOLICY00002533,RISK00002533,08-17-2026,Sum Insured Change,Commercial,23094863.40,KwaZulu-Natal,SIM-3002,,,,AcquiredBook
STEND-00000307,STPOLICY00002533,RISK00002533,2026-09-16,Cover Adjustment,Commercial,"17.157.117,70",KwaZulu-Natal,SIM-3001,,,,AcquiredBook
STEND-00000308,STPOLICY00002537,RISK00002537,2026/02/07,Address Move,Motor,"R 1,278,232.74",Eastern Cape,SIM-4001,1998,SIM-REG-00002537,SIM-VIN-0000002537,PolicyAdmin
STEND-00000309,STPOLICY00002539,RISK00002539,2024-01-29,Sum Insured Change,Motor,"ZAR 1,699,177.58",Northern Cape,SIM-9001,1995,SIM-REG-00002539,SIM-VIN-0000002539,PolicyAdmin
STEND-00000310,STPOLICY00002540,RISK00002540,03-11-2025,Endorsement,Household,"ZAR 1,073,176.32",Gauteng,SIM-1002,,,,EndorsementPortal
STEND-00000311,STPOLICY00002544,RISK00002544,2024-09-13,Cover Adjustment,Commercial,9658369.25,Western Cape,SIM-2001,,,,AcquiredBook
STEND-00000312,MISSING-129173,RISK00002562,2023/04/01,Sum Insured Change,Commercial,"322,500.93",Western Cape,SIM-2101,,,,PolicyAdmin
STEND-00000313,STPOLICY00002566,RISK00002566,2024/07/19,Cover Adjustment,Motor,"2,586,608.62",KwaZulu-Natal,SIM-3101,2009,SIM-REG-00002566,SIM-VIN-0000002566,EndorsementPortal
STEND-00000314,STPOLICY00002576,RISK00002576,22/06/2023,Address Move,Motor,2127372.98,North West,SIM-8001,2022,SIM-REG-00002576,SIM-VIN-0000002576,EndorsementPortal
STEND-00000315,STPOLICY00002590,RISK00002590,02-11-2024,Cover Adjustment,Motor,ZAR 128.78,KwaZulu-Natal,SIM-3002,1995,SIM-REG-00002590,SIM-VIN-0000002590,AcquiredBook
STEND-00000316,STPOLICY00002595,RISK00002595,2023/07/20,Endorsement,Household,"ZAR 1,275,908.72",Western Cape,SIM-2001,,,,PolicyAdmin
STEND-00000317,STPOLICY00002615,RISK00002615,2022-10-12,Address Move,Commercial,"1.794.107,22",KwaZulu-Natal,SIM-3002,,,,EndorsementPortal
STEND-00000318,STPOLICY00002636,RISK00002636,2023-10-29,Sum Insured Change,Motor,"R 2,608,630.94",Gauteng,SIM-1003,2024,SIM-REG-00002636,SIM-VIN-0000002636,EndorsementPortal
STEND-00000319,STPOLICY00002641,RISK00002641,2023/04/21,Address Move,Household,ZAR 782.81,Mpumalanga,SIM-7001,,,,EndorsementPortal
STEND-00000320,STPOLICY00002647,RISK00002647,2023-08-15,Vehicle Update,Commercial,"1.150.970,16",Eastern Cape,SIM-4001,,,,PolicyAdmin
STEND-00000321,STPOLICY00002657,RISK00002657,2022-06-04,Vehicle Update,Motor,730560.33,Gauteng,SIM-1003,1997,SIM-REG-00002657,SIM-VIN-0000002657,AcquiredBook
STEND-00000322,STPOLICY00002659,RISK00002659,2024/09/29,Sum Insured Change,Motor,"1.139,56",Gauteng,SIM-1001,2001,SIM-REG-00002659,SIM-VIN-0000002659,EndorsementPortal
STEND-00000323,STPOLICY00002687,RISK00002687,2024/04/28,Cover Adjustment,Household,"R 603,666.28",Northern Cape,SIM-9001,,,,EndorsementPortal
STEND-00000324,STPOLICY00002693,RISK00002693,30/10/2025,Sum Insured Change,Commercial,3077701.62,Free State,SIM-5001,,,,AcquiredBook
STEND-00000325,STPOLICY00002694,RISK00002694,2024-03-23,Endorsement,Household,"R 3,837,252.54",Free State,SIM-5001,,,,PolicyAdmin
STEND-00000326,STPOLICY00002694,RISK00002694,10-19-2023,Sum Insured Change,Household,4549815.87,Free State,SIM-5001,,,,AcquiredBook
STEND-00000327,STPOLICY00002696,RISK00002696,2025/09/12,Sum Insured Change,Household,"R 2,302,723.38",KwaZulu-Natal,SIM-3001,,,,AcquiredBook
STEND-00000328,STPOLICY00002701,RISK00002701,2024-04-19,Vehicle Update,Motor,"R 450,424.63",Western Cape,SIM-2001,1990,SIM-REG-00002701,SIM-VIN-0000002701,EndorsementPortal
STEND-00000329,STPOLICY00002704,RISK00002704,2025/01/18,Endorsement,Commercial,"25,145,115.46",KwaZulu-Natal,SIM-3101,,,,AcquiredBook
STEND-00000330,STPOLICY00002721,RISK00002721,11-13-2023,Endorsement,Motor,"R 828,282.32",Limpopo,SIM-6001,1994,SIM-REG-00002721,SIM-VIN-0000002721,AcquiredBook
STEND-00000331,STPOLICY00002732,RISK00002732,25/04/2024,Sum Insured Change,Household,"R 4,105,418.61",NULL,SIM-8001,,,,EndorsementPortal
STEND-00000332,STPOLICY00002734,RISK00002734,31/31/2024,Cover Adjustment,Commercial,"R 1,173,458.61",Northern Cape,SIM-9001,,,,AcquiredBook
STEND-00000333,STPOLICY00002737,RISK00002737,2023/11/22,Endorsement,Motor,ZAR 15.60,Northern Cape,SIM-9001,2017,SIM-REG-00002737,SIM-VIN-0000002737,EndorsementPortal
STEND-00000334,STPOLICY00002744,RISK00002744,31/12/2022,Cover Adjustment,Commercial,"R 30,394,355.78",Limpopo,SIM-6001,,,,AcquiredBook
STEND-00000335,STPOLICY00002750,RISK00002750,not-a-date,Sum Insured Change,Commercial,"18,811,673.45",North West,SIM-8001,,,,PolicyAdmin
STEND-00000336,STPOLICY00002770,RISK00002770,2022/08/31,Vehicle Update,Commercial,"2,962,666.43",Western Cape,SIM-2101,,,,PolicyAdmin
STEND-00000337,STPOLICY00002778,RISK00002778,2023/05/13,Cover Adjustment,Household,1306012.18,Western Cape,SIM-2101,,,,AcquiredBook
STEND-00000338,STPOLICY00002782,RISK00002782,2024-09-27,Cover Adjustment,Commercial,2161270.61,Northern Cape,SIM-9001,,,,AcquiredBook
STEND-00000339,STPOLICY00002786,RISK00002786,2023-06-25,Cover Adjustment,Household,"621,16",Eastern Cape,SIM-4001,,,,AcquiredBook
STEND-00000340,STPOLICY00002787,RISK00002787,2022/05/20,Vehicle Update,Motor,"R 2,054,154.69",KwaZulu-Natal,SIM-3001,1945,SIM-REG-00000901,SIM-VIN-0000002787,EndorsementPortal
STEND-00000341,STPOLICY00002806,RISK00002806,2022/10/26,Cover Adjustment,Motor,"ZAR 436,954.10",Gauteng,SIM-1001,2006,SIM-REG-00002806,SIM-VIN-0000002806,PolicyAdmin
STEND-00000342,STPOLICY00002807,RISK00002807,23/06/2026,Vehicle Update,Motor,1788764.01,Limpopo,SIM-6001,2007,SIM-REG-00002807,SIM-VIN-0000002807,EndorsementPortal
STEND-00000343,STPOLICY00002807,RISK00002807,08-22-2026,Vehicle Update,Motor,1506738.49,Limpopo,SIM-6001,2007,SIM-REG-00002807,SIM-VIN-0000002807,EndorsementPortal
STEND-00000344,STPOLICY00002811,RISK00002811,2023/09/17,Vehicle Update,Motor,504719.27,North West,SIM-8001,2017,SIM-REG-00002811,SIM-VIN-0000002811,EndorsementPortal
STEND-00000345,STPOLICY00002827,RISK00002827,2025/05/13,Sum Insured Change,SME Commercial,2129263.20,Western Cape,SIM-2001,,,,AcquiredBook
STEND-00000346,STPOLICY00002832,RISK00002832,2022/01/05,Vehicle Update,Household,"2.205.907,58",Eastern Cape,SIM-4001,,,,AcquiredBook
STEND-00000347,STPOLICY00002835,RISK00002835,28/11/2022,Endorsement,Motor,"1.030.964,33",Free State,SIM-5001,2013,SIM-REG-00002835,SIM-VIN-0000002835,PolicyAdmin
STEND-00000348,STPOLICY00002848,RISK00002848,2022-07-29,Vehicle Update,Motor,"R 1,859,355.64",Western Cape,SIM-2101,1995,SIM-REG-00002848,SIM-VIN-0000002848,PolicyAdmin
STEND-00000349,STPOLICY00002859,RISK00002859,2023-07-12,Vehicle Update,Motor,"786.243,68",KwaZulu-Natal,SIM-3101,2015,SIM-REG-00002859,SIM-VIN-0000002859,EndorsementPortal
STEND-00000350,STPOLICY00002886,RISK00002886,12/09/2022,Address Move,Motor,"ZAR 286,558.70",Gauteng,SIM-1002,2016,SIM-REG-00002886,SIM-VIN-0000002886,PolicyAdmin
STEND-00000351,STPOLICY00002889,RISK00002889,03-30-2022,Vehicle Update,Commercial,"12,405,652.43",Eastern Cape,SIM-4001,,,,AcquiredBook
STEND-00000352,STPOLICY00002889,RISK00002889,2022/06/15,Vehicle Update,Commercial,"ZAR 12,759,076.30",Eastern Cape,SIM-4001,,,,EndorsementPortal
STEND-00000353,STPOLICY00002912,RISK00002912,03-03-2023,Sum Insured Change,Motor,1318998.70,Western Cape,SIM-2101,1993,SIM-REG-00002912,SIM-VIN-0000002912,AcquiredBook
STEND-00000354,STPOLICY00002916,RISK00002916,2023-03-08,Cover Adjustment,Motor,"1,705,521.68",N/A,SIM-9001,1993,SIM-REG-00002916,SIM-VIN-0000002916,EndorsementPortal
STEND-00000355,STPOLICY00002925,RISK00002925,2022-02-23,Endorsement,Commercial,"3.084.222,09",Limpopo,SIM-6001,,,,EndorsementPortal
STEND-00000356,STPOLICY00002926,RISK00002926,09-07-2022,Vehicle Update,Motor,2453622.20,Gauteng,SIM-1003,2018,SIM-REG-00002926,SIM-VIN-0000002926,EndorsementPortal
STEND-00000357,STPOLICY00002936,RISK00002936,2022-03-08,Vehicle Update,Commercial,"15,117,916.36",KwaZulu-Natal,SIM-3101,,,,EndorsementPortal
STEND-00000358,STPOLICY00002942,RISK00002942,2023-01-20,Sum Insured Change,Motor,"R 2,558,674.49",North West,SIM-8001,1993,SIM-REG-00002942,SIM-VIN-0000002942,AcquiredBook
STEND-00000359,STPOLICY00002956,RISK00002956,2023/10/19,Address Move,Commercial,"ZAR 464,799.05",Mpumalanga,SIM-7001,,,,AcquiredBook
STEND-00000360,STPOLICY00002958,RISK00002958,18/11/2023,Vehicle Update,Motor,"ZAR 1,418,797.67",KwaZulu-Natal,SIM-3002,2012,SIM-REG-00002958,SIM-VIN-0000002958,AcquiredBook
STEND-00000361,STPOLICY00002971,RISK00002971,2023-09-03,Sum Insured Change,Household,"ZAR 1,932,273.98",Northern Cape,SIM-9001,,,,PolicyAdmin
STEND-00000362,STPOLICY00002982,RISK00002982,2025/06/02,Sum Insured Change,Household,"4,735,175.21",Free State,SIM-5001,,,,PolicyAdmin
STEND-00000363,STPOLICY00002984,RISK00002984,08-04-2023,Endorsement,Commercial,"6.633.514,91",KwaZulu-Natal,SIM-3001,,,,PolicyAdmin
STEND-00000364,STPOLICY00002985,RISK00002985,2021-07-08,Sum Insured Change,Household,4584234.26,Free State,SIM-5001,,,,AcquiredBook
STEND-00000365,STPOLICY00002988,RISK00002988,2022/12/03,Vehicle Update,MOTOR,"ZAR 4,148,462.10",Free State,SIM-5001,1994,SIM-REG-00002988,SIM-VIN-0000002988,PolicyAdmin
STEND-00000366,STPOLICY00002997,RISK00002997,09-05-2023,Vehicle Update,Household,1540889.15,Eastern Cape,SIM-4001,,,,AcquiredBook
STEND-00000367,STPOLICY00003002,RISK00003002,2024/01/16,Endorsement,Motor,"R 173,564.71",Limpopo,SIM-6001,2002,SIM-REG-00003002,SIM-VIN-0000003002,EndorsementPortal
STEND-00000368,STPOLICY00003016,RISK00003016,2022/08/17,Endorsement,Motor,"2,314,489.52",Mpumalanga,SIM-7001,2019,SIM-REG-00003016,SIM-VIN-0000003016,AcquiredBook
STEND-00000369,STPOLICY00003021,RISK00003021,05-06-2022,Address Move,Motor,ZAR 398.89,KwaZulu-Natal,SIM-3002,1945,SIM-REG-00003021,SIM-VIN-0000003021,AcquiredBook
STEND-00000370,STPOLICY00003027,RISK00003027,2023/05/06,Cover Adjustment,Commercial,"7.171.762,52",Gauteng,SIM-1002,,,,EndorsementPortal
STEND-00000371,STPOLICY00003030,RISK00003030,2022/10/16,Address Move,Household,"R 2,229,256.83",Northern Cape,SIM-9001,,,,AcquiredBook
STEND-00000372,STPOLICY00003044,RISK00003044,09-20-2023,Cover Adjustment,Household,"R 3,769,623.58",Western Cape,SIM-2001,,,,AcquiredBook
STEND-00000373,STPOLICY00003051,RISK00003051,11-20-2022,Address Move,Motor,1923406.14,Gauteng,SIM-1002,2004,SIM-REG-00003051,SIM-VIN-0000003051,AcquiredBook
STEND-00000374,STPOLICY00003052,RISK00003052,10-06-2022,Sum Insured Change,Commercial,"ZAR 17,651,305.25",Western Cape,SIM-2002,,,,EndorsementPortal
STEND-00000375,STPOLICY00003056,RISK00003056,26/04/2023,Vehicle Update,Household,"2.674.812,73",North West,SIM-8001,,,,AcquiredBook
STEND-00000376,STPOLICY00003057,RISK00003057,2026-01-11,Sum Insured Change,Commercial,"38,048,570.26",Eastern Cape,SIM-4001,,,,AcquiredBook
STEND-00000377,STPOLICY00003061,RISK00003061,08-26-2023,Address Move,Motor,"4.110.027,39",Northern Cape,SIM-9001,1993,SIM-REG-00003061,SIM-VIN-0000003061,AcquiredBook
STEND-00000378,STPOLICY00003061,RISK00003061,2023/11/21,Endorsement,Motor,"3.447.270,36",Northern Cape,SIM-9001,1993,SIM-REG-00003061,SIM-VIN-0000003061,EndorsementPortal
STEND-00000379,STPOLICY00003095,RISK00003095,01-26-2024,Endorsement,Commercial,"22,357,635.86",Northern Cape,SIM-9001,,,,AcquiredBook
STEND-00000380,STPOLICY00003110,RISK00003110,01-30-2022,Address Move,Commercial,816158.83,Limpopo,SIM-6001,,,,EndorsementPortal
STEND-00000381,STPOLICY00003113,RISK00003113,09/10/2022,Vehicle Update,SME Commercial,2281023.51,Western Cape,SIM-2001,,,,AcquiredBook
STEND-00000382,STPOLICY00003113,RISK00003113,12-21-2022,Address Move,SME Commercial,"R 1,524,539.91",Western Cape,SIM-2002,,,,PolicyAdmin
STEND-00000383,STPOLICY00003119,RISK00003119,2022-08-07,Vehicle Update,Household,"ZAR 668,792.09",Free State,SIM-5001,,,,AcquiredBook
STEND-00000384,STPOLICY00003130,RISK00003130,2024-01-11,Address Move,Motor,"R 881,484.52",Mpumalanga,SIM-7001,2013,SIM-REG-00003130,SIM-VIN-0000003130,PolicyAdmin
STEND-00000385,STPOLICY00003143,RISK00003143,10/05/2024,Endorsement,Motor,R 596.70,Northern Cape,SIM-9001,2020,SIM-REG-00003143,SIM-VIN-0000003143,AcquiredBook
STEND-00000386,STPOLICY00003191,RISK00003191,23/11/2022,Endorsement,Motor,N/A,Gauteng,SIM-1003,2014,SIM-REG-00003191,SIM-VIN-0000003191,EndorsementPortal
STEND-00000387,STPOLICY00003192,RISK00003192,2023-04-04,Vehicle Update,Commercial,"2,330,183.46",Northern Cape,SIM-9001,,,,EndorsementPortal
STEND-00000388,STPOLICY00003197,RISK00003197,2022/05/03,Address Move,Motor,"2,966,749.71",Free State,SIM-5001,2014,SIM-REG-00003197,SIM-VIN-0000003197,EndorsementPortal
STEND-00000389,MISSING-845524,RISK00003201,02-19-2023,Sum Insured Change,Motor,2219729.04,KwaZulu-Natal,SIM-3002,2011,SIM-REG-00003201,SIM-VIN-0000003201,EndorsementPortal
STEND-00000390,STPOLICY00003208,RISK00003208,02/08/2023,Vehicle Update,Household,"1,057,269.55",KwaZulu-Natal,SIM-3101,,,,PolicyAdmin
STEND-00000391,STPOLICY00003212,RISK00003212,2025-01-27,Vehicle Update,Commercial,12997598.05,Northern Cape,SIM-9001,,,,EndorsementPortal
STEND-00000392,STPOLICY00003212,RISK00003212,2025-04-08,Address Move,Commercial,"14,712,514.23",Northern Cape,SIM-9001,,,,PolicyAdmin
STEND-00000393,STPOLICY00003222,RISK00003222,06-02-2025,Cover Adjustment,Motor,"2,772,542.95",Limpopo,SIM-6001,2003,SIM-REG-00003222,SIM-VIN-0000003222,AcquiredBook
STEND-00000394,STPOLICY00003226,RISK00003226,07-14-2024,Address Move,Household,"R 1,233,589.06",North West,SIM-8001,,,,AcquiredBook
STEND-00000395,STPOLICY00003226,RISK00003226,2024/10/01,Address Move,Household,"R 1,230,354.08",North West,SIM-8001,,,,EndorsementPortal
STEND-00000396,STPOLICY00003251,RISK00003251,20/05/2022,Endorsement,Household,"R 350,352.55",Limpopo,SIM-6001,,,,EndorsementPortal
STEND-00000397,STPOLICY00003258,RISK00003258,02-19-2023,Vehicle Update,Commercial,"2,604,448.61",Limpopo,SIM-6001,,,,EndorsementPortal
STEND-00000398,STPOLICY00003258,RISK00003258,01/05/2023,Endorsement,Commercial,"2.045.143,58",Limpopo,N/A,,,,AcquiredBook
STEND-00000399,STPOLICY00003278,RISK00003278,05-05-2022,Endorsement,Household,"R 87,043.72",Eastern Cape,SIM-4001,,,,EndorsementPortal
STEND-00000400,STPOLICY00003278,RISK00003278,2022-07-31,Endorsement,Household,"70,709.90",Eastern Cape,SIM-4001,,,,EndorsementPortal
STEND-00000401,STPOLICY00003281,RISK00003281,2023-10-03,Vehicle Update,Motor,"2,044,495.99",Eastern Cape,SIM-4001,1996,SIM-REG-00003281,SIM-VIN-0000003281,PolicyAdmin
STEND-00000402,STPOLICY00003291,RISK00003291,06-11-2023,Endorsement,Commercial,"ZAR 8,590,367.51",Free State,SIM-5001,,,,EndorsementPortal
STEND-00000403,STPOLICY00003291,RISK00003291,2023-07-20,Cover Adjustment,Commercial,"R 10,532,298.99",Free State,SIM-5001,,,,PolicyAdmin
STEND-00000404,STPOLICY00003306,RISK00003306,2022-12-05,Vehicle Update,Motor,"880.253,93",KwaZulu-Natal,SIM-3001,1996,SIM-REG-00003306,SIM-VIN-0000003306,AcquiredBook
STEND-00000405,STPOLICY00003327,RISK00003327,2023-03-09,Sum Insured Change,Motor,"1,972,910.57",Northern Cape,SIM-9001,2010,SIM-REG-00003327,SIM-VIN-0000003327,PolicyAdmin
STEND-00000406,STPOLICY00003346,RISK00003346,2023-03-21,Address Move,Motor,"3,022,989.73",North West,SIM-8001,2015,SIM-REG-00003346,SIM-VIN-0000003346,PolicyAdmin
STEND-00000407,STPOLICY00003359,RISK00003359,2022-09-29,Vehicle Update,Commercial,"14,694,139.07",Mpumalanga,SIM-7001,,,,AcquiredBook
STEND-00000408,STPOLICY00003363,RISK00003363,2024-03-04,Sum Insured Change,Motor,"1.823.012,51",Free State,SIM-5001,2022,SIM-REG-00003363,SIM-VIN-0000003363,PolicyAdmin
STEND-00000409,STPOLICY00003372,RISK00003372,07-15-2023,Address Move,Motor,"R 3,582,373.54",Gauteng,SIM-1003,1996,SIM-REG-00003372,SIM-VIN-0000003372,AcquiredBook
STEND-00000410,STPOLICY00003372,RISK00003372,2023/09/07,Sum Insured Change,Motor,"3,887,354.43",Gauteng,SIM-1003,1996,SIM-REG-00003372,SIM-VIN-0000003372,AcquiredBook
STEND-00000411,STPOLICY00003389,RISK00003389,22/10/2023,Address Move,Motor,"3,295,204.52",Northern Cape,SIM-9001,2016,SIM-REG-00003389,SIM-VIN-0000003389,AcquiredBook
STEND-00000412,STPOLICY00003392,RISK00003392,01-25-2023,Sum Insured Change,Household,"520,742.58",Eastern Cape,SIM-4001,,,,PolicyAdmin
STEND-00000413,STPOLICY00003406,RISK00003406,10-07-2023,Sum Insured Change,Household,"256,427.20",KwaZulu-Natal,SIM-3101,,,,PolicyAdmin
STEND-00000414,STPOLICY00003422,RISK00003422,2026/07/02,Cover Adjustment,Household,"ZAR 3,318,819.97",Gauteng,SIM-1003,,,,AcquiredBook
STEND-00000415,STPOLICY00003429,RISK00003429,01/11/2025,Sum Insured Change,Commercial,"2.288.225,80",KwaZulu-Natal,SIM-3002,,,,AcquiredBook
STEND-00000416,STPOLICY00003434,RISK00003434,2024-06-08,Address Move,Commercial,6958559.24,Limpopo,SIM-6001,,,,AcquiredBook
STEND-00000417,STPOLICY00003461,RISK00003461,2024-10-22,Endorsement,Household,"2,354,829.11",KwaZulu-Natal,SIM-3001,,,,AcquiredBook
STEND-00000418,STPOLICY00003462,RISK00003462,2024-01-28,Address Move,Motor,"1,883,997.13",Limpopo,SIM-6001,1945,SIM-REG-00003462,SIM-VIN-0000003462,EndorsementPortal
STEND-00000419,STPOLICY00003468,RISK00003468,2023/06/15,Sum Insured Change,Household,869313.68,Eastern Cape,SIM-4001,,,,AcquiredBook
STEND-00000420,STPOLICY00003475,RISK00003475,2024-03-02,Sum Insured Change,Household,"R 3,461,803.43",Western Cape,SIM-2001,,,,EndorsementPortal
STEND-00000421,STPOLICY00003489,RISK00003489,11/06/2024,Endorsement,Motor,"4.809.295,35",Northern Cape,SIM-9001,2007,SIM-REG-00003489,SIM-VIN-0000003489,EndorsementPortal
STEND-00000422,STPOLICY00003493,RISK00003493,08/09/2023,Vehicle Update,Household,2286818.13,Northern Cape,SIM-9001,,,,EndorsementPortal
STEND-00000423,STPOLICY00003501,RISK00003501,05-08-2025,Endorsement,Commercial,"27.984.919,92",Free State,SIM-5001,,,,EndorsementPortal
STEND-00000424,STPOLICY00003505,RISK00003505,2024/09/02,Address Move,Motor,"1,129,880.62",Eastern Cape,SIM-4001,1990,SIM-REG-00003505,SIM-VIN-0000003505,AcquiredBook
STEND-00000425,STPOLICY00003508,RISK00003508,2025/06/18,Endorsement,Motor,1039016.03,Free State,SIM-5001,2012,SIM-REG-00003508,SIM-VIN-0000003508,EndorsementPortal
STEND-00000426,STPOLICY00003514,RISK00003514,01-29-2022,Address Move,Commercial,"R 17,240,520.17",Limpopo,SIM-6001,,,,PolicyAdmin
STEND-00000427,STPOLICY00003519,RISK00003519,25/04/2023,Cover Adjustment,Household,"578,444.74",Eastern Cape,SIM-4001,,,,EndorsementPortal
STEND-00000428,STPOLICY00003521,RISK00003521,2023-10-13,Cover Adjustment,Commercial,"ZAR 1,588,613.87",Western Cape,SIM-2101,,,,EndorsementPortal
STEND-00000429,STPOLICY00003546,RISK00003546,15/07/2022,Cover Adjustment,Household,"R 1,369,783.22",Limpopo,SIM-6001,,,,AcquiredBook
STEND-00000430,MISSING-323571,RISK00003550,2024/05/21,Cover Adjustment,SME Commercial,"2.523.610,36",Gauteng,SIM-1002,,,,EndorsementPortal
STEND-00000431,STPOLICY00003565,RISK00003565,2024-09-10,Address Move,Household,"1.578.629,72",Eastern Cape,SIM-4001,,,,PolicyAdmin
STEND-00000432,STPOLICY00003575,RISK00003575,03/12/2021,Endorsement,Household,1763597.66,Northern Cape,SIM-9001,,,,PolicyAdmin
STEND-00000433,STPOLICY00003579,RISK00003579,09-21-2022,Endorsement,Household,"R 2,230,376.31",North West,SIM-8001,,,,EndorsementPortal
STEND-00000434,STPOLICY00003584,RISK00003584,2024-05-31,Endorsement,Household,"R 1,484,740.00",KwaZulu-Natal,SIM-3101,,,,AcquiredBook
STEND-00000435,STPOLICY00003602,RISK00003602,2022/11/24,Endorsement,Household,3058119.04,North West,SIM-8001,,,,PolicyAdmin
STEND-00000436,STPOLICY00003608,RISK00003608,09-21-2023,Cover Adjustment,Household,300.83,Mpumalanga,SIM-7001,,,,PolicyAdmin
STEND-00000437,STPOLICY00003618,RISK00003618,11-20-2024,Address Move,Household,"2,775,645.60",Northern Cape,SIM-9001,,,,AcquiredBook
STEND-00000438,STPOLICY00003639,RISK00003639,2022-05-24,Address Move,Commercial,"ZAR 21,973,209.92",Limpopo,SIM-6001,,,,AcquiredBook
STEND-00000439,STPOLICY00003639,RISK00003639,07-20-2022,Address Move,Commercial,18792423.17,Limpopo,SIM-6001,,,,PolicyAdmin
STEND-00000440,STPOLICY00003645,RISK00003645,2022/08/21,Address Move,Motor,"R 4,308,874.57",North West,SIM-8001,2016,SIM-REG-00003645,SIM-VIN-0000003645,EndorsementPortal
STEND-00000441,STPOLICY00003649,RISK00003649,05-25-2024,Cover Adjustment,Household,"2,859,312.57",North West,SIM-8001,,,,AcquiredBook
STEND-00000442,STPOLICY00003668,RISK00003668,06/09/2022,Sum Insured Change,Household,"353,069.23",North West,SIM-8001,,,,PolicyAdmin
STEND-00000443,STPOLICY00003668,RISK00003668,2022/11/21,Sum Insured Change,Household,"298.012,68",North West,SIM-8001,,,,PolicyAdmin
STEND-00000444,STPOLICY00003681,RISK00003681,09/02/2023,Sum Insured Change,Motor,"ZAR 1,760,520.65",Western Cape,SIM-2001,2003,SIM-REG-00003681,SIM-VIN-0000003681,EndorsementPortal
STEND-00000445,STPOLICY00003688,RISK00003688,11/01/2023,Endorsement,Motor,"1.000,16",Western Cape,SIM-2001,1993,SIM-REG-00003688,SIM-VIN-0000003688,EndorsementPortal
STEND-00000446,STPOLICY00003697,RISK00003697,2024/02/22,Sum Insured Change,Household,"ZAR 231,085.07",Limpopo,SIM-6001,,,,PolicyAdmin
STEND-00000447,STPOLICY00003702,RISK00003702,2025-05-05,Sum Insured Change,Commercial,"2,827,731.88",Free State,SIM-5001,,,,AcquiredBook
STEND-00000448,STPOLICY00003709,RISK00003709,11/09/2023,Vehicle Update,Motor,"266.144,51",Limpopo,SIM-6001,2018,SIM-REG-00003709,SIM-VIN-0000003709,EndorsementPortal
STEND-00000449,STPOLICY00003720,RISK00003720,30/05/2023,Sum Insured Change,Household,"R 3,135,962.54",Mpumalanga,SIM-7001,,,,AcquiredBook
STEND-00000450,STPOLICY00003720,RISK00003720,2023-08-27,Vehicle Update,Household,"R 3,749,651.02",NULL,SIM-7001,,,,EndorsementPortal
STEND-00000451,STPOLICY00003724,RISK00003724,2023-12-18,Vehicle Update,Motor,"1.337.927,25",Western Cape,SIM-2001,2020,SIM-REG-00003724,SIM-VIN-0000003724,PolicyAdmin
STEND-00000452,STPOLICY00003726,RISK00003726,07/07/2023,Sum Insured Change,MOTOR,"R 162,168.08",Limpopo,SIM-6001,2022,,SIM-VIN-0000003726,PolicyAdmin
STEND-00000453,STPOLICY00003728,RISK00003728,18/07/2023,Endorsement,Commercial,"13.328.112,45",North West,SIM-8001,,,,PolicyAdmin
STEND-00000454,STPOLICY00003731,RISK00003731,07/12/2023,Cover Adjustment,SME Commercial,3165805.23,Gauteng,SIM-1001,,,,PolicyAdmin
STEND-00000455,STPOLICY00003747,RISK00003747,2023/11/28,Vehicle Update,Commercial,"R 1,771,056.80",Gauteng,SIM-1001,,,,AcquiredBook
STEND-00000456,STPOLICY00003764,RISK00003764,2025-07-08,Cover Adjustment,Motor,"3.345.836,60",Western Cape,SIM-2101,1997,SIM-REG-00003764,SIM-VIN-0000003764,EndorsementPortal
STEND-00000457,STPOLICY00003773,RISK00003773,31/03/2023,Sum Insured Change,Household,"R 1,206,602.27",Northern Cape,SIM-9001,,,,EndorsementPortal
STEND-00000458,STPOLICY00003788,RISK00003788,2024-02-17,Address Move,Commercial,304003.06,KwaZulu-Natal,SIM-3001,,,,AcquiredBook
STEND-00000459,STPOLICY00003811,RISK00003811,15/08/2024,Cover Adjustment,Commercial,"ZAR 11,379,020.16",Eastern Cape,SIM-4001,,,,PolicyAdmin
STEND-00000460,MISSING-804397,RISK00003811,12/11/2024,Sum Insured Change,Commercial,"R 8,302,333.96",Eastern Cape,SIM-4001,,,,AcquiredBook
STEND-00000461,STPOLICY00003825,RISK00003825,2022-12-22,Cover Adjustment,Household,41136.55,Western Cape,SIM-2101,,,,PolicyAdmin
STEND-00000462,STPOLICY00003841,RISK00003841,2024/01/22,Sum Insured Change,Commercial,"21,511,045.95",Free State,SIM-5001,,,,EndorsementPortal
STEND-00000463,STPOLICY00003841,RISK00003841,2024/03/03,Sum Insured Change,Commercial,"22,646,424.05",Free State,SIM-5001,,,,PolicyAdmin
STEND-00000464,STPOLICY00003842,RISK00003842,2024-02-16,Vehicle Update,Household,"287,626.96",Limpopo,SIM-6001,,,,EndorsementPortal
STEND-00000465,STPOLICY00003843,RISK00003843,2023/09/19,Vehicle Update,Household,"2,459,557.95",Western Cape,SIM-2101,,,,PolicyAdmin
STEND-00000466,STPOLICY00003843,RISK00003843,2023/11/23,Sum Insured Change,Household,"R 1,529,540.04",Western Cape,SIM-2001,,,,PolicyAdmin
STEND-00000467,STPOLICY00003855,RISK00003855,06/09/2022,Sum Insured Change,Household,228304.04,Northern Cape,SIM-9001,,,,PolicyAdmin
STEND-00000468,STPOLICY00003863,RISK00003863,2022-09-15,Endorsement,Household,"455.844,05",Mpumalanga,SIM-7001,,,,PolicyAdmin
STEND-00000469,STPOLICY00003863,RISK00003863,2022-11-29,Address Move,Household,"513,476.02",Mpumalanga,SIM-7001,,,,EndorsementPortal
STEND-00000470,STPOLICY00003865,RISK00003865,20/09/2023,Cover Adjustment,Household,"116,373.80",KwaZulu-Natal,SIM-3101,,,,PolicyAdmin
STEND-00000471,STPOLICY00003875,RISK00003875,11/05/2023,Address Move,Commercial,"20.618.066,48",Eastern Cape,SIM-4001,,,,PolicyAdmin
STEND-00000472,STPOLICY00003884,RISK00003884,02-18-2023,Sum Insured Change,Household,"190,205.30",Free State,SIM-5001,,,,AcquiredBook
STEND-00000473,STPOLICY00003890,RISK00003890,19/06/2022,Vehicle Update,Commercial,"27,277,928.11",North West,SIM-8001,,,,AcquiredBook
STEND-00000474,STPOLICY00003891,RISK00003891,16/04/2023,Endorsement,Commercial,12385501.11,Mpumalanga,SIM-7001,,,,AcquiredBook
STEND-00000475,STPOLICY00003894,RISK00003894,2023/12/01,Endorsement,Commercial,948301.41,Western Cape,SIM-2002,,,,AcquiredBook
STEND-00000476,STPOLICY00003897,RISK00003897,03-14-2024,Sum Insured Change,Household,"2,370,614.19",KwaZulu-Natal,SIM-3101,,,,EndorsementPortal
STEND-00000477,STPOLICY00003909,RISK00003909,07-21-2023,Cover Adjustment,Household,1330352.15,Northern Cape,SIM-9001,,,,PolicyAdmin
STEND-00000478,STPOLICY00003909,RISK00003909,24/09/2023,Sum Insured Change,Household,"R 1,775,958.03",Northern Cape,SIM-9001,,,,AcquiredBook
STEND-00000479,STPOLICY00003910,RISK00003910,2021-09-11,Sum Insured Change,Commercial,"26.922.380,36",Free State,SIM-5001,,,,AcquiredBook
STEND-00000480,STPOLICY00003917,RISK00003917,2023-10-15,Sum Insured Change,Home Contents,"2,340,512.24",Eastern Cape,NULL,,,,EndorsementPortal
STEND-00000481,STPOLICY00003928,RISK00003928,11-08-2023,Endorsement,Household,"2.088.769,40",Eastern Cape,SIM-4001,,,,EndorsementPortal
STEND-00000482,MISSING-787205,RISK00003944,16/10/2022,Address Move,Commercial,"12.443.746,97",Limpopo,SIM-6001,,,,EndorsementPortal
STEND-00000483,STPOLICY00003948,RISK00003948,12-02-2023,Sum Insured Change,Household,"R 617,905.72",KwaZulu-Natal,SIM-3002,,,,EndorsementPortal
STEND-00000484,STPOLICY00003949,RISK00003949,2023-11-04,Vehicle Update,Household,"2,478,859.44",Eastern Cape,SIM-4001,,,,EndorsementPortal
STEND-00000485,STPOLICY00003960,RISK00003960,01-09-2025,Address Move,Home Contents,108057.10,Limpopo,SIM-6001,,,,PolicyAdmin
STEND-00000486,STPOLICY00003965,RISK00003965,2024-01-06,Vehicle Update,Household,"R 2,350,866.60",KwaZulu-Natal,SIM-3002,,,,AcquiredBook
STEND-00000487,STPOLICY00003968,RISK00003968,2024/01/01,Address Move,Motor,"ZAR 1,481,667.98",Mpumalanga,SIM-7001,2023,SIM-REG-00003968,SIM-VIN-0000003968,PolicyAdmin
STEND-00000488,STPOLICY00003968,RISK00003968,2024-02-18,Vehicle Update,Motor,"R 1,241,906.62",Mpumalanga,SIM-7001,2023,SIM-REG-00003968,SIM-VIN-0000003968,AcquiredBook
STEND-00000489,STPOLICY00003982,RISK00003982,2023-10-13,Sum Insured Change,Household,"1.356.539,77",Limpopo,SIM-6001,,,,EndorsementPortal
STEND-00000490,STPOLICY00003983,RISK00003983,2022/08/27,Endorsement,Motor,"751,536.55",Northern Cape,SIM-9001,2024,SIM-REG-00003983,SIM-VIN-0000003983,PolicyAdmin
STEND-00000491,STPOLICY00003985,RISK00003985,18/08/2023,Cover Adjustment,Motor,"ZAR 2,881,551.61",Northern Cape,SIM-9001,1993,SIM-REG-00003985,SIM-VIN-0000003985,PolicyAdmin
STEND-00000492,STPOLICY00003989,RISK00003989,01-09-2026,Cover Adjustment,Household,"3,617,643.18",North West,NULL,,,,EndorsementPortal
STEND-00000493,STPOLICY00003999,RISK00003999,11/06/2022,Vehicle Update,Household,"290.567,84",Limpopo,SIM-6001,,,,EndorsementPortal
STEND-00000494,STPOLICY00004013,RISK00004013,2023-09-10,Cover Adjustment,Commercial,"4,038,168.14",Eastern Cape,SIM-4001,,,,AcquiredBook
STEND-00000495,STPOLICY00004027,RISK00004027,2025/03/02,Cover Adjustment,Commercial,"ZAR 2,399,564.15",Eastern Cape,SIM-4001,,,,PolicyAdmin
STEND-00000496,STPOLICY00004032,RISK00004032,2023-04-12,Cover Adjustment,Motor,"ZAR 43,756.19",Free State,SIM-5001,2012,SIM-REG-00004032,SIM-VIN-0000004032,PolicyAdmin
STEND-00000497,STPOLICY00004038,RISK00004038,2023-03-20,Vehicle Update,Household,"1.016.087,74",Gauteng,SIM-1001,,,,EndorsementPortal
STEND-00000498,STPOLICY00004043,RISK00004043,28/09/2022,Sum Insured Change,Commercial,"33,785,852.21",Mpumalanga,SIM-7001,,,,AcquiredBook
STEND-00000499,STPOLICY00004052,RISK00004052,29/08/2024,Cover Adjustment,Household,1786326.39,Western Cape,SIM-2101,,,,EndorsementPortal
STEND-00000500,STPOLICY00004056,RISK00004056,2023-11-09,Address Move,Motor,"ZAR 588,450.39",Eastern Cape,SIM-4001,2011,SIM-REG-00004056,SIM-VIN-0000004056,AcquiredBook
STEND-00000501,STPOLICY00004066,RISK00004066,2024/10/17,Vehicle Update,Motor,"172.971,18",Mpumalanga,SIM-7001,1993,SIM-REG-00004066,SIM-VIN-0000004066,EndorsementPortal
STEND-00000502,STPOLICY00004069,RISK00004069,2022/10/23,Endorsement,Commercial,"9.973.853,68",KwaZulu-Natal,SIM-3101,,,,EndorsementPortal
STEND-00000503,STPOLICY00004079,RISK00004079,21/10/2022,Vehicle Update,Motor,"R 2,944,560.06",North West,SIM-8001,2015,SIM-REG-00004079,SIM-VIN-0000004079,AcquiredBook
STEND-00000504,STPOLICY00004083,RISK00004083,12-08-2023,Endorsement,Motor,"R 1,922,453.35",North West,SIM-8001,1995,SIM-REG-00004083,SIM-VIN-0000004083,PolicyAdmin
STEND-00000505,STPOLICY00004090,RISK00004090,14/08/2026,Vehicle Update,Motor,"R 2,879,307.63",Eastern Cape,SIM-4001,1990,SIM-REG-00004090,SIM-VIN-0000004090,PolicyAdmin
STEND-00000506,STPOLICY00004093,RISK00004093,01-22-2024,Cover Adjustment,Motor,"R 1,010,590.82",KwaZulu-Natal,SIM-3101,1990,SIM-REG-00004093,SIM-VIN-0000004093,PolicyAdmin
STEND-00000507,STPOLICY00004097,RISK00004097,08-08-2026,Endorsement,Motor,"3.587.771,65",Eastern Cape,SIM-4001,1999,SIM-REG-00004097,SIM-VIN-0000004097,PolicyAdmin
STEND-00000508,STPOLICY00004105,RISK00004105,11-09-2021,Vehicle Update,Commercial,"R 154,069.16",North West,SIM-8001,,,,PolicyAdmin
STEND-00000509,STPOLICY00004113,RISK00004113,2022/09/16,Vehicle Update,Household,"4,948,474.50",KwaZulu-Natal,SIM-3001,,,,AcquiredBook
STEND-00000510,STPOLICY00004125,RISK00004125,2024-04-21,Sum Insured Change,Household,495.76,Northern Cape,SIM-9001,,,,EndorsementPortal
STEND-00000511,STPOLICY00004125,RISK00004125,2024/09/24,Cover Adjustment,Household,R 421.17,Northern Cape,SIM-9001,,,,AcquiredBook
STEND-00000512,STPOLICY00004134,RISK00004134,2022/12/24,Vehicle Update,Motor,"ZAR 1,189,095.04",Northern Cape,SIM-9001,2014,SIM-REG-00004134,SIM-VIN-0000004134,EndorsementPortal
STEND-00000513,STPOLICY00004141,RISK00004141,13/07/2024,Address Move,Commercial,"857.624,68",Gauteng,SIM-1002,,,,PolicyAdmin
STEND-00000514,STPOLICY00004143,RISK00004143,10-08-2022,Endorsement,Motor,"R 50,718.94",Northern Cape,SIM-9001,1993,SIM-REG-00004143,SIM-VIN-0000004143,EndorsementPortal
STEND-00000515,STPOLICY00004148,RISK00004148,2024-01-28,Address Move,Household,285013.99,Mpumalanga,SIM-7001,,,,PolicyAdmin
STEND-00000516,STPOLICY00004153,RISK00004153,02-28-2023,Vehicle Update,Commercial,"19,882,207.81",Western Cape,SIM-2101,,,,EndorsementPortal
STEND-00000517,STPOLICY00004171,RISK00004171,01-15-2025,Endorsement,Commercial,233433.26,Free State,SIM-5001,,,,AcquiredBook
STEND-00000518,STPOLICY00004187,RISK00004187,03-02-2024,Endorsement,SME Commercial,"2.799.373,91",Mpumalanga,SIM-7001,,,,PolicyAdmin
STEND-00000519,STPOLICY00004192,RISK00004192,03-14-2024,Cover Adjustment,Commercial,"R 12,794,137.66",Northern Cape,SIM-9001,,,,PolicyAdmin
STEND-00000520,STPOLICY00004196,RISK00004196,25/05/2023,Vehicle Update,Household,"1,735,876.10",Eastern Cape,SIM-4001,,,,EndorsementPortal
STEND-00000521,STPOLICY00004203,RISK00004203,28/03/2024,Sum Insured Change,Motor,"R 382,601.05",Limpopo,SIM-6001,2016,SIM-REG-00004203,SIM-VIN-0000004203,PolicyAdmin
STEND-00000522,STPOLICY00004213,RISK00004213,2025-03-31,Sum Insured Change,Motor,"ZAR 3,686,925.76",Mpumalanga,SIM-7001,2007,SIM-REG-00004213,SIM-VIN-0000004213,AcquiredBook
STEND-00000523,STPOLICY00004216,RISK00004216,2024-01-20,Vehicle Update,Household,"2.042.634,69",Limpopo,SIM-6001,,,,AcquiredBook
STEND-00000524,STPOLICY00004222,RISK00004222,07-30-2023,Vehicle Update,Commercial,218661.77,Mpumalanga,SIM-7001,,,,PolicyAdmin
STEND-00000525,STPOLICY00004222,RISK00004222,04-19-2023,Cover Adjustment,Commercial,"ZAR 209,339.77",Mpumalanga,SIM-7001,,,,PolicyAdmin
STEND-00000526,STPOLICY00004243,RISK00004243,2022/11/02,Address Move,Motor,"321.642,52",Gauteng,SIM-1002,2009,SIM-REG-00004243,SIM-VIN-0000004243,EndorsementPortal
STEND-00000527,STPOLICY00004244,RISK00004244,11-06-2022,Cover Adjustment,MOTOR,"1,388,785.71",Gauteng,SIM-1001,1991,SIM-REG-00004244,SIM-VIN-0000004244,PolicyAdmin
STEND-00000528,STPOLICY00004250,RISK00004250,2023/05/27,Endorsement,Motor,3148258.57,Limpopo,SIM-6001,1992,SIM-REG-00004250,SIM-VIN-0000004250,AcquiredBook
STEND-00000529,STPOLICY00004260,RISK00004260,08-18-2024,Cover Adjustment,Household,2727932.78,Free State,SIM-5001,,,,EndorsementPortal
STEND-00000530,STPOLICY00004264,RISK00004264,11-14-2022,Cover Adjustment,Household,"ZAR 2,228,964.80",Free State,SIM-5001,,,,EndorsementPortal
STEND-00000531,STPOLICY00004265,RISK00004265,12-29-2022,Sum Insured Change,Commercial,"ZAR 23,661,059.03",North West,SIM-8001,,,,EndorsementPortal
STEND-00000532,STPOLICY00004267,RISK00004267,2023-08-18,Cover Adjustment,Motor,R --,North West,SIM-8001,1993,SIM-REG-00004267,SIM-VIN-0000004267,AcquiredBook
STEND-00000533,STPOLICY00004269,RISK00004269,06/07/2023,Cover Adjustment,Commercial,"R 12,180,297.48",Gauteng,SIM-1003,,,,EndorsementPortal
STEND-00000534,STPOLICY00004285,RISK00004285,02/06/2023,Vehicle Update,Motor,"ZAR 2,641,416.00",Mpumalanga,SIM-7001,2009,SIM-REG-00004285,SIM-VIN-0000004285,EndorsementPortal
STEND-00000535,STPOLICY00004311,RISK00004311,2022/10/12,Sum Insured Change,Household,3134607.29,Limpopo,SIM-6001,,,,EndorsementPortal
STEND-00000536,STPOLICY00004313,RISK00004313,2022/02/17,Sum Insured Change,Motor,ZAR 578.81,Mpumalanga,SIM-7001,1994,SIM-REG-00004313,SIM-VIN-0000004313,AcquiredBook
STEND-00000537,STPOLICY00004319,RISK00004319,11-22-2022,Cover Adjustment,Household,"ZAR 3,839,755.18",Northern Cape,SIM-9001,,,,AcquiredBook
STEND-00000538,STPOLICY00004325,RISK00004325,2023/02/14,Endorsement,Household,"3.289.479,94",Gauteng,SIM-1001,,,,AcquiredBook
STEND-00000539,STPOLICY00004334,RISK00004334,2024/08/03,Endorsement,Motor,"2,111,047.70",Mpumalanga,SIM-7001,2007,SIM-REG-00004334,SIM-VIN-0000004334,EndorsementPortal
STEND-00000540,STPOLICY00004344,RISK00004344,04-23-2024,Endorsement,Household,"1.437.045,91",Limpopo,SIM-6001,,,,EndorsementPortal
STEND-00000541,STPOLICY00004349,RISK00004349,2022/10/28,Sum Insured Change,Commercial,"17,558,388.71",Eastern Cape,SIM-4001,,,,PolicyAdmin
STEND-00000542,STPOLICY00004351,RISK00004351,31/12/2022,Address Move,Household,"1,621,615.13",Free State,SIM-5001,,,,PolicyAdmin
STEND-00000543,STPOLICY00004360,RISK00004360,30/06/2023,Address Move,Motor,1737043.67,North West,SIM-8001,2002,SIM-REG-00004360,SIM-VIN-0000004360,EndorsementPortal
STEND-00000544,STPOLICY00004360,RISK00004360,2023-08-01,Cover Adjustment,Motor,"1,296,875.42",North West,SIM-8001,0,SIM-REG-00004360,SIM-VIN-0000004360,EndorsementPortal
STEND-00000545,STPOLICY00004366,RISK00004366,2023-08-06,Endorsement,Commercial,"2.234.070,33",Northern Cape,SIM-9001,,,,EndorsementPortal
STEND-00000546,STPOLICY00004373,RISK00004373,2022-09-21,Sum Insured Change,Home Contents,2489903.99,Free State,SIM-5001,,,,PolicyAdmin
STEND-00000547,STPOLICY00004389,RISK00004389,12-27-2022,Vehicle Update,Motor,"1.835.333,66",KwaZulu-Natal,SIM-3101,2028,SIM-REG-00004389,SIM-VIN-0000004389,EndorsementPortal
STEND-00000548,STPOLICY00004393,RISK00004393,01-13-2023,Endorsement,Household,"4.784.531,75",Western Cape,SIM-2002,,,,AcquiredBook
STEND-00000549,STPOLICY00004393,RISK00004393,2023-03-14,Address Move,Household,4375792.65,Western Cape,SIM-2101,,,,EndorsementPortal
STEND-00000550,STPOLICY00004400,RISK00004400,01-22-2026,Endorsement,Household,"1,877,045.41",KwaZulu-Natal,SIM-3002,,,,PolicyAdmin
STEND-00000551,STPOLICY00004425,RISK00004425,2023/05/03,Sum Insured Change,Commercial,"R 11,175,258.71",Mpumalanga,SIM-7001,,,,AcquiredBook
STEND-00000552,STPOLICY00004426,RISK00004426,2023-01-18,Address Move,Motor,"R 1,302,910.91",Gauteng,SIM-1003,2018,SIM-REG-00004426,SIM-VIN-0000004426,AcquiredBook
STEND-00000553,STPOLICY00004426,RISK00004426,2023-04-10,Sum Insured Change,Motor,1405202.73,Gauteng,SIM-1003,2018,SIM-REG-00004426,SIM-VIN-0000004426,EndorsementPortal
STEND-00000554,STPOLICY00004428,RISK00004428,08/05/2022,Vehicle Update,Household,"ZAR 3,858,458.32",Limpopo,SIM-6001,,,,EndorsementPortal
STEND-00000555,STPOLICY00004445,RISK00004445,09-23-2023,Address Move,Household,"3,089,767.85",Free State,SIM-5001,,,,PolicyAdmin
STEND-00000556,STPOLICY00004452,RISK00004452,2024/08/16,Cover Adjustment,Household,3832332.28,Eastern Cape,SIM-4001,,,,PolicyAdmin
STEND-00000557,STPOLICY00004456,RISK00004456,2023-09-30,Vehicle Update,Motor,"649,937.12",Eastern Cape,SIM-4001,2005,SIM-REG-00004456,SIM-VIN-0000004456,AcquiredBook
STEND-00000558,STPOLICY00004456,RISK00004456,11-04-2023,Address Move,Motor,"1,029,926.63",Eastern Cape,SIM-4001,2005,SIM-REG-00004456,SIM-VIN-0000004456,AcquiredBook
STEND-00000559,STPOLICY00004462,RISK00004462,30/03/2026,Endorsement,Motor,"2,024,804.77",Free State,NULL,2018,,SIM-VIN-0000004462,EndorsementPortal
STEND-00000560,STPOLICY00004469,RISK00004469,2023-09-28,Cover Adjustment,Commercial,812094.19,Gauteng,SIM-1003,,,,PolicyAdmin
STEND-00000561,STPOLICY00004483,RISK00004483,2025-02-04,Cover Adjustment,Commercial,"29,529,023.89",Eastern Cape,SIM-4001,,,,AcquiredBook
STEND-00000562,STPOLICY00004492,RISK00004492,2022-07-21,Endorsement,Commercial,19240258.38,KwaZulu-Natal,SIM-3001,,,,AcquiredBook
STEND-00000563,STPOLICY00004497,RISK00004497,04-20-2022,Endorsement,Motor,"ZAR 208,378.88",Mpumalanga,SIM-7001,1945,SIM-REG-00004497,SIM-VIN-0000004497,EndorsementPortal
STEND-00000564,STPOLICY00004500,RISK00004500,2023/09/01,Vehicle Update,Home Contents,180576.82,Eastern Cape,SIM-4001,,,,EndorsementPortal
STEND-00000565,STPOLICY00004541,RISK00004541,02-08-2024,Cover Adjustment,Motor,"84,107.99",North West,SIM-8001,2008,SIM-REG-00004541,SIM-VIN-0000004541,EndorsementPortal
STEND-00000566,STPOLICY00004542,RISK00004542,11-23-2025,Sum Insured Change,SME Commercial,834850.23,North West,SIM-8001,,,,AcquiredBook
STEND-00000567,STPOLICY00004564,RISK00004564,2023-09-25,Cover Adjustment,Commercial,"ZAR 329,974.94",Northern Cape,SIM-9001,,,,PolicyAdmin
STEND-00000568,STPOLICY00004566,RISK00004566,03-31-2024,Cover Adjustment,Commercial,"14,667,575.27",Gauteng,SIM-1003,,,,EndorsementPortal
STEND-00000569,STPOLICY00004575,RISK00004575,2022/05/18,Sum Insured Change,Commercial,"26,454,024.48",Northern Cape,SIM-9001,,,,EndorsementPortal
STEND-00000570,STPOLICY00004598,RISK00004598,2022-03-05,Vehicle Update,Household,1471240.92,Northern Cape,SIM-9001,,,,PolicyAdmin
STEND-00000571,STPOLICY00004604,RISK00004604,16/02/2024,Endorsement,Commercial,"2,231,148.09",North West,SIM-8001,,,,AcquiredBook
STEND-00000572,STPOLICY00004612,RISK00004612,04-24-2024,Address Move,Motor,"R 3,023,976.76",Northern Cape,SIM-9001,2011,SIM-REG-00004612,SIM-VIN-0000004612,AcquiredBook
STEND-00000573,STPOLICY00004622,RISK00004622,2022/09/12,Vehicle Update,Motor,352.91,NULL,SIM-2002,2006,SIM-REG-00004622,SIM-VIN-0000004622,PolicyAdmin
STEND-00000574,STPOLICY00004636,RISK00004636,12-20-2022,Endorsement,Commercial,"1,235,714.54",Northern Cape,SIM-9001,,,,EndorsementPortal
STEND-00000575,STPOLICY00004638,RISK00004638,2022-07-25,Address Move,Motor,"ZAR 4,016,764.32",Western Cape,SIM-2001,2021,SIM-REG-00004638,SIM-VIN-0000004638,EndorsementPortal
STEND-00000576,STPOLICY00004663,RISK00004663,23/05/2023,Endorsement,Household,"R 2,874,137.10",Eastern Cape,,,,,EndorsementPortal
STEND-00000577,STPOLICY00004669,RISK00004669,08-21-2022,Vehicle Update,Motor,111783.58,KwaZulu-Natal,SIM-3002,1993,SIM-REG-00004669,SIM-VIN-0000004669,AcquiredBook
STEND-00000578,STPOLICY00004670,RISK00004670,03-06-2024,Address Move,Commercial,"1,968,965.84",Gauteng,SIM-1003,,,,PolicyAdmin
STEND-00000579,STPOLICY00004674,RISK00004674,01-11-2024,Address Move,Motor,"1,491,573.88",Free State,SIM-5001,1999,SIM-REG-00004674,SIM-VIN-0000004674,AcquiredBook
STEND-00000580,STPOLICY00004676,RISK00004676,2025-12-13,Address Move,Household,"1,766,925.89",Western Cape,SIM-2001,,,,AcquiredBook
STEND-00000581,STPOLICY00004681,RISK00004681,09-21-2022,Sum Insured Change,Commercial,"R 2,534,787.32",Limpopo,SIM-6001,,,,PolicyAdmin
STEND-00000582,STPOLICY00004686,RISK00004686,05/11/2023,Endorsement,Commercial,"R 7,516,564.98",Mpumalanga,SIM-7001,,,,EndorsementPortal
STEND-00000583,STPOLICY00004698,RISK00004698,08-11-2024,Cover Adjustment,Household,"ZAR 1,187.19",Northern Cape,N/A,,,,AcquiredBook
STEND-00000584,STPOLICY00004701,RISK00004701,2023/06/25,Vehicle Update,Household,"R 2,625,073.69",Western Cape,SIM-2101,,,,EndorsementPortal
STEND-00000585,STPOLICY00004704,RISK00004704,2024-06-10,Cover Adjustment,Household,1892629.08,Limpopo,SIM-6001,,,,AcquiredBook
STEND-00000586,STPOLICY00004710,RISK00004710,15/08/2022,Cover Adjustment,Commercial,"561.806,37",Limpopo,SIM-6001,,,,PolicyAdmin
STEND-00000587,STPOLICY00004717,RISK00004717,2023/08/28,Address Move,Commercial,"ZAR -11,638.60",Northern Cape,SIM-9001,,,,AcquiredBook
STEND-00000588,STPOLICY00004723,RISK00004723,03-31-2023,Cover Adjustment,Motor,"R 1,485,992.53",Western Cape,SIM-2002,2022,SIM-REG-00004723,SIM-VIN-0000004723,PolicyAdmin
STEND-00000589,STPOLICY00004729,RISK00004729,2022-09-21,Address Move,Commercial,24488745.01,KwaZulu-Natal,SIM-3001,,,,PolicyAdmin
STEND-00000590,STPOLICY00004731,RISK00004731,2023/12/30,Endorsement,Commercial,865.04,Eastern Cape,SIM-4001,,,,PolicyAdmin
STEND-00000591,STPOLICY00004732,RISK00004732,2023-03-11,Address Move,Commercial,17019841.73,North West,SIM-8001,,,,AcquiredBook
STEND-00000592,STPOLICY00004732,RISK00004732,2023-05-23,Endorsement,Commercial,"R 21,877,080.41",North West,SIM-8001,,,,AcquiredBook
STEND-00000593,STPOLICY00004733,RISK00004733,09-03-2023,Vehicle Update,Motor,"4.117.206,15",KwaZulu-Natal,SIM-3002,1996,SIM-REG-00004733,SIM-VIN-0000004733,AcquiredBook
STEND-00000594,STPOLICY00004737,RISK00004737,2022/06/18,Cover Adjustment,Motor,"1.502.516,35",KwaZulu-Natal,SIM-3001,2021,SIM-REG-00004737,SIM-VIN-0000004737,AcquiredBook
STEND-00000595,STPOLICY00004744,RISK00004744,09-01-2022,Cover Adjustment,Motor,1867609.13,Free State,SIM-5001,2017,SIM-REG-00004744,SIM-VIN-0000004744,PolicyAdmin
STEND-00000596,STPOLICY00004745,RISK00004745,2022/10/12,Sum Insured Change,Commercial,"ZAR 16,564,055.85",KwaZulu-Natal,SIM-3101,,,,AcquiredBook
STEND-00000597,STPOLICY00004747,RISK00004747,02/03/2024,Address Move,Household,"R 2,852,553.69",KwaZulu-Natal,SIM-3101,,,,PolicyAdmin
STEND-00000598,STPOLICY00004749,RISK00004749,2021/11/28,Vehicle Update,Motor,"ZAR 1,470,095.33",North West,SIM-8001,2002,SIM-REG-00004749,SIM-VIN-0000004749,PolicyAdmin
STEND-00000599,STPOLICY00004757,RISK00004757,2023-10-14,Cover Adjustment,Household,"4.901.048,36",Mpumalanga,SIM-7001,,,,EndorsementPortal
STEND-00000600,STPOLICY00004760,RISK00004760,2021/03/04,Address Move,Home Contents,"2.406.740,08",Limpopo,NULL,,,,PolicyAdmin
STEND-00000601,STPOLICY00004777,RISK00004777,12-09-2023,Endorsement,Motor,"ZAR 2,097,408.04",KwaZulu-Natal,SIM-3002,2005,SIM-REG-00004777,SIM-VIN-0000004777,PolicyAdmin
STEND-00000602,STPOLICY00004783,RISK00004783,09-07-2025,Sum Insured Change,Household,"ZAR 998,091.03",Limpopo,SIM-6001,,,,PolicyAdmin
STEND-00000603,STPOLICY00004794,RISK00004794,2022-10-31,Cover Adjustment,Commercial,"R 326,430.78",North West,SIM-8001,,,,EndorsementPortal
STEND-00000604,STPOLICY00004794,RISK00004794,01-22-2023,Address Move,Commercial,"258.034,57",North West,SIM-8001,,,,AcquiredBook
STEND-00000605,STPOLICY00004799,RISK00004799,12/06/2023,Cover Adjustment,Household,"ZAR 1,114,177.92",Gauteng,SIM-1003,,,,AcquiredBook
STEND-00000606,STPOLICY00004814,RISK00004814,02/06/2023,Vehicle Update,Commercial,"5.045.648,77",KwaZulu-Natal,SIM-3002,,,,AcquiredBook
STEND-00000607,STPOLICY00004823,RISK00004823,2023/05/26,Cover Adjustment,Motor,"R 2,137,013.75",Northern Cape,SIM-9001,1991,SIM-REG-00004823,SIM-VIN-0000004823,AcquiredBook
STEND-00000608,STPOLICY00004827,RISK00004827,2025/08/30,Vehicle Update,Motor,"654,173.42",Limpopo,SIM-6001,2016,SIM-REG-00004827,SIM-VIN-0000004827,PolicyAdmin
STEND-00000609,STPOLICY00004831,RISK00004831,2024/01/12,Cover Adjustment,Household,"ZAR 220,467.54",Limpopo,SIM-6001,,,,AcquiredBook
STEND-00000610,STPOLICY00004861,RISK00004861,2024/02/06,Vehicle Update,Commercial,"R 26,623,435.79",Gauteng,SIM-1002,,,,AcquiredBook
STEND-00000611,STPOLICY00004862,RISK00004862,05-25-2024,Address Move,Motor,309498.34,Gauteng,SIM-1001,1999,SIM-REG-00004862,SIM-VIN-0000004862,PolicyAdmin
STEND-00000612,STPOLICY00004868,RISK00004868,2024/04/20,Vehicle Update,MOTOR,"R 3,348,649.99",Free State,,2020,SIM-REG-00004868,SIM-VIN-0000004868,AcquiredBook
STEND-00000613,STPOLICY00004881,RISK00004881,22/03/2023,Address Move,Motor,"ZAR 1,159,288.23",North West,SIM-8001,2012,SIM-REG-00004881,SIM-VIN-0000004881,AcquiredBook
STEND-00000614,STPOLICY00004881,RISK00004881,05-11-2023,Vehicle Update,Motor,"1,337,196.29",North West,SIM-8001,2012,SIM-REG-00004881,SIM-VIN-0000004881,EndorsementPortal
STEND-00000615,STPOLICY00004893,RISK00004893,06-22-2023,Vehicle Update,Household,"ZAR 2,811,492.48",Gauteng,SIM-1003,,,,EndorsementPortal
STEND-00000616,STPOLICY00004912,RISK00004912,15/04/2023,Address Move,Commercial,"13,074,277.63",Free State,SIM-5001,,,,PolicyAdmin
STEND-00000617,STPOLICY00004913,RISK00004913,05-16-2021,Endorsement,Commercial,"ZAR 14,158,477.69",North West,SIM-8001,,,,AcquiredBook
STEND-00000618,STPOLICY00004913,RISK00004913,13/08/2021,Vehicle Update,Commercial,"ZAR 20,755,165.12",North West,SIM-8001,,,,EndorsementPortal
STEND-00000619,STPOLICY00004917,RISK00004917,12-10-2022,Vehicle Update,Household,"1.401.664,23",North West,SIM-8001,,,,EndorsementPortal
STEND-00000620,STPOLICY00004925,RISK00004925,06-29-2024,Sum Insured Change,Commercial,1798644.84,North West,SIM-8001,,,,PolicyAdmin
STEND-00000621,STPOLICY00004928,RISK00004928,2024/05/28,Cover Adjustment,Motor,2067560.38,Limpopo,SIM-6001,2009,SIM-REG-00004928,SIM-VIN-0000004928,AcquiredBook
STEND-00000622,STPOLICY00004928,RISK00004928,08-25-2024,Address Move,Motor,1952657.75,Limpopo,SIM-6001,2009,SIM-REG-00004928,SIM-VIN-0000004928,PolicyAdmin
STEND-00000623,STPOLICY00004933,RISK00004933,06-27-2023,Address Move,Household,244.45,Eastern Cape,SIM-4001,,,,EndorsementPortal
STEND-00000624,STPOLICY00004937,RISK00004937,2024-05-11,Cover Adjustment,Household,"682,653.88",North West,SIM-8001,,,,PolicyAdmin
STEND-00000625,STPOLICY00004946,RISK00004946,2026/06/09,Sum Insured Change,Commercial,"ZAR 2,123,095.31",North West,SIM-8001,,,,PolicyAdmin
STEND-00000626,STPOLICY00004951,RISK00004951,2024-03-05,Endorsement,Motor,3755160.42,North West,SIM-8001,1998,SIM-REG-00004951,SIM-VIN-0000004951,EndorsementPortal
STEND-00000627,STPOLICY00004951,RISK00004951,18/05/2024,Sum Insured Change,Motor,"3.568.963,78",North West,SIM-8001,1998,SIM-REG-00004951,SIM-VIN-0000004951,AcquiredBook
STEND-00000628,STPOLICY00004982,RISK00004982,2026/07/20,Endorsement,Motor,"3,201,306.06",Free State,SIM-5001,2006,SIM-REG-00004982,SIM-VIN-0000004982,EndorsementPortal
STEND-00000629,STPOLICY00005014,RISK00005014,2022-11-21,Cover Adjustment,Motor,"R 1,904,565.20",Limpopo,SIM-6001,2021,SIM-REG-00005014,SIM-VIN-0000005014,EndorsementPortal
STEND-00000630,STPOLICY00005017,RISK00005017,12-07-2023,Address Move,SME Commercial,"R 3,288,880.90",Western Cape,SIM-2001,,,,PolicyAdmin
STEND-00000631,STPOLICY00005024,RISK00005024,2023-03-19,Address Move,Household,"R 3,470,857.91",Free State,SIM-5001,,,,AcquiredBook
STEND-00000632,STPOLICY00005025,RISK00005025,13/09/2023,Sum Insured Change,Motor,180.78,Mpumalanga,SIM-7001,2013,SIM-REG-00005025,SIM-VIN-0000005025,AcquiredBook
STEND-00000633,STPOLICY00005028,RISK00005028,2022-06-02,Vehicle Update,Household,"R 2,663,191.05",North West,SIM-8001,,,,AcquiredBook
STEND-00000634,STPOLICY00005068,RISK00005068,01-27-2023,Address Move,Household,"2,453,372.99",Limpopo,SIM-6001,,,,EndorsementPortal
STEND-00000635,STPOLICY00005099,RISK00005099,02/05/2023,Cover Adjustment,Commercial,"ZAR 422,157.55",Western Cape,SIM-2101,,,,AcquiredBook
STEND-00000636,STPOLICY00005117,RISK00005117,2022-10-15,Sum Insured Change,Motor,"1.157.921,34",Limpopo,SIM-6001,1994,SIM-REG-00005117,SIM-VIN-0000005117,PolicyAdmin
STEND-00000637,STPOLICY00005118,RISK00005118,2022-11-15,Endorsement,Household,"1.154.052,39",KwaZulu-Natal,SIM-3001,,,,EndorsementPortal
STEND-00000638,STPOLICY00005119,RISK00005119,2023-05-17,Endorsement,Commercial,40005605.47,KwaZulu-Natal,SIM-3101,,,,EndorsementPortal
STEND-00000639,STPOLICY00005124,RISK00005124,02-10-2024,Address Move,Motor,"ZAR 997,534.33",Mpumalanga,SIM-7001,2016,SIM-REG-00005124,SIM-VIN-0000005124,EndorsementPortal
STEND-00000640,STPOLICY00005135,RISK00005135,2023-12-29,Cover Adjustment,Commercial,884124.24,Western Cape,SIM-2001,,,,AcquiredBook
STEND-00000641,STPOLICY00005143,RISK00005143,09-11-2023,Cover Adjustment,Motor,3192865.66,KwaZulu-Natal,SIM-3002,2024,SIM-REG-00005143,SIM-VIN-0000005143,EndorsementPortal
STEND-00000642,STPOLICY00005146,RISK00005146,2023-04-24,Cover Adjustment,Motor,974360.36,Mpumalanga,SIM-7001,2007,SIM-REG-00005146,SIM-VIN-0000005146,AcquiredBook
STEND-00000643,STPOLICY00005151,RISK00005151,2023-02-07,Address Move,Motor,"ZAR 791,066.26",KwaZulu-Natal,SIM-3002,2017,SIM-REG-00005151,SIM-VIN-0000005151,AcquiredBook
STEND-00000644,STPOLICY00005156,RISK00005156,2022/12/01,Endorsement,Commercial,1914682.80,Mpumalanga,SIM-7001,,,,EndorsementPortal
STEND-00000645,STPOLICY00005160,RISK00005160,25/11/2022,Address Move,Commercial,10159171.88,KwaZulu-Natal,SIM-3002,,,,AcquiredBook
STEND-00000646,STPOLICY00005160,RISK00005160,2022/12/29,Cover Adjustment,Commercial,"ZAR 8,830,475.63",KwaZulu-Natal,SIM-3101,,,,PolicyAdmin
STEND-00000647,STPOLICY00005183,RISK00005183,2022/10/23,Vehicle Update,Motor,"2.865.816,25",Free State,SIM-5001,2022,SIM-REG-00005183,SIM-VIN-0000005183,AcquiredBook
STEND-00000648,STPOLICY00005188,RISK00005188,2023/03/23,Cover Adjustment,Commercial,"2,107,815.30",Limpopo,SIM-6001,,,,EndorsementPortal
STEND-00000649,STPOLICY00005201,RISK00005201,2023-07-02,Vehicle Update,Home Contents,"270.438,12",Limpopo,SIM-6001,,,,PolicyAdmin
STEND-00000650,STPOLICY00005204,RISK00005204,2024/05/02,Vehicle Update,Motor,"3,228,022.71",KwaZulu-Natal,SIM-3101,2018,SIM-REG-00005204,SIM-VIN-0000005204,PolicyAdmin
STEND-00000651,STPOLICY00005207,RISK00005207,14/02/2026,Cover Adjustment,Motor,2556635.14,Mpumalanga,SIM-7001,2003,SIM-REG-00005207,SIM-VIN-0000005207,AcquiredBook
STEND-00000652,STPOLICY00005215,RISK00005215,24/06/2024,Cover Adjustment,Commercial,"2,004,383.41",Limpopo,SIM-6001,,,,EndorsementPortal
STEND-00000653,STPOLICY00005215,RISK00005215,03/08/2024,Sum Insured Change,Commercial,"3,073,347.63",Limpopo,SIM-6001,,,,EndorsementPortal
STEND-00000654,STPOLICY00005223,RISK00005223,2026/05/18,Endorsement,Motor,"R 3,980,505.78",Mpumalanga,,1995,SIM-REG-00005223,SIM-VIN-0000005223,EndorsementPortal
STEND-00000655,STPOLICY00005230,RISK00005230,18/01/2023,Address Move,Motor,1566154.77,Mpumalanga,SIM-7001,2022,SIM-REG-00005230,SIM-VIN-0000005230,EndorsementPortal
STEND-00000656,STPOLICY00005246,RISK00005246,03-09-2022,Address Move,Commercial,"34.074.796,83",Mpumalanga,SIM-7001,,,,AcquiredBook
STEND-00000657,STPOLICY00005280,RISK00005280,2023/07/17,Vehicle Update,Commercial,17463069.87,Mpumalanga,SIM-7001,,,,AcquiredBook
STEND-00000658,STPOLICY00005285,RISK00005285,2023/05/01,Sum Insured Change,Household,,Northern Cape,SIM-9001,,,,AcquiredBook
STEND-00000659,STPOLICY00005295,RISK00005295,05-24-2023,Address Move,Motor,"ZAR 1,575,885.44",Free State,SIM-5001,1999,SIM-REG-00005295,SIM-VIN-0000005295,AcquiredBook
STEND-00000660,STPOLICY00005302,RISK00005302,20/07/2023,Cover Adjustment,Motor,109.56,Free State,SIM-5001,2015,SIM-REG-00005302,SIM-VIN-0000005302,PolicyAdmin
STEND-00000661,STPOLICY00005313,RISK00005313,2022/04/22,Endorsement,Commercial,"ZAR 794,724.90",Limpopo,SIM-6001,,,,EndorsementPortal
STEND-00000662,STPOLICY00005327,RISK00005327,2023-04-01,Cover Adjustment,Commercial,"ZAR 12,154,229.65",Mpumalanga,SIM-7001,,,,EndorsementPortal
STEND-00000663,STPOLICY00005327,RISK00005327,06-20-2023,Cover Adjustment,Commercial,"13.205.550,04",Mpumalanga,SIM-7001,,,,AcquiredBook
STEND-00000664,STPOLICY00005343,RISK00005343,2023-08-04,Endorsement,Commercial,"ZAR 20,730,354.88",Western Cape,SIM-2002,,,,PolicyAdmin
STEND-00000665,STPOLICY00005344,RISK00005344,2022/09/15,Endorsement,Commercial,"12,046,310.31",KwaZulu-Natal,SIM-3101,,,,AcquiredBook
STEND-00000666,STPOLICY00005344,RISK00005344,12-13-2022,Vehicle Update,Commercial,10699594.66,KwaZulu-Natal,SIM-3001,,,,AcquiredBook
STEND-00000667,STPOLICY00005347,RISK00005347,11/09/2024,Endorsement,Commercial,"13.692.506,69",North West,SIM-8001,,,,AcquiredBook
STEND-00000668,STPOLICY00005360,RISK00005360,12-04-2023,Address Move,Motor,"3,385,164.67",KwaZulu-Natal,SIM-3002,2022,SIM-REG-00005360,SIM-VIN-0000005360,EndorsementPortal
STEND-00000669,STPOLICY00005360,RISK00005360,2024-06-08,Sum Insured Change,Motor,3860590.21,KwaZulu-Natal,SIM-3101,2022,SIM-REG-00005360,SIM-VIN-0000005360,AcquiredBook
STEND-00000670,STPOLICY00005373,RISK00005373,2023-10-13,Address Move,Commercial,"R 14,624,303.67",Eastern Cape,SIM-4001,,,,PolicyAdmin
STEND-00000671,STPOLICY00005378,RISK00005378,12/12/2023,Vehicle Update,Motor,3105292.87,Western Cape,SIM-2101,2015,SIM-REG-00005378,SIM-VIN-0000005378,AcquiredBook
STEND-00000672,STPOLICY00005401,RISK00005401,2023/03/31,Endorsement,Motor,1347736.68,Gauteng,SIM-1001,2011,SIM-REG-00005401,SIM-VIN-0000005401,EndorsementPortal
STEND-00000673,STPOLICY00005424,RISK00005424,03-30-2024,Address Move,Motor,"ZAR 231,048.35",Eastern Cape,SIM-4001,2017,SIM-REG-00005424,SIM-VIN-0000005424,AcquiredBook
STEND-00000674,STPOLICY00005444,RISK00005444,10-16-2023,Sum Insured Change,Commercial,2808088.23,Limpopo,SIM-6001,,,,PolicyAdmin
STEND-00000675,STPOLICY00005454,RISK00005454,07/11/2022,Address Move,Motor,"ZAR 182,093.78",North West,SIM-8001,2000,SIM-REG-00005454,SIM-VIN-0000005454,PolicyAdmin
STEND-00000676,STPOLICY00005467,RISK00005467,2023-11-22,Vehicle Update,Household,"R 1,218,249.81",Northern Cape,SIM-9001,,,,EndorsementPortal
STEND-00000677,STPOLICY00005468,RISK00005468,2026/06/11,Endorsement,Motor,"ZAR 1,888,056.75",Northern Cape,SIM-9001,1993,SIM-REG-00005468,SIM-VIN-0000005468,PolicyAdmin
STEND-00000678,STPOLICY00005472,RISK00005472,26/06/2022,Sum Insured Change,Commercial,"9.811.796,68",North West,SIM-8001,,,,AcquiredBook
STEND-00000679,STPOLICY00005474,RISK00005474,2025-05-20,Cover Adjustment,Motor,"R 1,680,407.45",Limpopo,SIM-6001,2011,SIM-REG-00005474,SIM-VIN-0000005474,EndorsementPortal
STEND-00000680,STPOLICY00005477,RISK00005477,2023/06/21,Endorsement,Commercial,34668467.57,Eastern Cape,SIM-4001,,,,PolicyAdmin
STEND-00000681,STPOLICY00005486,RISK00005486,11/01/2023,Cover Adjustment,Commercial,"1,393,391.57",North West,SIM-8001,,,,PolicyAdmin
STEND-00000682,STPOLICY00005490,RISK00005490,03-19-2023,Address Move,Motor,"1,597,999.06",Northern Cape,SIM-9001,2024,SIM-REG-00005490,SIM-VIN-0000005490,PolicyAdmin
STEND-00000683,STPOLICY00005492,RISK00005492,25/07/2026,Cover Adjustment,Commercial,"ZAR 25,254,270.11",Limpopo,SIM-6001,,,,EndorsementPortal
STEND-00000684,STPOLICY00005498,RISK00005498,2021-12-08,Sum Insured Change,Household,"1.839.071,06",Northern Cape,SIM-9001,,,,PolicyAdmin
STEND-00000685,STPOLICY00005503,RISK00005503,07/11/2022,Endorsement,Home Contents,2688431.69,North West,SIM-8001,,,,EndorsementPortal
STEND-00000686,MISSING-342175,RISK00005506,2024/03/25,Sum Insured Change,Commercial,"1.015.862,72",North West,SIM-8001,,,,PolicyAdmin
STEND-00000687,STPOLICY00005507,RISK00005507,2023-02-07,Cover Adjustment,Commercial,"ZAR 7,937,833.69",Limpopo,SIM-6001,,,,PolicyAdmin
STEND-00000688,STPOLICY00005514,RISK00005514,2022/04/28,Address Move,Household,"893.065,61",Gauteng,SIM-1001,,,,EndorsementPortal
STEND-00000689,STPOLICY00005519,RISK00005519,07-09-2023,Cover Adjustment,Commercial,"R 14,105,202.54",Gauteng,SIM-1001,,,,AcquiredBook
STEND-00000690,STPOLICY00005525,RISK00005525,2023-11-24,Vehicle Update,Commercial,"29.468.226,33",North West,SIM-8001,,,,EndorsementPortal
STEND-00000691,STPOLICY00005529,RISK00005529,11-11-2022,Sum Insured Change,Motor,"ZAR 2,486,841.21",Northern Cape,SIM-9001,2011,SIM-REG-00005529,SIM-VIN-0000005529,PolicyAdmin
STEND-00000692,STPOLICY00005546,RISK00005546,21/02/2024,Cover Adjustment,Household,"3,070,073.25",North West,SIM-8001,,,,PolicyAdmin
STEND-00000693,STPOLICY00005548,RISK00005548,23/11/2024,Vehicle Update,Motor,2658277.47,KwaZulu-Natal,SIM-3002,1996,SIM-REG-00005548,SIM-VIN-0000005548,AcquiredBook
STEND-00000694,STPOLICY00005560,RISK00005560,12-30-2024,Vehicle Update,Commercial,8329816.00,Western Cape,SIM-2001,,,,PolicyAdmin
STEND-00000695,STPOLICY00005565,RISK00005565,2023-04-21,Address Move,Commercial,ZAR 437.90,Gauteng,SIM-1003,,,,AcquiredBook
STEND-00000696,STPOLICY00005565,RISK00005565,07-01-2023,Cover Adjustment,Commercial,384.76,Gauteng,SIM-1003,,,,EndorsementPortal
STEND-00000697,STPOLICY00005580,RISK00005580,2023-05-18,Vehicle Update,SME Commercial,"ZAR 3,787,210.80",Gauteng,SIM-1003,,,,PolicyAdmin
STEND-00000698,STPOLICY00005592,RISK00005592,24/10/2022,Cover Adjustment,Household,R 693.00,Northern Cape,SIM-9001,,,,AcquiredBook
STEND-00000699,STPOLICY00005592,RISK00005592,2023-01-01,Sum Insured Change,Household,781.03,Northern Cape,SIM-9001,,,,AcquiredBook
STEND-00000700,STPOLICY00005593,RISK00005593,27/10/2025,Endorsement,Commercial,"142,687.68",Mpumalanga,SIM-7001,,,,PolicyAdmin
STEND-00000701,STPOLICY00005596,RISK00005596,2022/08/02,Cover Adjustment,Household,"5.005.269,03",KwaZulu-Natal,SIM-3002,,,,AcquiredBook
STEND-00000702,STPOLICY00005596,RISK00005596,03/09/2022,Cover Adjustment,Household,"3.599.527,84",KwaZulu-Natal,SIM-3001,,,,AcquiredBook
STEND-00000703,STPOLICY00005644,RISK00005644,06/06/2022,Vehicle Update,Household,"R 2,646,143.94",Northern Cape,SIM-9001,,,,PolicyAdmin
STEND-00000704,STPOLICY00005652,RISK00005652,2023-11-03,Vehicle Update,Commercial,18990171.40,Mpumalanga,SIM-7001,,,,PolicyAdmin
STEND-00000705,STPOLICY00005653,RISK00005653,09-18-2023,Vehicle Update,Motor,"4.389.670,37",Northern Cape,SIM-9001,2009,SIM-REG-00005653,SIM-VIN-0000005653,AcquiredBook
STEND-00000706,STPOLICY00005654,RISK00005654,03-20-2023,Cover Adjustment,Commercial,241342.29,Free State,SIM-5001,,,,AcquiredBook
STEND-00000707,STPOLICY00005684,RISK00005684,23/08/2023,Cover Adjustment,Household,"2.942.128,89",North West,SIM-8001,,,,PolicyAdmin
STEND-00000708,STPOLICY00005711,RISK00005711,2024/03/06,Cover Adjustment,Motor,"R 3,089,349.74",Northern Cape,SIM-9001,2022,SIM-REG-00005711,SIM-VIN-0000005711,AcquiredBook
STEND-00000709,STPOLICY00005712,RISK00005712,2024-06-06,Endorsement,Motor,"448.912,93",Northern Cape,SIM-9001,2003,SIM-REG-00005712,SIM-VIN-0000005712,PolicyAdmin
STEND-00000710,STPOLICY00005739,RISK00005739,2022-03-21,Cover Adjustment,Commercial,13334373.53,Limpopo,SIM-6001,,,,PolicyAdmin
STEND-00000711,STPOLICY00005756,RISK00005756,2023-04-01,Endorsement,Household,1866916.08,NULL,SIM-2001,,,,EndorsementPortal
STEND-00000712,STPOLICY00005762,RISK00005762,2024-08-30,Address Move,Household,"R 3,417,375.94",KwaZulu-Natal,SIM-3002,,,,EndorsementPortal
STEND-00000713,STPOLICY00005763,RISK00005763,2022/10/29,Sum Insured Change,Commercial,"2.985.734,33",North West,SIM-8001,,,,AcquiredBook
STEND-00000714,STPOLICY00005769,RISK00005769,2024/04/02,Cover Adjustment,Household,R 513.18,Limpopo,SIM-6001,,,,EndorsementPortal
STEND-00000715,STPOLICY00005783,RISK00005783,2023/10/10,Sum Insured Change,Commercial,"R 27,898,786.86",North West,SIM-8001,,,,PolicyAdmin
STEND-00000716,STPOLICY00005792,RISK00005792,04-03-2023,Address Move,Household,"ZAR 3,235,326.03",Gauteng,SIM-1003,,,,EndorsementPortal
STEND-00000717,STPOLICY00005799,RISK00005799,08-02-2024,Endorsement,Motor,"221.563,34",Western Cape,SIM-2101,2021,SIM-REG-00005799,SIM-VIN-0000005799,AcquiredBook
STEND-00000718,STPOLICY00005800,RISK00005800,04/05/2023,Vehicle Update,Motor,208783.14,Eastern Cape,SIM-4001,2008,SIM-REG-00005800,SIM-VIN-0000005800,AcquiredBook
STEND-00000719,STPOLICY00005809,RISK00005809,2023-05-09,Vehicle Update,Commercial,"R 164,468.53",Northern Cape,SIM-9001,,,,PolicyAdmin
STEND-00000720,STPOLICY00005814,RISK00005814,04-26-2024,Endorsement,Commercial,"18,141,277.02",Western Cape,SIM-2101,,,,AcquiredBook
STEND-00000721,STPOLICY00005828,RISK00005828,2022-12-12,Address Move,Commercial,"R 12,391,422.76",Gauteng,SIM-1002,,,,EndorsementPortal
STEND-00000722,STPOLICY00005840,RISK00005840,29/04/2024,Cover Adjustment,Household,"1.807.358,50",North West,SIM-8001,,,,PolicyAdmin
STEND-00000723,STPOLICY00005854,RISK00005854,08-09-2026,Address Move,Commercial,"R 11,642,774.57",Eastern Cape,SIM-4001,,,,PolicyAdmin
STEND-00000724,STPOLICY00005860,RISK00005860,2026-05-07,Sum Insured Change,Household,"R 77,368.83",Limpopo,SIM-6001,,,,AcquiredBook
STEND-00000725,STPOLICY00005864,RISK00005864,2025-01-01,Endorsement,Household,1192788.63,Northern Cape,SIM-9001,,,,AcquiredBook
STEND-00000726,STPOLICY00005874,RISK00005874,2023-09-21,Endorsement,Commercial,"2.156.201,46",Northern Cape,SIM-9001,,,,PolicyAdmin
STEND-00000727,STPOLICY00005878,RISK00005878,2023-08-12,Sum Insured Change,Household,"1.148.236,70",Free State,SIM-5001,,,,PolicyAdmin
STEND-00000728,STPOLICY00005903,RISK00005903,03/11/2022,Sum Insured Change,Household,"R 1,978,807.37",North West,SIM-8001,,,,EndorsementPortal
STEND-00000729,STPOLICY00005904,RISK00005904,06-20-2025,Sum Insured Change,Motor,"R 1,025,565.62",Gauteng,SIM-1002,1995,SIM-REG-00005904,SIM-VIN-0000005904,EndorsementPortal
STEND-00000730,STPOLICY00005914,RISK00005914,2025-11-09,Cover Adjustment,Household,"2.852.938,57",Western Cape,SIM-2001,,,,AcquiredBook
STEND-00000731,STPOLICY00005916,RISK00005916,19/02/2024,Sum Insured Change,Household,"2.079.367,12",Gauteng,SIM-1003,,,,EndorsementPortal
STEND-00000732,STPOLICY00005946,RISK00005946,03-20-2024,Sum Insured Change,Household,"R 546,001.58",Northern Cape,SIM-9001,,,,EndorsementPortal
STEND-00000733,STPOLICY00005950,RISK00005950,02-07-2023,Cover Adjustment,Household,3156307.61,Western Cape,SIM-2001,,,,PolicyAdmin
STEND-00000734,STPOLICY00005954,RISK00005954,06/05/2022,Endorsement,Commercial,"R 18,215,415.74",Mpumalanga,SIM-7001,,,,PolicyAdmin
STEND-00000735,STPOLICY00005995,RISK00005995,2023-05-10,Address Move,Household,"R 1,869,300.22",Eastern Cape,SIM-4001,,,,EndorsementPortal
STEND-00000736,STPOLICY00006003,RISK00006003,07/05/2024,Address Move,Household,"3,278,171.18",KwaZulu-Natal,SIM-3002,,,,AcquiredBook
STEND-00000737,STPOLICY00006020,RISK00006020,03-09-2024,Endorsement,Commercial,"ZAR 2,159,934.28",Free State,SIM-5001,,,,PolicyAdmin
STEND-00000738,STPOLICY00006022,RISK00006022,27/07/2023,Vehicle Update,Household,"R 1,638,124.36",Gauteng,SIM-1001,,,,AcquiredBook
STEND-00000739,STPOLICY00006023,RISK00006023,12/08/2023,Vehicle Update,Commercial,"R 1,432,581.77",Mpumalanga,SIM-7001,,,,EndorsementPortal
STEND-00000740,STPOLICY00006029,RISK00006029,2022/05/23,Sum Insured Change,Household,"3.166.370,20",Limpopo,SIM-6001,,,,AcquiredBook
STEND-00000741,STPOLICY00006036,RISK00006036,30/09/2023,Endorsement,Household,"ZAR 757,733.99",Mpumalanga,SIM-7001,,,,AcquiredBook
STEND-00000742,STPOLICY00006037,RISK00006037,09/06/2024,Vehicle Update,Motor,"664.485,62",Western Cape,SIM-2002,2011,SIM-REG-00006037,SIM-VIN-0000006037,PolicyAdmin
STEND-00000743,STPOLICY00006052,RISK00006052,04-05-2024,Address Move,Commercial,"ZAR 9,398,299.74",Free State,SIM-5001,,,,EndorsementPortal
STEND-00000744,STPOLICY00006055,RISK00006055,12/12/2023,Vehicle Update,Household,"ZAR 2,774,871.17",KwaZulu-Natal,SIM-3001,,,,EndorsementPortal
STEND-00000745,STPOLICY00006066,RISK00006066,2023-08-15,Endorsement,Motor,"1.990.966,66",Western Cape,SIM-2002,1992,SIM-REG-00006066,SIM-VIN-0000006066,PolicyAdmin
STEND-00000746,STPOLICY00006068,RISK00006068,01/06/2024,Address Move,Motor,"2.976.756,73",Eastern Cape,SIM-4001,2020,SIM-REG-00006068,SIM-VIN-0000006068,EndorsementPortal
STEND-00000747,STPOLICY00006076,RISK00006076,03-28-2024,Address Move,Commercial,6056018.79,Free State,SIM-5001,,,,EndorsementPortal
STEND-00000748,STPOLICY00006076,RISK00006076,2024-06-21,Address Move,Commercial,"R 6,843,442.32",Mpumalanga,SIM-7001,,,,PolicyAdmin
STEND-00000749,STPOLICY00006078,RISK00006078,10-31-2022,Endorsement,Commercial,2241544.83,Northern Cape,SIM-9001,,,,PolicyAdmin
STEND-00000750,STPOLICY00006080,RISK00006080,06-10-2022,Sum Insured Change,Commercial,"ZAR 618,932.82",Northern Cape,SIM-9001,,,,AcquiredBook
STEND-00000751,STPOLICY00006105,RISK00006105,2024-01-26,Endorsement,Commercial,"22.793.958,30",Northern Cape,SIM-9001,,,,EndorsementPortal
STEND-00000752,STPOLICY00006106,RISK00006106,2025/11/28,Endorsement,Household,"R 879,660.16",Eastern Cape,SIM-4001,,,,EndorsementPortal
STEND-00000753,STPOLICY00006114,RISK00006114,04-26-2023,Sum Insured Change,Commercial,8905092.85,Gauteng,SIM-1001,,,,PolicyAdmin
STEND-00000754,STPOLICY00006115,RISK00006115,2023/11/19,Address Move,Commercial,"ZAR 502,473.65",Mpumalanga,SIM-7001,,,,EndorsementPortal
STEND-00000755,STPOLICY00006146,RISK00006146,07-12-2022,Sum Insured Change,Household,"2,806,204.15",North West,SIM-8001,,,,PolicyAdmin
STEND-00000756,STPOLICY00006160,RISK00006160,12/01/2023,Cover Adjustment,Commercial,"252.746,70",Free State,SIM-5001,,,,PolicyAdmin
STEND-00000757,STPOLICY00006177,RISK00006177,02/12/2023,Endorsement,Motor,"R 198,788.17",Gauteng,SIM-1001,2020,SIM-REG-00006177,SIM-VIN-0000006177,AcquiredBook
STEND-00000758,STPOLICY00006178,RISK00006178,18/12/2022,Address Move,Commercial,"R 28,900,444.92",Mpumalanga,SIM-7001,,,,EndorsementPortal
STEND-00000759,STPOLICY00006202,RISK00006202,07-01-2024,Vehicle Update,Motor,4979479.78,North West,SIM-8001,2008,SIM-REG-00006202,SIM-VIN-0000006202,EndorsementPortal
STEND-00000760,STPOLICY00006206,RISK00006206,2023/04/09,Cover Adjustment,Household,"1,128,130.06",North West,SIM-8001,,,,AcquiredBook
STEND-00000761,STPOLICY00006211,RISK00006211,2023-01-13,Address Move,Commercial,1812198.65,Western Cape,SIM-2001,,,,PolicyAdmin
STEND-00000762,STPOLICY00006220,RISK00006220,17/10/2022,Vehicle Update,Commercial,"R 648,348.05",Limpopo,SIM-6001,,,,EndorsementPortal
STEND-00000763,STPOLICY00006223,RISK00006223,2022-07-13,Vehicle Update,Commercial,15422787.10,Limpopo,SIM-6001,,,,PolicyAdmin
STEND-00000764,STPOLICY00006247,RISK00006247,10-18-2022,Address Move,Household,186570.51,Northern Cape,SIM-9001,,,,AcquiredBook
STEND-00000765,STPOLICY00006253,RISK00006253,09-12-2023,Sum Insured Change,Commercial,25717870.26,Western Cape,SIM-2002,,,,AcquiredBook
STEND-00000766,STPOLICY00006253,RISK00006253,2023/12/06,Sum Insured Change,Commercial,"25,435,162.63",Western Cape,SIM-2101,,,,EndorsementPortal
STEND-00000767,STPOLICY00006258,RISK00006258,2023-01-09,Vehicle Update,Commercial,"ZAR 1,141,115.10",Eastern Cape,SIM-4001,,,,AcquiredBook
STEND-00000768,STPOLICY00006260,RISK00006260,2023-10-21,Address Move,Commercial,"R 6,007,256.51",Eastern Cape,NULL,,,,AcquiredBook
STEND-00000769,STPOLICY00006282,RISK00006282,2023/10/06,Vehicle Update,Motor,"4.393.442,71",Mpumalanga,SIM-7001,2009,SIM-REG-00006282,SIM-VIN-0000006282,AcquiredBook
STEND-00000770,STPOLICY00006294,RISK00006294,2021/12/08,Vehicle Update,Home Contents,"3,264,245.58",North West,SIM-8001,,,,AcquiredBook
STEND-00000771,STPOLICY00006302,RISK00006302,09/08/2024,Vehicle Update,Household,"1,409,802.97",Free State,SIM-5001,,,,EndorsementPortal
STEND-00000772,STPOLICY00006312,RISK00006312,2022/10/22,Vehicle Update,Motor,"ZAR 3,300,840.20",Northern Cape,SIM-9001,2015,SIM-REG-00006312,SIM-VIN-0000006312,AcquiredBook
STEND-00000773,STPOLICY00006325,RISK00006325,15/12/2022,Cover Adjustment,Commercial,"4,837,529.00",Gauteng,SIM-1003,,,,AcquiredBook
STEND-00000774,STPOLICY00006331,RISK00006331,2023/05/31,Address Move,Motor,"931,956.39",Gauteng,SIM-1001,2010,SIM-REG-00006331,SIM-VIN-0000006331,EndorsementPortal
STEND-00000775,STPOLICY00006346,RISK00006346,2023/12/28,Vehicle Update,Household,"1,395,274.57",Eastern Cape,SIM-4001,,,,AcquiredBook
STEND-00000776,STPOLICY00006360,RISK00006360,01-13-2024,Cover Adjustment,Household,"R 2,569,029.38",Western Cape,SIM-2101,,,,EndorsementPortal
STEND-00000777,STPOLICY00006373,RISK00006373,2022/11/20,Sum Insured Change,Commercial,"R 20,363,064.72",Limpopo,SIM-6001,,,,EndorsementPortal
STEND-00000778,STPOLICY00006396,RISK00006396,2023-12-18,Cover Adjustment,Household,"R 2,705,273.01",Eastern Cape,SIM-4001,,,,AcquiredBook
STEND-00000779,STPOLICY00006396,RISK00006396,2024-01-29,Vehicle Update,Household,3750386.94,Eastern Cape,NULL,,,,AcquiredBook
STEND-00000780,STPOLICY00006397,RISK00006397,2023-12-22,Vehicle Update,Commercial,"ZAR 28,393,145.93",Northern Cape,SIM-9001,,,,EndorsementPortal
STEND-00000781,STPOLICY00006405,RISK00006405,2022-12-31,Sum Insured Change,Motor,"1,404,086.57",Limpopo,SIM-6001,2015,SIM-REG-00006405,SIM-VIN-0000006405,EndorsementPortal
STEND-00000782,STPOLICY00006410,RISK00006410,23/09/2022,Cover Adjustment,Household,1435817.99,Gauteng,SIM-1001,,,,AcquiredBook
STEND-00000783,STPOLICY00006412,RISK00006412,12-12-2022,Endorsement,Commercial,1348047.81,Free State,SIM-5001,,,,PolicyAdmin
STEND-00000784,STPOLICY00006448,RISK00006448,2023/04/10,Address Move,Commercial,"ZAR 27,986,683.06",Northern Cape,SIM-9001,,,,EndorsementPortal
STEND-00000785,STPOLICY00006452,RISK00006452,08-02-2023,Address Move,Motor,287.41,North West,SIM-8001,2002,SIM-REG-00006452,SIM-VIN-0000006452,PolicyAdmin
STEND-00000786,STPOLICY00006461,RISK00006461,21/04/2023,Address Move,Household,"ZAR 3,748,695.84",Mpumalanga,SIM-7001,,,,PolicyAdmin
STEND-00000787,STPOLICY00006470,RISK00006470,09-13-2023,Sum Insured Change,Household,3950687.88,Eastern Cape,SIM-4001,,,,AcquiredBook
STEND-00000788,STPOLICY00006484,RISK00006484,2024/10/23,Endorsement,Commercial,"R 19,315,551.46",North West,SIM-8001,,,,PolicyAdmin
STEND-00000789,STPOLICY00006491,RISK00006491,2025-09-05,Endorsement,Motor,"R 872,362.80",KwaZulu-Natal,SIM-3101,2025,SIM-REG-00006491,SIM-VIN-0000006491,EndorsementPortal
STEND-00000790,STPOLICY00006525,RISK00006525,03/07/2023,Cover Adjustment,Household,"2,010,802.09",KwaZulu-Natal,SIM-3101,,,,AcquiredBook
STEND-00000791,STPOLICY00006525,RISK00006525,08-12-2023,Sum Insured Change,Household,"1,898,226.59",KwaZulu-Natal,SIM-3001,,,,EndorsementPortal
STEND-00000792,STPOLICY00006527,RISK00006527,04/06/2024,Sum Insured Change,Motor,"2,594,254.90",Eastern Cape,SIM-4001,2020,SIM-REG-00006527,SIM-VIN-0000006527,EndorsementPortal
STEND-00000793,STPOLICY00006559,RISK00006559,07-17-2023,Endorsement,Motor,"ZAR 2,652,845.32",Mpumalanga,SIM-7001,2019,SIM-REG-00006559,SIM-VIN-0000006559,AcquiredBook
STEND-00000794,STPOLICY00006566,RISK00006566,2025/01/23,Cover Adjustment,Commercial,24148389.91,Northern Cape,SIM-9001,,,,EndorsementPortal
STEND-00000795,STPOLICY00006576,RISK00006576,26/03/2024,Endorsement,Commercial,"ZAR 23,226,817.68",Limpopo,SIM-6001,,,,AcquiredBook
STEND-00000796,STPOLICY00006582,RISK00006582,04-05-2024,Endorsement,Commercial,"490.321,40",North West,SIM-8001,,,,PolicyAdmin
STEND-00000797,STPOLICY00006582,RISK00006582,2024-06-24,Address Move,Commercial,"R 525,108.73",North West,SIM-8001,,,,AcquiredBook
STEND-00000798,STPOLICY00006596,RISK00006596,2025-08-27,Sum Insured Change,Commercial,"ZAR 22,480,466.74",KwaZulu-Natal,SIM-3001,,,,PolicyAdmin
STEND-00000799,STPOLICY00006610,RISK00006610,2024-02-10,Vehicle Update,Commercial,"R 35,357,685.88",KwaZulu-Natal,SIM-3002,,,,AcquiredBook
STEND-00000800,STPOLICY00006611,RISK00006611,11-17-2025,Sum Insured Change,Motor,2651967.53,Mpumalanga,SIM-7001,2020,SIM-REG-00006611,SIM-VIN-0000006611,AcquiredBook
STEND-00000801,STPOLICY00006624,RISK00006624,07/03/2024,Cover Adjustment,Motor,"R 2,345,193.59",Free State,SIM-5001,2001,,SIM-VIN-0000006624,EndorsementPortal
STEND-00000802,STPOLICY00006638,RISK00006638,2024/06/15,Address Move,Household,"1.573.006,41",KwaZulu-Natal,SIM-3101,,,,PolicyAdmin
STEND-00000803,STPOLICY00006640,RISK00006640,05-09-2024,Address Move,Household,"R 79,330.30",Gauteng,SIM-1001,,,,PolicyAdmin
STEND-00000804,STPOLICY00006645,RISK00006645,2023/08/01,Vehicle Update,Commercial,"ZAR 2,094,866.43",North West,SIM-8001,,,,PolicyAdmin
STEND-00000805,STPOLICY00006649,RISK00006649,25/07/2023,Cover Adjustment,Household,"ZAR 48,871.70",KwaZulu-Natal,NULL,,,,EndorsementPortal
STEND-00000806,STPOLICY00006657,RISK00006657,2023/05/30,Address Move,Commercial,"2,870,723.21",Gauteng,SIM-1002,,,,AcquiredBook
STEND-00000807,STPOLICY00006680,RISK00006680,04/08/2022,Endorsement,Motor,"875.721,01",Eastern Cape,SIM-4001,2001,SIM-REG-00006680,SIM-VIN-0000006680,PolicyAdmin
STEND-00000808,STPOLICY00006682,RISK00006682,2022/09/16,Cover Adjustment,Household,"R 2,047,067.92",Mpumalanga,SIM-7001,,,,EndorsementPortal
STEND-00000809,STPOLICY00006683,RISK00006683,05-22-2025,Address Move,Commercial,"ZAR 29,797,378.46",Mpumalanga,SIM-7001,,,,EndorsementPortal
STEND-00000810,STPOLICY00006693,RISK00006693,2025/09/29,Vehicle Update,Household,1011903.68,Eastern Cape,SIM-4001,,,,AcquiredBook
STEND-00000811,STPOLICY00006705,RISK00006705,2023-04-12,Cover Adjustment,Household,"2,453,735.25",Gauteng,SIM-1001,,,,PolicyAdmin
STEND-00000812,STPOLICY00006706,RISK00006706,21/03/2022,Address Move,SME Commercial,"ZAR 646,217.36",Northern Cape,SIM-9001,,,,AcquiredBook
STEND-00000813,STPOLICY00006721,RISK00006721,03-22-2023,Sum Insured Change,Commercial,"ZAR 1,091,973.01",KwaZulu-Natal,SIM-3101,,,,EndorsementPortal
STEND-00000814,STPOLICY00006721,RISK00006721,2023-05-15,Cover Adjustment,Commercial,"R 980,470.28",KwaZulu-Natal,SIM-3001,,,,PolicyAdmin
STEND-00000815,STPOLICY00006731,RISK00006731,04-28-2023,Address Move,Household,772144.52,Mpumalanga,SIM-7001,,,,PolicyAdmin
STEND-00000816,STPOLICY00006736,RISK00006736,2024-01-15,Cover Adjustment,Commercial,"ZAR 2,526,468.45",Gauteng,SIM-1003,,,,PolicyAdmin
STEND-00000817,STPOLICY00006737,RISK00006737,2023/04/30,Cover Adjustment,Motor,3802401.42,Free State,SIM-5001,2021,SIM-REG-00006737,SIM-VIN-0000006737,PolicyAdmin
STEND-00000818,STPOLICY00006748,RISK00006748,01-07-2024,Cover Adjustment,Motor,R 910.53,Mpumalanga,SIM-7001,2004,SIM-REG-00006748,SIM-VIN-0000006748,AcquiredBook
STEND-00000819,STPOLICY00006767,RISK00006767,09-17-2022,Sum Insured Change,Motor,1515564.53,Limpopo,SIM-6001,2014,SIM-REG-00006767,SIM-VIN-0000006767,AcquiredBook
STEND-00000820,STPOLICY00006769,RISK00006769,05-12-2023,Endorsement,Motor,"1,908,567.89",Gauteng,SIM-1002,2006,SIM-REG-00006769,SIM-VIN-0000006769,AcquiredBook
STEND-00000821,MISSING-898979,RISK00006770,2023/09/12,Endorsement,Household,R 319.06,Northern Cape,SIM-9001,,,,PolicyAdmin
STEND-00000822,STPOLICY00006771,RISK00006771,03/01/2024,Vehicle Update,Commercial,"16,734,316.62",Western Cape,SIM-2001,,,,EndorsementPortal
STEND-00000823,STPOLICY00006783,RISK00006783,02/04/2022,Cover Adjustment,Commercial,"5,838,007.40",Mpumalanga,SIM-7001,,,,PolicyAdmin
STEND-00000824,STPOLICY00006793,RISK00006793,2023/01/18,Cover Adjustment,Home Contents,"ZAR 1,452,814.76",Western Cape,SIM-2002,,,,PolicyAdmin
STEND-00000825,STPOLICY00006798,RISK00006798,06-03-2022,Cover Adjustment,Commercial,"19,262,816.48",Gauteng,SIM-1003,,,,AcquiredBook
STEND-00000826,STPOLICY00006801,RISK00006801,12-08-2022,Sum Insured Change,Motor,2276461.52,Limpopo,SIM-6001,2016,SIM-REG-00006801,SIM-VIN-0000006801,EndorsementPortal
STEND-00000827,STPOLICY00006802,RISK00006802,2024/04/25,Cover Adjustment,Commercial,"589,663.64",Western Cape,SIM-2101,,,,AcquiredBook
STEND-00000828,STPOLICY00006811,RISK00006811,2024-01-22,Endorsement,Household,"ZAR 1,232,027.66",Eastern Cape,SIM-4001,,,,PolicyAdmin
STEND-00000829,STPOLICY00006811,RISK00006811,07/03/2024,Endorsement,Household,"R 1,785,679.76",Eastern Cape,SIM-4001,,,,PolicyAdmin
STEND-00000830,STPOLICY00006821,RISK00006821,2022/03/09,Address Move,Household,"2,094,238.89",KwaZulu-Natal,SIM-3002,,,,AcquiredBook
STEND-00000831,STPOLICY00006836,RISK00006836,09-23-2025,Address Move,Commercial,31476055.07,KwaZulu-Natal,SIM-3001,,,,EndorsementPortal
STEND-00000832,STPOLICY00006843,RISK00006843,2025-07-15,Endorsement,Household,"R 2,312,421.44",North West,SIM-8001,,,,PolicyAdmin
STEND-00000833,STPOLICY00006846,RISK00006846,08-19-2024,Vehicle Update,Motor,"4.378.675,14",North West,SIM-8001,2025,SIM-REG-00006846,SIM-VIN-0000006846,EndorsementPortal
STEND-00000834,STPOLICY00006846,RISK00006846,2024-11-06,Sum Insured Change,Motor,"ZAR 3,799,800.21",North West,SIM-8001,2025,SIM-REG-00006846,SIM-VIN-0000006846,PolicyAdmin
STEND-00000835,STPOLICY00006853,RISK00006853,07-03-2026,Endorsement,Household,"2,310,992.74",Limpopo,SIM-6001,,,,AcquiredBook
STEND-00000836,STPOLICY00006854,RISK00006854,2024-06-03,Address Move,Motor,"3.865.447,08",Northern Cape,SIM-9001,2016,SIM-REG-00006854,SIM-VIN-0000006854,AcquiredBook
STEND-00000837,STPOLICY00006879,RISK00006879,2024/05/22,Sum Insured Change,Household,"R 2,187,133.63",Limpopo,SIM-6001,,,,EndorsementPortal
STEND-00000838,STPOLICY00006889,RISK00006889,05/12/2022,Sum Insured Change,Commercial,253009.91,North West,SIM-8001,,,,AcquiredBook
STEND-00000839,STPOLICY00006896,RISK00006896,09-08-2023,Endorsement,Household,"R 152,354.44",Gauteng,SIM-1003,,,,AcquiredBook
STEND-00000840,STPOLICY00006924,RISK00006924,2024/04/15,Address Move,Commercial,"466,832.21",KwaZulu-Natal,SIM-3001,,,,PolicyAdmin
STEND-00000841,STPOLICY00006940,RISK00006940,08-17-2024,Endorsement,Commercial,"12.672.183,16",Free State,SIM-5001,,,,EndorsementPortal
STEND-00000842,STPOLICY00006944,RISK00006944,12-24-2024,Vehicle Update,Commercial,1185049.16,Limpopo,SIM-6001,,,,AcquiredBook
STEND-00000843,STPOLICY00006948,RISK00006948,02-25-2023,Vehicle Update,Motor,"ZAR 3,755,641.84",Gauteng,SIM-1003,1999,SIM-REG-00006948,SIM-VIN-0000006948,EndorsementPortal
STEND-00000844,STPOLICY00006960,RISK00006960,2023/11/10,Address Move,Household,"1,219,045.15",Western Cape,SIM-2001,,,,EndorsementPortal
STEND-00000845,STPOLICY00006962,RISK00006962,2022-05-07,Cover Adjustment,Commercial,"R 24,372,353.17",Limpopo,SIM-6001,,,,AcquiredBook
STEND-00000846,STPOLICY00006965,RISK00006965,11/05/2023,Vehicle Update,Motor,"3.524.705,37",Free State,SIM-5001,2024,SIM-REG-00006965,SIM-VIN-0000006965,EndorsementPortal
STEND-00000847,STPOLICY00006971,RISK00006971,2022-03-30,Cover Adjustment,Motor,695543.57,KwaZulu-Natal,SIM-3101,2001,SIM-REG-00006971,SIM-VIN-0000006971,AcquiredBook
STEND-00000848,STPOLICY00006971,RISK00006971,2022-05-15,Sum Insured Change,Motor,842770.62,KwaZulu-Natal,SIM-3001,2001,SIM-REG-00006971,SIM-VIN-0000006971,EndorsementPortal
STEND-00000849,STPOLICY00006977,RISK00006977,04-12-2024,Cover Adjustment,Motor,"997.698,93",Limpopo,SIM-6001,2012,SIM-REG-00006977,SIM-VIN-0000006977,EndorsementPortal
STEND-00000850,STPOLICY00006977,RISK00006977,2024/06/08,Address Move,Motor,679395.31,Limpopo,SIM-6001,2012,SIM-REG-00006977,SIM-VIN-0000006977,EndorsementPortal
STEND-00000851,STPOLICY00006981,RISK00006981,23/07/2024,Endorsement,Motor,"ZAR 1,478,458.75",Western Cape,SIM-2101,2009,SIM-REG-00006981,SIM-VIN-0000006981,AcquiredBook
STEND-00000852,STPOLICY00006997,RISK00006997,2022/07/23,Endorsement,Commercial,"R 27,694,327.17",North West,SIM-8001,,,,EndorsementPortal
STEND-00000853,STPOLICY00007013,RISK00007013,2022/05/15,Vehicle Update,Household,"574,321.41",KwaZulu-Natal,SIM-3002,,,,EndorsementPortal
STEND-00000854,STPOLICY00007013,RISK00007013,22/06/2022,Address Move,Household,"816,890.12",KwaZulu-Natal,SIM-3101,,,,EndorsementPortal
STEND-00000855,STPOLICY00007015,RISK00007015,2025-04-10,Vehicle Update,Motor,408431.03,Free State,SIM-5001,2001,SIM-REG-00007015,SIM-VIN-0000007015,AcquiredBook
STEND-00000856,STPOLICY00007020,RISK00007020,15/09/2023,Address Move,Motor,"R 3,985,388.13",Free State,SIM-5001,1992,SIM-REG-00007020,SIM-VIN-0000007020,AcquiredBook
STEND-00000857,STPOLICY00007021,RISK00007021,2021/11/11,Address Move,Household,1470629.99,Limpopo,SIM-6001,,,,PolicyAdmin
STEND-00000858,STPOLICY00007032,RISK00007032,2024-02-07,Sum Insured Change,Home Contents,"R 743,701.71",KwaZulu-Natal,SIM-3002,,,,EndorsementPortal
STEND-00000859,STPOLICY00007036,RISK00007036,11-08-2022,Endorsement,Motor,"R 1,919,384.99",Northern Cape,SIM-9001,1999,SIM-REG-00007036,SIM-VIN-0000007036,EndorsementPortal
STEND-00000860,STPOLICY00007036,RISK00007036,09/12/2022,Sum Insured Change,Motor,2024043.27,Northern Cape,SIM-9001,1999,SIM-REG-00007036,SIM-VIN-0000007036,EndorsementPortal
STEND-00000861,STPOLICY00007038,RISK00007038,29/04/2024,Cover Adjustment,Household,"R 1,984,196.03",Mpumalanga,SIM-7001,,,,AcquiredBook
STEND-00000862,STPOLICY00007042,RISK00007042,2026/03/25,Cover Adjustment,Household,"3,350,903.38",Limpopo,SIM-6001,,,,AcquiredBook
STEND-00000863,STPOLICY00007056,RISK00007056,14/09/2023,Endorsement,Commercial,"10,527,607.93",Free State,SIM-5001,,,,EndorsementPortal
STEND-00000864,STPOLICY00007061,RISK00007061,03-28-2024,Sum Insured Change,Commercial,"R 4,988,588.08",Eastern Cape,SIM-4001,,,,AcquiredBook
STEND-00000865,STPOLICY00007120,RISK00007120,2022/11/08,Vehicle Update,Household,2755085.94,Mpumalanga,SIM-7001,,,,PolicyAdmin
STEND-00000866,STPOLICY00007127,RISK00007127,14/08/2023,Sum Insured Change,Motor,"R 3,176,871.81",Eastern Cape,SIM-4001,1995,SIM-REG-00007127,SIM-VIN-0000007127,PolicyAdmin
STEND-00000867,STPOLICY00007136,RISK00007136,08-22-2025,Cover Adjustment,Commercial,"ZAR 18,254,085.30",KwaZulu-Natal,SIM-3101,,,,PolicyAdmin
STEND-00000868,STPOLICY00007138,RISK00007138,05-23-2023,Endorsement,Commercial,"7.066.547,49",KwaZulu-Natal,SIM-3002,,,,PolicyAdmin
STEND-00000869,STPOLICY00007145,RISK00007145,2021/10/08,Cover Adjustment,Motor,1322784.76,Limpopo,SIM-6001,1996,SIM-REG-00007145,SIM-VIN-0000007145,AcquiredBook
STEND-00000870,STPOLICY00007151,RISK00007151,05/09/2022,Endorsement,Household,"ZAR 3,672,478.05",KwaZulu-Natal,SIM-3101,,,,PolicyAdmin
STEND-00000871,STPOLICY00007173,RISK00007173,11-09-2021,Sum Insured Change,Motor,"ZAR 2,179,931.54",Northern Cape,SIM-9001,2004,SIM-REG-00007173,SIM-VIN-0000007173,AcquiredBook
STEND-00000872,STPOLICY00007182,RISK00007182,2023-03-09,Endorsement,Household,"1,274,449.81",Mpumalanga,SIM-7001,,,,AcquiredBook
STEND-00000873,STPOLICY00007198,RISK00007198,07/11/2022,Endorsement,Commercial,"ZAR 508,374.54",KwaZulu-Natal,SIM-3101,,,,AcquiredBook
STEND-00000874,STPOLICY00007212,RISK00007212,,Address Move,Commercial,"R 20,820,505.03",Western Cape,SIM-2001,,,,AcquiredBook
STEND-00000875,STPOLICY00007212,RISK00007212,2022/06/29,Address Move,Commercial,"R 20,139,193.72",Western Cape,SIM-2001,,,,AcquiredBook
STEND-00000876,STPOLICY00007222,RISK00007222,04/09/2022,Address Move,Household,"1,896,837.33",Northern Cape,SIM-9001,,,,AcquiredBook
STEND-00000877,STPOLICY00007233,RISK00007233,01-16-2024,Sum Insured Change,Motor,"ZAR 2,592,573.37",North West,SIM-8001,2019,SIM-REG-00007233,SIM-VIN-0000007233,AcquiredBook
STEND-00000878,STPOLICY00007235,RISK00007235,12-16-2022,Endorsement,Commercial,"2,936,985.51",Limpopo,SIM-6001,,,,EndorsementPortal
STEND-00000879,STPOLICY00007256,RISK00007256,23/08/2022,Address Move,Commercial,479384.12,Limpopo,SIM-6001,,,,PolicyAdmin
STEND-00000880,STPOLICY00007272,RISK00007272,03-29-2024,Endorsement,Household,"722.487,48",Eastern Cape,SIM-4001,,,,PolicyAdmin
STEND-00000881,STPOLICY00007283,RISK00007283,01-26-2023,Vehicle Update,Household,"R 1,391,479.07",Limpopo,SIM-6001,,,,AcquiredBook
STEND-00000882,STPOLICY00007287,RISK00007287,2025-12-05,Sum Insured Change,Commercial,"30,574,759.38",Free State,SIM-5001,,,,PolicyAdmin
STEND-00000883,STPOLICY00007299,RISK00007299,15/03/2021,Cover Adjustment,Commercial,"ZAR 18,188,197.93",Gauteng,SIM-1001,,,,PolicyAdmin
STEND-00000884,STPOLICY00007309,RISK00007309,04-24-2023,Endorsement,Motor,"ZAR 2,179,907.90",Northern Cape,SIM-9001,2012,SIM-REG-00007309,SIM-VIN-0000007309,PolicyAdmin
STEND-00000885,STPOLICY00007310,RISK00007310,23/10/2022,Sum Insured Change,Motor,4977171.47,Mpumalanga,SIM-7001,2014,SIM-REG-00007310,SIM-VIN-0000007310,EndorsementPortal
STEND-00000886,STPOLICY00007339,RISK00007339,2024/03/02,Vehicle Update,Motor,"35.571,98",Eastern Cape,SIM-4001,2004,SIM-REG-00007339,SIM-VIN-0000007339,PolicyAdmin
STEND-00000887,STPOLICY00007343,RISK00007343,02/09/2023,Vehicle Update,Commercial,"ZAR 18,228,724.84",Western Cape,SIM-2001,,,,PolicyAdmin
STEND-00000888,STPOLICY00007344,RISK00007344,24/02/2023,Endorsement,Motor,"2,222,837.39",Free State,SIM-5001,2010,SIM-REG-00007344,SIM-VIN-0000007344,EndorsementPortal
STEND-00000889,STPOLICY00007346,RISK00007346,2023-06-19,Endorsement,Motor,"3.828.177,51",Gauteng,SIM-1003,2025,SIM-REG-00007346,SIM-VIN-0000007346,AcquiredBook
STEND-00000890,STPOLICY00007353,RISK00007353,2023/07/31,Address Move,Motor,1261758.88,Limpopo,SIM-6001,2009,SIM-REG-00007353,SIM-VIN-0000007353,PolicyAdmin
STEND-00000891,STPOLICY00007366,RISK00007366,02/12/2023,Address Move,Motor,"423,325.99",KwaZulu-Natal,SIM-3101,2005,SIM-REG-00007366,SIM-VIN-0000007366,AcquiredBook
STEND-00000892,STPOLICY00007368,RISK00007368,2023-06-27,Sum Insured Change,Motor,R 424.40,Free State,SIM-5001,2001,SIM-REG-00007368,SIM-VIN-0000007368,AcquiredBook
STEND-00000893,STPOLICY00007368,RISK00007368,2023-08-29,Address Move,Motor,"390,90",Free State,SIM-5001,2001,SIM-REG-00007368,SIM-VIN-0000007368,PolicyAdmin
STEND-00000894,STPOLICY00007379,RISK00007379,09-06-2022,Address Move,Commercial,"19,000,483.06",Gauteng,SIM-1002,,,,EndorsementPortal
STEND-00000895,STPOLICY00007382,RISK00007382,2024/05/13,Cover Adjustment,Motor,"R 1,425,501.51",Northern Cape,SIM-9001,2021,SIM-REG-00007382,SIM-VIN-0000007382,EndorsementPortal
STEND-00000896,STPOLICY00007382,RISK00007382,07/07/2024,Vehicle Update,Motor,"R 1,269,179.58",,SIM-9001,2021,SIM-REG-00007382,SIM-VIN-0000007382,AcquiredBook
STEND-00000897,STPOLICY00007388,RISK00007388,2024/06/28,Vehicle Update,Commercial,"R 445,661.91",Gauteng,SIM-1001,,,,EndorsementPortal
STEND-00000898,STPOLICY00007395,RISK00007395,02-17-2022,Cover Adjustment,Commercial,"2.740.078,25",Gauteng,SIM-1001,,,,EndorsementPortal
STEND-00000899,STPOLICY00007396,RISK00007396,02-10-2023,Vehicle Update,Household,217798.70,KwaZulu-Natal,SIM-3001,,,,PolicyAdmin
STEND-00000900,STPOLICY00007406,RISK00007406,10-25-2023,Cover Adjustment,Household,"453,581.02",Western Cape,SIM-2002,,,,AcquiredBook
STEND-00000901,STPOLICY00007412,RISK00007412,29/05/2023,Address Move,Household,"1.412.593,75",Northern Cape,SIM-9001,,,,EndorsementPortal
STEND-00000902,STPOLICY00007428,RISK00007428,24/11/2023,Vehicle Update,Commercial,"438.108,14",Western Cape,SIM-2101,,,,EndorsementPortal
STEND-00000903,STPOLICY00007437,RISK00007437,2022-07-16,Address Move,Household,3481122.45,North West,SIM-8001,,,,PolicyAdmin
STEND-00000904,STPOLICY00007439,RISK00007439,2023/11/17,Endorsement,Household,"2.733.437,68",Eastern Cape,SIM-4001,,,,EndorsementPortal
STEND-00000905,STPOLICY00007440,RISK00007440,20/02/2024,Endorsement,Household,"3.008.071,02",Northern Cape,SIM-9001,,,,AcquiredBook
STEND-00000906,STPOLICY00007441,RISK00007441,2024/01/16,Endorsement,Household,2816627.73,KwaZulu-Natal,SIM-3001,,,,PolicyAdmin
STEND-00000907,STPOLICY00007444,RISK00007444,02-18-2024,Cover Adjustment,Household,"R 1,624,364.33",Northern Cape,SIM-9001,,,,PolicyAdmin
STEND-00000908,STPOLICY00007444,RISK00007444,11/05/2024,Sum Insured Change,Household,"R 2,304,707.35",Northern Cape,SIM-9001,,,,EndorsementPortal
STEND-00000909,STPOLICY00007448,RISK00007448,2023-11-14,Address Move,Commercial,2468264.77,Eastern Cape,SIM-4001,,,,PolicyAdmin
STEND-00000910,STPOLICY00007470,RISK00007470,09-15-2023,Sum Insured Change,Commercial,15369764.76,KwaZulu-Natal,SIM-3001,,,,EndorsementPortal
STEND-00000911,STPOLICY00007471,RISK00007471,2024-03-02,Endorsement,Motor,"ZAR 2,325,468.39",Limpopo,SIM-6001,2020,SIM-REG-00007471,SIM-VIN-0000007471,AcquiredBook
STEND-00000912,STPOLICY00007484,RISK00007484,25/04/2023,Address Move,Motor,380579.25,Eastern Cape,SIM-4001,1994,SIM-REG-00007484,SIM-VIN-0000007484,AcquiredBook
STEND-00000913,STPOLICY00007490,RISK00007490,09-21-2024,Address Move,Commercial,"3,120,932.31",Mpumalanga,SIM-7001,,,,AcquiredBook
STEND-00000914,STPOLICY00007500,RISK00007500,03-15-2023,Endorsement,Commercial,2597046.13,Limpopo,SIM-6001,,,,PolicyAdmin
STEND-00000915,STPOLICY00007511,RISK00007511,2022/09/16,Cover Adjustment,Household,"ZAR 194,476.14",KwaZulu-Natal,SIM-3002,,,,EndorsementPortal
STEND-00000916,STPOLICY00007514,RISK00007514,09-07-2024,Vehicle Update,Household,"R 54,785.97",Western Cape,SIM-2101,,,,PolicyAdmin
STEND-00000917,STPOLICY00007517,RISK00007517,12-16-2021,Sum Insured Change,Commercial,N/A,Northern Cape,SIM-9001,,,,PolicyAdmin
STEND-00000918,STPOLICY00007518,RISK00007518,2022-02-05,Endorsement,Household,"2.717.060,02",Gauteng,SIM-1002,,,,PolicyAdmin
STEND-00000919,STPOLICY00007524,RISK00007524,03-22-2022,Sum Insured Change,Commercial,"11.078.703,26",Limpopo,SIM-6001,,,,EndorsementPortal
STEND-00000920,STPOLICY00007544,RISK00007544,25/12/2022,Cover Adjustment,Commercial,1260638.01,Limpopo,SIM-6001,,,,AcquiredBook
STEND-00000921,STPOLICY00007552,RISK00007552,2022/02/13,Address Move,Motor,"214,208.98",Free State,SIM-5001,2012,,SIM-VIN-0000007552,AcquiredBook
STEND-00000922,STPOLICY00007567,RISK00007567,02-23-2023,Cover Adjustment,Commercial,"1.423.969,54",North West,SIM-8001,,,,AcquiredBook
STEND-00000923,STPOLICY00007568,RISK00007568,2026-04-02,Cover Adjustment,Commercial,"R 813,465.50",North West,SIM-8001,,,,EndorsementPortal
STEND-00000924,STPOLICY00007573,RISK00007573,2021-10-20,Endorsement,Household,3751197.40,Free State,SIM-5001,,,,PolicyAdmin
STEND-00000925,STPOLICY00007574,RISK00007574,2022/09/11,Cover Adjustment,Household,"2,988,301.81",Western Cape,SIM-2002,,,,AcquiredBook
STEND-00000926,STPOLICY00007580,RISK00007580,11-15-2022,Cover Adjustment,Motor,"1,943,851.29",Northern Cape,SIM-9001,1990,SIM-REG-00007580,SIM-VIN-0000007580,EndorsementPortal
STEND-00000927,STPOLICY00007601,RISK00007601,2023-03-06,Vehicle Update,Commercial,"12,592,523.36",Western Cape,SIM-2001,,,,PolicyAdmin
STEND-00000928,STPOLICY00007625,RISK00007625,2023-04-21,Endorsement,Commercial,2445019.90,KwaZulu-Natal,SIM-3001,,,,PolicyAdmin
STEND-00000929,STPOLICY00007641,RISK00007641,2023-12-04,Endorsement,Commercial,3555864.56,Free State,SIM-5001,,,,AcquiredBook
STEND-00000930,STPOLICY00007643,RISK00007643,04-02-2023,Sum Insured Change,Household,841208.39,Mpumalanga,SIM-7001,,,,PolicyAdmin
STEND-00000931,STPOLICY00007643,RISK00007643,19/05/2023,Endorsement,Household,"769.776,58",Mpumalanga,SIM-7001,,,,AcquiredBook
STEND-00000932,STPOLICY00007647,RISK00007647,2024-09-12,Vehicle Update,Household,"1.024.406,00",North West,SIM-8001,,,,EndorsementPortal
STEND-00000933,STPOLICY00007691,RISK00007691,04/04/2024,Vehicle Update,Commercial,"R 1,725,350.07",Free State,SIM-5001,,,,PolicyAdmin
STEND-00000934,STPOLICY00007699,RISK00007699,12/07/2023,Sum Insured Change,Household,"R 3,579,912.16",Northern Cape,SIM-9001,,,,AcquiredBook
STEND-00000935,STPOLICY00007710,RISK00007710,2021-05-25,Address Move,Household,4324687.41,KwaZulu-Natal,SIM-3101,,,,AcquiredBook
STEND-00000936,STPOLICY00007711,RISK00007711,2023-07-02,Cover Adjustment,Commercial,"ZAR 23,364,980.98",Mpumalanga,SIM-7001,,,,PolicyAdmin
STEND-00000937,STPOLICY00007721,RISK00007721,2023-09-04,Cover Adjustment,Household,"R 1,933,643.12",Free State,SIM-5001,,,,AcquiredBook
STEND-00000938,STPOLICY00007726,RISK00007726,2023/02/17,Cover Adjustment,Household,"R 2,053,591.87",Limpopo,SIM-6001,,,,EndorsementPortal
STEND-00000939,STPOLICY00007731,RISK00007731,2022-07-19,Address Move,Motor,"2.304.298,01",Limpopo,SIM-6001,1993,SIM-REG-00007731,SIM-VIN-0000007731,PolicyAdmin
STEND-00000940,STPOLICY00007736,RISK00007736,2023-11-18,Cover Adjustment,Commercial,"ZAR 10,235,870.21",Mpumalanga,SIM-7001,,,,EndorsementPortal
STEND-00000941,STPOLICY00007755,RISK00007755,04-29-2023,Sum Insured Change,Commercial,"ZAR 9,660,480.34",Free State,SIM-5001,,,,PolicyAdmin
STEND-00000942,STPOLICY00007764,RISK00007764,2023-10-17,Sum Insured Change,Commercial,"22,961,729.00",Gauteng,SIM-1002,,,,EndorsementPortal
STEND-00000943,STPOLICY00007774,RISK00007774,2026/02/09,Cover Adjustment,Commercial,11304753.08,North West,SIM-8001,,,,AcquiredBook
STEND-00000944,STPOLICY00007787,RISK00007787,03-08-2024,Sum Insured Change,Commercial,"20.197.603,91",Western Cape,SIM-2101,,,,AcquiredBook
STEND-00000945,STPOLICY00007787,RISK00007787,20/05/2024,Endorsement,Commercial,"24.435.057,14",Western Cape,SIM-2101,,,,AcquiredBook
STEND-00000946,STPOLICY00007802,RISK00007802,07-07-2022,Cover Adjustment,Motor,"1.057.320,69",Western Cape,SIM-2002,1994,SIM-REG-00007802,SIM-VIN-0000007802,AcquiredBook
STEND-00000947,STPOLICY00007826,RISK00007826,2022/08/04,Vehicle Update,Motor,"ZAR 3,574,708.72",NULL,SIM-8001,2023,SIM-REG-00007826,SIM-VIN-0000007826,PolicyAdmin
STEND-00000948,STPOLICY00007826,RISK00007826,2022-09-26,Sum Insured Change,Motor,"2,678,857.83",North West,SIM-8001,2023,SIM-REG-00007826,SIM-VIN-0000007826,AcquiredBook
STEND-00000949,STPOLICY00007828,RISK00007828,08-04-2023,Sum Insured Change,Motor,"ZAR 1,091,155.64",KwaZulu-Natal,SIM-3001,1990,SIM-REG-00007828,SIM-VIN-0000007828,PolicyAdmin
STEND-00000950,STPOLICY00007828,RISK00007828,2023-10-28,Sum Insured Change,Motor,"R 1,055,862.09",KwaZulu-Natal,SIM-3001,1990,SIM-REG-00007828,SIM-VIN-0000007828,EndorsementPortal
STEND-00000951,STPOLICY00007835,RISK00007835,31/31/2024,Address Move,Motor,"ZAR 2,348,222.54",Mpumalanga,SIM-7001,2019,SIM-REG-00007835,SIM-VIN-0000007835,EndorsementPortal
STEND-00000952,STPOLICY00007839,RISK00007839,2023-06-04,Address Move,Motor,1292817.45,Gauteng,SIM-1002,1997,SIM-REG-00007839,SIM-VIN-0000007839,EndorsementPortal
STEND-00000953,STPOLICY00007850,RISK00007850,07/04/2024,Endorsement,Commercial,"3.407.977,83",Limpopo,SIM-6001,,,,EndorsementPortal
STEND-00000954,STPOLICY00007861,RISK00007861,02-03-2022,Cover Adjustment,Commercial,"ZAR 1,663,894.65",Eastern Cape,SIM-4001,,,,AcquiredBook
STEND-00000955,STPOLICY00007873,RISK00007873,23/04/2024,Endorsement,Motor,"1,993,612.42",North West,SIM-8001,2003,SIM-REG-00007873,SIM-VIN-0000007873,EndorsementPortal
STEND-00000956,STPOLICY00007887,RISK00007887,2022/11/07,Address Move,Motor,4018456.10,KwaZulu-Natal,SIM-3002,2001,SIM-REG-00007887,SIM-VIN-0000007887,AcquiredBook
STEND-00000957,STPOLICY00007898,RISK00007898,01-21-2023,Address Move,Motor,1647987.82,KwaZulu-Natal,SIM-3001,2001,SIM-REG-00007898,SIM-VIN-0000007898,AcquiredBook
STEND-00000958,STPOLICY00007900,RISK00007900,2023-07-10,Address Move,Commercial,"27.631.479,77",Limpopo,SIM-6001,,,,EndorsementPortal
STEND-00000959,STPOLICY00007905,RISK00007905,03-22-2023,Cover Adjustment,Commercial,23540147.21,Gauteng,SIM-1001,,,,AcquiredBook
STEND-00000960,STPOLICY00007926,RISK00007926,12-01-2022,Cover Adjustment,Motor,424.93,Northern Cape,SIM-9001,2024,SIM-REG-00007926,SIM-VIN-0000007926,PolicyAdmin
STEND-00000961,STPOLICY00007926,RISK00007926,01/01/2023,Vehicle Update,Motor,R 436.56,Northern Cape,SIM-9001,2024,SIM-REG-00007926,SIM-VIN-0000007926,PolicyAdmin
STEND-00000962,STPOLICY00007928,RISK00007928,29/06/2022,Address Move,Motor,"1,645,705.12",North West,SIM-8001,2006,SIM-REG-00007928,SIM-VIN-0000007928,PolicyAdmin
STEND-00000963,STPOLICY00007937,RISK00007937,05-26-2023,Address Move,Motor,"R 1,144,269.72",Limpopo,SIM-6001,1995,SIM-REG-00007937,SIM-VIN-0000007937,EndorsementPortal
STEND-00000964,STPOLICY00007938,RISK00007938,08-15-2024,Address Move,Motor,"637.392,44",Limpopo,SIM-6001,2022,SIM-REG-00007938,SIM-VIN-0000007938,AcquiredBook
STEND-00000965,MISSING-973119,RISK00007945,2023/02/10,Endorsement,Motor,"R 3,244,148.92",Free State,SIM-5001,1995,SIM-REG-00007945,SIM-VIN-0000007945,EndorsementPortal
STEND-00000966,STPOLICY00007960,RISK00007960,2022-07-05,Address Move,Motor,"2.743.953,32",Western Cape,SIM-2101,2009,SIM-REG-00007960,SIM-VIN-0000007960,PolicyAdmin
STEND-00000967,STPOLICY00007966,RISK00007966,09-15-2023,Address Move,Household,"ZAR 737,976.53",Northern Cape,SIM-9001,,,,PolicyAdmin
STEND-00000968,STPOLICY00007979,RISK00007979,06-18-2022,Vehicle Update,Household,"1.187.783,07",Gauteng,SIM-1001,,,,EndorsementPortal
STEND-00000969,STPOLICY00007980,RISK00007980,08-31-2023,Address Move,Motor,"ZAR 1,584,538.55",Gauteng,SIM-1001,1998,SIM-REG-00007980,SIM-VIN-0000007980,EndorsementPortal
STEND-00000970,STPOLICY00007988,RISK00007988,07-15-2022,Sum Insured Change,Commercial,"R 27,101,899.91",KwaZulu-Natal,SIM-3101,,,,EndorsementPortal
STEND-00000971,STPOLICY00007996,RISK00007996,01-13-2024,Cover Adjustment,Commercial,"ZAR 1,622,536.77",Limpopo,SIM-6001,,,,EndorsementPortal
STEND-00000972,STPOLICY00007999,RISK00007999,15/04/2024,Sum Insured Change,Commercial,"ZAR 33,253,312.84",Western Cape,SIM-2001,,,,AcquiredBook
STEND-00000973,STPOLICY00008004,RISK00008004,30/04/2024,Endorsement,Motor,166.63,Limpopo,SIM-6001,2025,SIM-REG-00008004,SIM-VIN-0000008004,EndorsementPortal
STEND-00000974,STPOLICY00008011,RISK00008011,2025/07/24,Cover Adjustment,Motor,"R 1,904,639.78",North West,SIM-8001,2020,SIM-REG-00008011,SIM-VIN-0000008011,PolicyAdmin
STEND-00000975,STPOLICY00008018,RISK00008018,05-09-2023,Endorsement,Commercial,"ZAR 368,631.56",Gauteng,SIM-1002,,,,PolicyAdmin
STEND-00000976,STPOLICY00008023,RISK00008023,08-13-2022,Vehicle Update,Household,638007.02,Free State,SIM-5001,,,,AcquiredBook
STEND-00000977,STPOLICY00008048,RISK00008048,01-28-2023,Sum Insured Change,Commercial,"ZAR 2,429,862.49",Limpopo,SIM-6001,,,,EndorsementPortal
STEND-00000978,STPOLICY00008055,RISK00008055,07/12/2022,Vehicle Update,Commercial,"R 897,599.19",,SIM-7001,,,,PolicyAdmin
STEND-00000979,STPOLICY00008064,RISK00008064,2023-06-12,Sum Insured Change,Commercial,"ZAR 101,731.31",Eastern Cape,SIM-4001,,,,AcquiredBook
STEND-00000980,STPOLICY00008074,RISK00008074,2023-07-27,Sum Insured Change,Commercial,"ZAR 156,244.46",Northern Cape,SIM-9001,,,,AcquiredBook
STEND-00000981,STPOLICY00008077,RISK00008077,16/09/2023,Sum Insured Change,Commercial,"ZAR 360,996.55",North West,SIM-8001,,,,EndorsementPortal
STEND-00000982,STPOLICY00008084,RISK00008084,2024-08-27,Address Move,SME Commercial,"2.077.916,84",Eastern Cape,SIM-4001,,,,AcquiredBook
STEND-00000983,STPOLICY00008098,RISK00008098,06-06-2022,Address Move,Household,"ZAR 1,496,989.66",Northern Cape,SIM-9001,,,,PolicyAdmin
STEND-00000984,STPOLICY00008107,RISK00008107,2022/04/16,Vehicle Update,Motor,"R 1,276,778.03",North West,SIM-8001,2005,,SIM-VIN-0000008107,AcquiredBook
STEND-00000985,STPOLICY00008114,RISK00008114,2022-05-30,Vehicle Update,Commercial,"R 1,919,777.45",Free State,SIM-5001,,,,AcquiredBook
STEND-00000986,STPOLICY00008123,RISK00008123,2023-06-16,Vehicle Update,Commercial,"3.546.523,21",Eastern Cape,SIM-4001,,,,EndorsementPortal
STEND-00000987,STPOLICY00008129,RISK00008129,2023-11-29,Address Move,Motor,"R 607,574.35",Free State,SIM-5001,2003,SIM-REG-00008129,SIM-VIN-0000008129,EndorsementPortal
STEND-00000988,STPOLICY00008139,RISK00008139,06-04-2023,Cover Adjustment,Household,"1.049,49",Western Cape,SIM-2001,,,,EndorsementPortal
STEND-00000989,STPOLICY00008156,RISK00008156,09-13-2023,Endorsement,Motor,"582,780.66",Northern Cape,SIM-9001,2013,SIM-REG-00008156,SIM-VIN-0000008156,AcquiredBook
STEND-00000990,STPOLICY00008157,RISK00008157,2022-09-17,Cover Adjustment,Household,3550392.96,Mpumalanga,SIM-7001,,,,EndorsementPortal
STEND-00000991,STPOLICY00008171,RISK00008171,2023/04/07,Endorsement,Household,"ZAR 4,234,522.44",North West,SIM-8001,,,,AcquiredBook
STEND-00000992,STPOLICY00008176,RISK00008176,2022/03/28,Vehicle Update,Household,3216802.92,Limpopo,SIM-6001,,,,AcquiredBook
STEND-00000993,STPOLICY00008180,RISK00008180,2023/08/01,Cover Adjustment,Commercial,"18,982,085.23",Northern Cape,SIM-9001,,,,PolicyAdmin
STEND-00000994,STPOLICY00008193,RISK00008193,2023/12/14,Sum Insured Change,Commercial,"R 612,468.66",Eastern Cape,SIM-4001,,,,AcquiredBook
STEND-00000995,STPOLICY00008201,RISK00008201,03-07-2024,Address Move,Household,2130305.44,Limpopo,SIM-6001,,,,PolicyAdmin
STEND-00000996,STPOLICY00008227,RISK00008227,27/06/2023,Sum Insured Change,Household,"2.917.266,33",Gauteng,SIM-1003,,,,PolicyAdmin
STEND-00000997,STPOLICY00008236,RISK00008236,2024/03/04,Sum Insured Change,Motor,"ZAR 1,744,225.33",Western Cape,SIM-2002,1993,SIM-REG-00008236,SIM-VIN-0000008236,EndorsementPortal
STEND-00000998,STPOLICY00008244,RISK00008244,2023/08/29,Address Move,Motor,"2.047.211,39",Free State,SIM-5001,1999,SIM-REG-00008244,SIM-VIN-0000008244,EndorsementPortal
STEND-00000999,STPOLICY00008269,RISK00008269,10-15-2021,Sum Insured Change,Household,"R 2,608,582.51",Free State,SIM-5001,,,,AcquiredBook
STEND-00001000,STPOLICY00008269,RISK00008269,2021-12-03,Address Move,Household,"2,422,219.94",Free State,SIM-5001,,,,PolicyAdmin
STEND-00001001,STPOLICY00008282,RISK00008282,2022/06/14,Endorsement,Motor,"ZAR 179,923.32",North West,SIM-8001,1998,SIM-REG-00008282,SIM-VIN-0000008282,PolicyAdmin
STEND-00001002,STPOLICY00008289,RISK00008289,2024/03/08,Endorsement,Household,"2,145,137.14",North West,SIM-8001,,,,PolicyAdmin
STEND-00001003,STPOLICY00008289,RISK00008289,2024/05/09,Cover Adjustment,Household,"R 2,361,470.64",North West,SIM-8001,,,,EndorsementPortal
STEND-00001004,STPOLICY00008305,RISK00008305,06/08/2023,Address Move,Motor,"R 3,677,130.94",Eastern Cape,SIM-4001,2023,SIM-REG-00008305,SIM-VIN-0000008305,EndorsementPortal
STEND-00001005,STPOLICY00008309,RISK00008309,2022/12/26,Sum Insured Change,Household,3930494.55,North West,SIM-8001,,,,AcquiredBook
STEND-00001006,STPOLICY00008323,RISK00008323,14/08/2021,Vehicle Update,Motor,"ZAR 1,624,876.11",Northern Cape,SIM-9001,2009,SIM-REG-00008323,SIM-VIN-0000008323,AcquiredBook
STEND-00001007,STPOLICY00008332,RISK00008332,10-06-2023,Vehicle Update,Household,"R 1,860,664.82",Northern Cape,SIM-9001,,,,PolicyAdmin
STEND-00001008,STPOLICY00008333,RISK00008333,24/04/2022,Address Move,Household,2075557.92,Free State,SIM-5001,,,,PolicyAdmin
STEND-00001009,STPOLICY00008335,RISK00008335,01/11/2023,Sum Insured Change,Household,"1,945,987.86",KwaZulu-Natal,SIM-3001,,,,EndorsementPortal
STEND-00001010,MISSING-106632,RISK00008338,09/11/2023,Sum Insured Change,Motor,"ZAR 2,755,890.45",Eastern Cape,SIM-4001,2003,SIM-REG-00008338,SIM-VIN-0000008338,AcquiredBook
STEND-00001011,STPOLICY00008340,RISK00008340,2023-01-12,Address Move,Commercial,"ZAR 595,798.70",Limpopo,SIM-6001,,,,AcquiredBook
STEND-00001012,STPOLICY00008345,RISK00008345,2023-12-14,Address Move,Motor,"ZAR 103,790.60",KwaZulu-Natal,SIM-3001,1992,SIM-REG-00008345,SIM-VIN-0000008345,EndorsementPortal
STEND-00001013,STPOLICY00008346,RISK00008346,2024-03-23,Endorsement,Commercial,"R 9,344,009.64",Limpopo,SIM-6001,,,,AcquiredBook
STEND-00001014,STPOLICY00008358,RISK00008358,22/12/2022,Vehicle Update,Household,"ZAR 1,555,617.80",Limpopo,SIM-6001,,,,PolicyAdmin
STEND-00001015,STPOLICY00008360,RISK00008360,2024/04/01,Vehicle Update,Commercial,21552233.05,Eastern Cape,SIM-4001,,,,PolicyAdmin
STEND-00001016,STPOLICY00008370,RISK00008370,10-02-2022,Address Move,Commercial,"ZAR 1,520,057.50",KwaZulu-Natal,SIM-3001,,,,AcquiredBook
STEND-00001017,STPOLICY00008388,RISK00008388,21/04/2023,Endorsement,MOTOR,"R 2,971,897.97",Eastern Cape,SIM-4001,2013,SIM-REG-00008388,SIM-VIN-0000008388,PolicyAdmin
STEND-00001018,STPOLICY00008423,RISK00008423,08-29-2023,Address Move,Motor,"3.311.507,13",North West,SIM-8001,2019,SIM-REG-00008423,SIM-VIN-0000008423,AcquiredBook
STEND-00001019,STPOLICY00008435,RISK00008435,2025/12/15,Cover Adjustment,Commercial,91985.06,Northern Cape,SIM-9001,,,,AcquiredBook
STEND-00001020,STPOLICY00008439,RISK00008439,2022/11/30,Vehicle Update,Motor,"ZAR 4,459,965.56",Eastern Cape,SIM-4001,2003,SIM-REG-00008439,SIM-VIN-0000008439,PolicyAdmin
STEND-00001021,STPOLICY00008465,RISK00008465,2026/03/29,Address Move,Commercial,32806353.97,Limpopo,SIM-6001,,,,PolicyAdmin
STEND-00001022,STPOLICY00008484,RISK00008484,05/12/2024,Address Move,Motor,"2.789.839,98",Eastern Cape,SIM-4001,2006,SIM-REG-00008484,SIM-VIN-0000008484,EndorsementPortal
STEND-00001023,STPOLICY00008486,RISK00008486,06-02-2023,Address Move,Household,"3.585.915,09",Mpumalanga,SIM-7001,,,,EndorsementPortal
STEND-00001024,STPOLICY00008490,RISK00008490,08-01-2021,Address Move,Motor,1816045.74,Limpopo,SIM-6001,2014,SIM-REG-00008490,SIM-VIN-0000008490,AcquiredBook
STEND-00001025,STPOLICY00008492,RISK00008492,2022-05-24,Address Move,Motor,"2.934.603,50",KwaZulu-Natal,SIM-3101,2014,SIM-REG-00008492,SIM-VIN-0000008492,AcquiredBook
STEND-00001026,STPOLICY00008505,RISK00008505,06-09-2022,Cover Adjustment,Motor,2366194.42,Free State,SIM-5001,2010,SIM-REG-00008505,SIM-VIN-0000008505,AcquiredBook
STEND-00001027,STPOLICY00008511,RISK00008511,08-29-2024,Endorsement,Commercial,"R 6,610,382.13",Mpumalanga,SIM-7001,,,,AcquiredBook
STEND-00001028,STPOLICY00008517,RISK00008517,05-15-2022,Endorsement,MOTOR,"R 2,263,417.85",Mpumalanga,SIM-7001,2013,SIM-REG-00008517,SIM-VIN-0000008517,AcquiredBook
STEND-00001029,STPOLICY00008522,RISK00008522,2022/04/07,Address Move,Commercial,"R 3,855,001.17",Gauteng,SIM-1002,,,,PolicyAdmin
STEND-00001030,STPOLICY00008535,RISK00008535,2023/05/24,Endorsement,Household,"3,540,643.77",Western Cape,SIM-2101,,,,EndorsementPortal
STEND-00001031,STPOLICY00008548,RISK00008548,05-13-2023,Endorsement,Household,"ZAR 1,697,262.10",Mpumalanga,SIM-7001,,,,AcquiredBook
STEND-00001032,STPOLICY00008548,RISK00008548,2023/07/20,Vehicle Update,Household,"ZAR 1,113,263.24",Mpumalanga,SIM-7001,,,,EndorsementPortal
STEND-00001033,STPOLICY00008554,RISK00008554,10/10/2023,Endorsement,Commercial,"R 29,108,355.05",Mpumalanga,SIM-7001,,,,EndorsementPortal
STEND-00001034,STPOLICY00008555,RISK00008555,2024/02/25,Cover Adjustment,Commercial,"R 25,681,960.14",Mpumalanga,SIM-7001,,,,PolicyAdmin
STEND-00001035,STPOLICY00008556,RISK00008556,2023/02/03,Endorsement,Motor,"ZAR 3,221,579.46",Limpopo,SIM-6001,1991,SIM-REG-00008556,SIM-VIN-0000008556,PolicyAdmin
STEND-00001036,STPOLICY00008563,RISK00008563,12/09/2022,Cover Adjustment,Commercial,"1,031,290.27",Northern Cape,SIM-9001,,,,PolicyAdmin
STEND-00001037,STPOLICY00008586,RISK00008586,03-11-2023,Sum Insured Change,Commercial,"R 2,380,453.07",Gauteng,SIM-1001,,,,PolicyAdmin
STEND-00001038,STPOLICY00008591,RISK00008591,03-01-2024,Address Move,Motor,"557.390,66",Eastern Cape,SIM-4001,2007,SIM-REG-00008591,SIM-VIN-0000008591,AcquiredBook
STEND-00001039,STPOLICY00008602,RISK00008602,05-20-2023,Cover Adjustment,Commercial,"ZAR 1,477,286.24",Free State,SIM-5001,,,,PolicyAdmin
STEND-00001040,STPOLICY00008606,RISK00008606,21/03/2023,Sum Insured Change,Commercial,"1,696,862.43",,SIM-2001,,,,AcquiredBook
STEND-00001041,STPOLICY00008628,RISK00008628,01-20-2023,Vehicle Update,Motor,"R 1,523,409.95",North West,SIM-8001,2005,SIM-REG-00008628,SIM-VIN-0000008628,PolicyAdmin
STEND-00001042,STPOLICY00008642,RISK00008642,2024/03/20,Endorsement,Household,"R 667,671.17",Limpopo,SIM-6001,,,,PolicyAdmin
STEND-00001043,STPOLICY00008643,RISK00008643,25/03/2023,Sum Insured Change,Motor,"1,191,449.42",North West,SIM-8001,1997,SIM-REG-00008643,SIM-VIN-0000008643,EndorsementPortal
STEND-00001044,STPOLICY00008647,RISK00008647,21/09/2022,Address Move,Commercial,"1,768,743.26",Western Cape,SIM-2001,,,,EndorsementPortal
STEND-00001045,STPOLICY00008648,RISK00008648,30/07/2022,Vehicle Update,Motor,3251676.31,Limpopo,SIM-6001,2011,SIM-REG-00008648,SIM-VIN-0000008648,AcquiredBook
STEND-00001046,STPOLICY00008648,RISK00008648,10-15-2022,Sum Insured Change,Motor,"R 2,445,619.22",Limpopo,SIM-6001,2011,SIM-REG-00008648,SIM-VIN-0000008648,PolicyAdmin
STEND-00001047,STPOLICY00008656,RISK00008656,2023-08-14,Sum Insured Change,Household,"3,141,032.59",North West,SIM-8001,,,,EndorsementPortal
STEND-00001048,STPOLICY00008672,RISK00008672,2023-11-11,Cover Adjustment,Commercial,"3,254,422.61",Eastern Cape,SIM-4001,,,,PolicyAdmin
STEND-00001049,STPOLICY00008672,RISK00008672,2024/02/04,Vehicle Update,Commercial,"3.871.580,64",Limpopo,SIM-6001,,,,PolicyAdmin
STEND-00001050,STPOLICY00008680,RISK00008680,2023-09-12,Address Move,Household,"1,621,469.29",Western Cape,SIM-2002,,,,PolicyAdmin
STEND-00001051,STPOLICY00008689,RISK00008689,2022/07/08,Vehicle Update,Household,"R 1,848,983.57",Eastern Cape,SIM-4001,,,,AcquiredBook
STEND-00001052,STPOLICY00008690,RISK00008690,2024/04/07,Cover Adjustment,Household,3187853.75,Limpopo,SIM-6001,,,,EndorsementPortal
STEND-00001053,STPOLICY00008703,RISK00008703,2022-11-06,Sum Insured Change,Motor,"ZAR 127,876.88",North West,SIM-8001,2020,SIM-REG-00008703,SIM-VIN-0000008703,AcquiredBook
STEND-00001054,STPOLICY00008723,RISK00008723,2023/01/08,Vehicle Update,Household,1510256.68,Eastern Cape,SIM-4001,,,,EndorsementPortal
STEND-00001055,STPOLICY00008726,RISK00008726,05/02/2023,Endorsement,Motor,"ZAR 2,030,609.20",Eastern Cape,SIM-4001,2013,SIM-REG-00008726,SIM-VIN-0000008726,PolicyAdmin
STEND-00001056,STPOLICY00008734,RISK00008734,2023-10-11,Endorsement,Household,"R 732,787.27",Northern Cape,SIM-9001,,,,EndorsementPortal
STEND-00001057,STPOLICY00008737,RISK00008737,31/08/2022,Vehicle Update,Household,"771,565.41",Limpopo,SIM-6001,,,,EndorsementPortal
STEND-00001058,STPOLICY00008749,RISK00008749,2024-11-01,Sum Insured Change,Commercial,"13.588.381,86",Gauteng,SIM-1003,,,,EndorsementPortal
STEND-00001059,STPOLICY00008756,RISK00008756,05-12-2024,Cover Adjustment,Household,"1.252.014,27",Northern Cape,SIM-9001,,,,AcquiredBook
STEND-00001060,STPOLICY00008767,RISK00008767,01-02-2024,Address Move,Motor,"1.171.411,60",Eastern Cape,SIM-4001,1996,SIM-REG-00008767,SIM-VIN-0000008767,EndorsementPortal
STEND-00001061,STPOLICY00008776,RISK00008776,2023-10-23,Sum Insured Change,Household,150510.43,Western Cape,SIM-2002,,,,EndorsementPortal
STEND-00001062,STPOLICY00008783,RISK00008783,03/04/2022,Endorsement,Household,"R 2,919,603.28",Free State,SIM-5001,,,,EndorsementPortal
STEND-00001063,STPOLICY00008792,RISK00008792,2022-08-01,Endorsement,Household,"1,776,468.29",Gauteng,SIM-1003,,,,AcquiredBook
STEND-00001064,STPOLICY00008802,RISK00008802,2023-02-06,Cover Adjustment,Commercial,"R 16,325,717.25",North West,SIM-8001,,,,AcquiredBook
STEND-00001065,STPOLICY00008802,RISK00008802,2023-05-04,Address Move,Commercial,"16,578,692.46",North West,SIM-8001,,,,AcquiredBook
STEND-00001066,STPOLICY00008814,RISK00008814,2021/10/28,Address Move,Motor,28.18,Western Cape,SIM-2101,2008,SIM-REG-00008814,SIM-VIN-0000008814,EndorsementPortal
STEND-00001067,STPOLICY00008819,RISK00008819,27/11/2022,Cover Adjustment,Motor,"708,445.10",Western Cape,SIM-2002,1998,SIM-REG-00008819,SIM-VIN-0000008819,EndorsementPortal
STEND-00001068,STPOLICY00008832,RISK00008832,03-20-2024,Sum Insured Change,Commercial,"1,481,851.79",Gauteng,SIM-1002,,,,EndorsementPortal
STEND-00001069,STPOLICY00008838,RISK00008838,12-18-2023,Vehicle Update,Commercial,"R 615,008.23",Western Cape,SIM-2001,,,,AcquiredBook
STEND-00001070,STPOLICY00008857,RISK00008857,31/31/2024,Vehicle Update,Household,"208.821,80",Western Cape,SIM-2001,,,,AcquiredBook
STEND-00001071,STPOLICY00008861,RISK00008861,11-02-2024,Vehicle Update,Household,"1.601.363,64",Free State,SIM-5001,,,,PolicyAdmin
STEND-00001072,STPOLICY00008863,RISK00008863,06-04-2023,Vehicle Update,Household,"770,387.06",Limpopo,SIM-6001,,,,EndorsementPortal
STEND-00001073,STPOLICY00008867,RISK00008867,03-17-2024,Sum Insured Change,Commercial,"R 2,243,766.68",Eastern Cape,SIM-4001,,,,PolicyAdmin
STEND-00001074,STPOLICY00008873,RISK00008873,03-27-2024,Cover Adjustment,Motor,"630.523,12",Gauteng,SIM-1002,2008,SIM-REG-00008873,SIM-VIN-0000008873,PolicyAdmin
STEND-00001075,STPOLICY00008875,RISK00008875,31/01/2024,Cover Adjustment,Commercial,"17,660,444.43",Northern Cape,SIM-9001,,,,PolicyAdmin
STEND-00001076,STPOLICY00008878,RISK00008878,2024-05-22,Cover Adjustment,Commercial,17011143.76,Limpopo,SIM-6001,,,,AcquiredBook
STEND-00001077,STPOLICY00008878,RISK00008878,2024-07-03,Cover Adjustment,Commercial,"R 20,908,371.54",Limpopo,SIM-6001,,,,AcquiredBook
STEND-00001078,STPOLICY00008885,RISK00008885,2023/12/17,Address Move,SME Commercial,"1,555,813.79",North West,SIM-8001,,,,EndorsementPortal
STEND-00001079,STPOLICY00008896,RISK00008896,01-01-2025,Endorsement,Motor,"ZAR 4,622,274.01",North West,SIM-8001,1992,SIM-REG-00008896,SIM-VIN-0000008896,AcquiredBook
STEND-00001080,STPOLICY00008900,RISK00008900,16/08/2023,Vehicle Update,Commercial,"R 615,291.46",Free State,SIM-5001,,,,AcquiredBook
STEND-00001081,STPOLICY00008907,RISK00008907,2023-11-20,Sum Insured Change,Household,759090.17,Limpopo,SIM-6001,,,,AcquiredBook
STEND-00001082,STPOLICY00008924,RISK00008924,18/12/2022,Endorsement,Household,563534.14,Gauteng,SIM-1002,,,,PolicyAdmin
STEND-00001083,STPOLICY00008929,RISK00008929,07-17-2026,Sum Insured Change,Motor,3668546.65,Northern Cape,SIM-9001,2023,SIM-REG-00008929,SIM-VIN-0000008929,EndorsementPortal
STEND-00001084,STPOLICY00008943,RISK00008943,2022-06-19,Endorsement,Household,"1,003,513.97",Mpumalanga,SIM-7001,,,,EndorsementPortal
STEND-00001085,STPOLICY00008950,RISK00008950,20/02/2022,Endorsement,Motor,975926.22,Limpopo,SIM-6001,2023,SIM-REG-00008950,SIM-VIN-0000008950,PolicyAdmin
STEND-00001086,STPOLICY00008951,RISK00008951,2023/11/06,Vehicle Update,SME Commercial,"R 902,060.85",Eastern Cape,SIM-4001,,,,AcquiredBook
STEND-00001087,STPOLICY00008982,RISK00008982,23/05/2023,Vehicle Update,Commercial,1142168.37,N/A,SIM-6001,,,,PolicyAdmin
STEND-00001088,STPOLICY00008983,RISK00008983,15/02/2022,Sum Insured Change,Household,"ZAR 1,575,235.38",Northern Cape,SIM-9001,,,,AcquiredBook
STEND-00001089,STPOLICY00008989,RISK00008989,31/07/2022,Sum Insured Change,Commercial,"6.826.243,68",KwaZulu-Natal,SIM-3101,,,,EndorsementPortal
STEND-00001090,STPOLICY00009037,RISK00009037,2023-05-28,Cover Adjustment,Commercial,2250190.37,North West,SIM-8001,,,,AcquiredBook
STEND-00001091,STPOLICY00009046,RISK00009046,11-02-2021,Address Move,Commercial,"3,125,148.61",Free State,SIM-5001,,,,EndorsementPortal
STEND-00001092,STPOLICY00009046,RISK00009046,12-24-2021,Address Move,Commercial,"R 2,623,846.78",Free State,SIM-5001,,,,AcquiredBook
STEND-00001093,STPOLICY00009070,RISK00009070,07-07-2022,Vehicle Update,Household,"ZAR 1,322,724.74",KwaZulu-Natal,SIM-3001,,,,AcquiredBook
STEND-00001094,MISSING-550036,RISK00009071,02/11/2023,Vehicle Update,Motor,"2,902,739.83",KwaZulu-Natal,SIM-3002,2003,SIM-REG-00009071,SIM-VIN-0000009071,AcquiredBook
STEND-00001095,STPOLICY00009071,RISK00009071,2023/12/31,Address Move,Motor,"ZAR 2,407,849.30",KwaZulu-Natal,SIM-3002,2003,,SIM-VIN-0000009071,EndorsementPortal
STEND-00001096,STPOLICY00009074,RISK00009074,2024/12/20,Sum Insured Change,Household,1271675.08,North West,SIM-8001,,,,AcquiredBook
STEND-00001097,STPOLICY00009080,RISK00009080,06-04-2023,Vehicle Update,Household,"2,753,143.11",North West,SIM-8001,,,,EndorsementPortal
STEND-00001098,STPOLICY00009082,RISK00009082,18/12/2024,Vehicle Update,Household,"ZAR 2,520,866.43",Northern Cape,SIM-9001,,,,EndorsementPortal
STEND-00001099,STPOLICY00009095,RISK00009095,03-26-2022,Cover Adjustment,Commercial,"14,210,954.98",Northern Cape,SIM-9001,,,,PolicyAdmin
STEND-00001100,STPOLICY00009106,RISK00009106,2023/12/12,Sum Insured Change,Household,"1,551,494.82",Western Cape,SIM-2001,,,,AcquiredBook
STEND-00001101,STPOLICY00009117,RISK00009117,2022/12/03,Address Move,Commercial,"25.605.655,51",North West,SIM-8001,,,,EndorsementPortal
STEND-00001102,STPOLICY00009124,RISK00009124,2024/02/18,Address Move,Commercial,2737990.69,Eastern Cape,SIM-4001,,,,AcquiredBook
STEND-00001103,STPOLICY00009133,RISK00009133,2023-07-27,Cover Adjustment,Motor,"ZAR 3,334,555.14",Northern Cape,SIM-9001,2019,SIM-REG-00009133,SIM-VIN-0000009133,PolicyAdmin
STEND-00001104,STPOLICY00009133,RISK00009133,18/09/2023,Sum Insured Change,Motor,4544293.06,Northern Cape,SIM-9001,2019,SIM-REG-00009133,SIM-VIN-0000009133,AcquiredBook
STEND-00001105,STPOLICY00009157,RISK00009157,2023/03/27,Address Move,Household,"R 2,045,072.94",Gauteng,SIM-1003,,,,AcquiredBook
STEND-00001106,STPOLICY00009159,RISK00009159,10-08-2023,Vehicle Update,Motor,"ZAR 2,840,705.99",Eastern Cape,SIM-4001,2011,SIM-REG-00009159,SIM-VIN-0000009159,PolicyAdmin
STEND-00001107,STPOLICY00009195,RISK00009195,04-06-2024,Vehicle Update,Household,"R 96,608.50",KwaZulu-Natal,SIM-3001,,,,EndorsementPortal
STEND-00001108,STPOLICY00009197,RISK00009197,02-04-2022,Address Move,Motor,R 216.20,Mpumalanga,NULL,2016,SIM-REG-00009197,SIM-VIN-0000009197,AcquiredBook
STEND-00001109,STPOLICY00009202,RISK00009202,2023/12/01,Sum Insured Change,SME Commercial,3670833.17,North West,SIM-8001,,,,AcquiredBook
STEND-00001110,STPOLICY00009207,RISK00009207,26/03/2024,Endorsement,Motor,"2,220,208.36",Free State,SIM-5001,2024,SIM-REG-00009207,SIM-VIN-0000009207,AcquiredBook
STEND-00001111,STPOLICY00009207,RISK00009207,04-30-2024,Endorsement,Motor,"2.740.725,78",Free State,SIM-5001,2024,SIM-REG-00009207,SIM-VIN-0000009207,AcquiredBook
STEND-00001112,STPOLICY00009208,RISK00009208,19/05/2023,Endorsement,Motor,"2,180,883.09",North West,SIM-8001,2021,SIM-REG-00009208,SIM-VIN-0000009208,PolicyAdmin
STEND-00001113,STPOLICY00009208,RISK00009208,2023-07-16,Address Move,Motor,2875747.60,North West,SIM-8001,2021,SIM-REG-00009208,SIM-VIN-0000009208,PolicyAdmin
STEND-00001114,STPOLICY00009209,RISK00009209,04/08/2022,Vehicle Update,Motor,1549178.51,Western Cape,SIM-2101,2003,SIM-REG-00009209,SIM-VIN-0000009209,AcquiredBook
STEND-00001115,STPOLICY00009233,RISK00009233,2025/03/06,Address Move,Motor,1486120.49,KwaZulu-Natal,SIM-3001,1996,SIM-REG-00009233,SIM-VIN-0000009233,PolicyAdmin
STEND-00001116,STPOLICY00009235,RISK00009235,09-26-2022,Endorsement,Household,ZAR 119.64,Limpopo,SIM-6001,,,,PolicyAdmin
STEND-00001117,STPOLICY00009256,RISK00009256,21/02/2023,Sum Insured Change,Commercial,2158539.91,Western Cape,SIM-2001,,,,EndorsementPortal
STEND-00001118,STPOLICY00009267,RISK00009267,2022/11/04,Cover Adjustment,Household,"389,222.17",Mpumalanga,SIM-7001,,,,PolicyAdmin
STEND-00001119,STPOLICY00009270,RISK00009270,02-24-2024,Endorsement,Motor,"91,600.40",Eastern Cape,SIM-4001,1998,SIM-REG-00009270,SIM-VIN-0000009270,AcquiredBook
STEND-00001120,STPOLICY00009271,RISK00009271,08-27-2023,Address Move,Household,"2,473,589.19",Limpopo,SIM-6001,,,,EndorsementPortal
STEND-00001121,STPOLICY00009281,RISK00009281,15/10/2022,Vehicle Update,Motor,421270.86,Limpopo,SIM-6001,2014,SIM-REG-00009281,SIM-VIN-0000009281,AcquiredBook
STEND-00001122,STPOLICY00009281,RISK00009281,2023/01/12,Vehicle Update,Motor,"356,539.38",Limpopo,SIM-6001,2014,SIM-REG-00009281,SIM-VIN-0000009281,EndorsementPortal
STEND-00001123,STPOLICY00009283,RISK00009283,2024/03/10,Endorsement,Commercial,"R 19,507,606.53",Western Cape,SIM-2001,,,,PolicyAdmin
STEND-00001124,STPOLICY00009283,RISK00009283,2024/04/24,Cover Adjustment,Commercial,"24.401.324,57",Western Cape,SIM-2002,,,,PolicyAdmin
STEND-00001125,STPOLICY00009286,RISK00009286,25/04/2023,Endorsement,Household,R 383.01,Free State,SIM-5001,,,,AcquiredBook
STEND-00001126,STPOLICY00009294,RISK00009294,15/12/2023,Address Move,Commercial,"ZAR 17,289,414.35",Western Cape,SIM-2001,,,,PolicyAdmin
STEND-00001127,STPOLICY00009296,RISK00009296,05-01-2023,Vehicle Update,Commercial,"R 1,930,366.06",Free State,SIM-5001,,,,AcquiredBook
STEND-00001128,STPOLICY00009299,RISK00009299,09-22-2023,Endorsement,Motor,1716117.72,Free State,SIM-5001,1996,SIM-REG-00009299,SIM-VIN-0000009299,AcquiredBook
STEND-00001129,STPOLICY00009307,RISK00009307,2024-01-31,Sum Insured Change,Household,2289003.09,North West,SIM-8001,,,,EndorsementPortal
STEND-00001130,STPOLICY00009314,RISK00009314,10-16-2023,Endorsement,Motor,"1,339,518.32",Mpumalanga,SIM-7001,2010,SIM-REG-00009314,SIM-VIN-0000009314,AcquiredBook
STEND-00001131,STPOLICY00009332,RISK00009332,10-10-2023,Sum Insured Change,Household,"1.719.407,29",Limpopo,SIM-6001,,,,EndorsementPortal
STEND-00001132,STPOLICY00009341,RISK00009341,2022-02-22,Address Move,Commercial,"R 1,849,161.27",Free State,SIM-5001,,,,PolicyAdmin
STEND-00001133,STPOLICY00009350,RISK00009350,04-18-2024,Vehicle Update,Household,"R 3,636,319.38",North West,SIM-8001,,,,EndorsementPortal
STEND-00001134,STPOLICY00009350,RISK00009350,31/05/2024,Endorsement,Household,"3.190.618,45",North West,SIM-8001,,,,PolicyAdmin
STEND-00001135,STPOLICY00009354,RISK00009354,2022-08-31,Sum Insured Change,Home Contents,1246764.60,Mpumalanga,SIM-7001,,,,PolicyAdmin
STEND-00001136,STPOLICY00009354,RISK00009354,10-30-2022,Address Move,Home Contents,1468605.17,Mpumalanga,SIM-7001,,,,PolicyAdmin
STEND-00001137,STPOLICY00009364,RISK00009364,04/10/2022,Address Move,Household,"1,564,694.80",Free State,SIM-5001,,,,AcquiredBook
STEND-00001138,STPOLICY00009371,RISK00009371,03-14-2022,Cover Adjustment,Motor,"R 3,093,683.88",Mpumalanga,SIM-7001,2006,SIM-REG-00009371,SIM-VIN-0000009371,EndorsementPortal
STEND-00001139,STPOLICY00009377,RISK00009377,19/12/2023,Vehicle Update,Household,"ZAR 2,067,288.22",Free State,SIM-5001,,,,AcquiredBook
STEND-00001140,STPOLICY00009385,RISK00009385,06/08/2022,Vehicle Update,Motor,"839,15",Eastern Cape,SIM-4001,2014,SIM-REG-00009385,SIM-VIN-0000009385,PolicyAdmin
STEND-00001141,STPOLICY00009397,RISK00009397,2022/08/06,Endorsement,Commercial,"925.923,00",Northern Cape,SIM-9001,,,,EndorsementPortal
STEND-00001142,STPOLICY00009425,RISK00009425,07-26-2022,Address Move,Motor,"2.961.959,76",North West,SIM-8001,2020,SIM-REG-00009425,SIM-VIN-0000009425,EndorsementPortal
STEND-00001143,STPOLICY00009434,RISK00009434,2023/09/26,Address Move,Household,"ZAR 4,315,291.83",Eastern Cape,SIM-4001,,,,PolicyAdmin
STEND-00001144,STPOLICY00009435,RISK00009435,20/09/2023,Sum Insured Change,Household,"ZAR 1,326,485.59",Northern Cape,SIM-9001,,,,EndorsementPortal
STEND-00001145,STPOLICY00009438,RISK00009438,07-01-2022,Sum Insured Change,MOTOR,"2.985.918,17",Mpumalanga,SIM-7001,2008,SIM-REG-00009438,SIM-VIN-0000009438,PolicyAdmin
STEND-00001146,STPOLICY00009446,RISK00009446,2022-05-23,Sum Insured Change,Household,4065091.66,Gauteng,SIM-1002,,,,PolicyAdmin
STEND-00001147,STPOLICY00009451,RISK00009451,19/02/2024,Sum Insured Change,Commercial,"966,964.71",Northern Cape,SIM-9001,,,,AcquiredBook
STEND-00001148,STPOLICY00009456,RISK00009456,2023-04-10,Vehicle Update,Motor,"124,502.08",Free State,SIM-5001,2020,SIM-REG-00009456,SIM-VIN-0000009456,AcquiredBook
STEND-00001149,STPOLICY00009458,RISK00009458,05-30-2024,Sum Insured Change,Motor,"1,391,762.33",Eastern Cape,SIM-4001,2001,SIM-REG-00009458,SIM-VIN-0000009458,PolicyAdmin
STEND-00001150,STPOLICY00009467,RISK00009467,08-17-2024,Address Move,Motor,676.19,KwaZulu-Natal,SIM-3002,1994,SIM-REG-00009467,SIM-VIN-0000009467,AcquiredBook
STEND-00001151,STPOLICY00009470,RISK00009470,2021/11/21,Vehicle Update,Commercial,"R 28,761,110.79",Mpumalanga,SIM-7001,,,,PolicyAdmin
STEND-00001152,STPOLICY00009471,RISK00009471,13/04/2024,Sum Insured Change,Motor,883746.76,Eastern Cape,SIM-4001,2016,SIM-REG-00009471,SIM-VIN-0000009471,PolicyAdmin
STEND-00001153,STPOLICY00009477,RISK00009477,02/03/2022,Endorsement,Household,"5.208.796,86",N/A,SIM-5001,,,,PolicyAdmin
STEND-00001154,STPOLICY00009504,RISK00009504,2022-04-23,Sum Insured Change,Household,198.40,Eastern Cape,SIM-4001,,,,PolicyAdmin
STEND-00001155,STPOLICY00009531,RISK00009531,03/05/2023,Endorsement,Commercial,"R 440,462.67",Mpumalanga,N/A,,,,PolicyAdmin
STEND-00001156,STPOLICY00009534,RISK00009534,2023/07/28,Cover Adjustment,Commercial,"1,329,452.22",Free State,SIM-5001,,,,EndorsementPortal
STEND-00001157,STPOLICY00009537,RISK00009537,08/03/2024,Cover Adjustment,Commercial,87463.83,,SIM-9001,,,,EndorsementPortal
STEND-00001158,STPOLICY00009541,RISK00009541,2025-10-18,Cover Adjustment,Commercial,"36,072,159.06",Limpopo,SIM-6001,,,,EndorsementPortal
STEND-00001159,STPOLICY00009547,RISK00009547,2024/02/03,Address Move,Motor,2015149.43,North West,SIM-8001,1999,SIM-REG-00009547,SIM-VIN-0000009547,EndorsementPortal
STEND-00001160,STPOLICY00009563,RISK00009563,2022-06-10,Sum Insured Change,Commercial,"ZAR 203,489.53",Limpopo,SIM-6001,,,,EndorsementPortal
STEND-00001161,STPOLICY00009564,RISK00009564,2024-19-42,Sum Insured Change,Motor,"2.807.598,55",Mpumalanga,SIM-7001,2009,SIM-REG-00009564,SIM-VIN-0000009564,EndorsementPortal
STEND-00001162,STPOLICY00009567,RISK00009567,03-28-2022,Address Move,Motor,3283418.02,Mpumalanga,SIM-7001,2016,SIM-REG-00009567,SIM-VIN-0000009567,PolicyAdmin
STEND-00001163,STPOLICY00009581,RISK00009581,12-04-2023,Address Move,Household,"R 1,277,735.60",Mpumalanga,SIM-7001,,,,EndorsementPortal
STEND-00001164,STPOLICY00009587,RISK00009587,2023-11-30,Cover Adjustment,Commercial,"ZAR 2,658,768.07",North West,SIM-8001,,,,EndorsementPortal
STEND-00001165,STPOLICY00009598,RISK00009598,2024-03-16,Cover Adjustment,Household,"R 2,506,699.47",Gauteng,SIM-1002,,,,AcquiredBook
STEND-00001166,STPOLICY00009603,RISK00009603,12-31-2023,Vehicle Update,Household,"3.392.604,21",North West,SIM-8001,,,,AcquiredBook
STEND-00001167,STPOLICY00009635,RISK00009635,12/02/2023,Vehicle Update,Commercial,"8,517,777.98",North West,SIM-8001,,,,AcquiredBook
STEND-00001168,STPOLICY00009638,RISK00009638,11-03-2022,Cover Adjustment,Household,"R 316,961.74",Free State,SIM-5001,,,,PolicyAdmin
STEND-00001169,STPOLICY00009642,RISK00009642,2023/01/15,Vehicle Update,Commercial,"24.011.760,71",Northern Cape,SIM-9001,,,,AcquiredBook
STEND-00001170,STPOLICY00009643,RISK00009643,2023/09/17,Address Move,Commercial,"R 4,009,350.25",Northern Cape,SIM-9001,,,,AcquiredBook
STEND-00001171,STPOLICY00009651,RISK00009651,2025-11-12,Endorsement,Motor,"R 496,876.40",Western Cape,SIM-2001,2017,SIM-REG-00009651,SIM-VIN-0000009651,EndorsementPortal
STEND-00001172,STPOLICY00009685,RISK00009685,09-05-2022,Address Move,Commercial,"ZAR 27,455,833.98",Free State,SIM-5001,,,,AcquiredBook
STEND-00001173,STPOLICY00009692,RISK00009692,26/11/2024,Endorsement,Motor,"R 3,059,577.02",Western Cape,SIM-2001,2009,SIM-REG-00009692,SIM-VIN-0000009692,AcquiredBook
STEND-00001174,STPOLICY00009696,RISK00009696,2023-02-09,Endorsement,Commercial,"ZAR 228,797,581.09",KwaZulu-Natal,SIM-3001,,,,PolicyAdmin
STEND-00001175,STPOLICY00009710,RISK00009710,2022-12-02,Sum Insured Change,Motor,"2,885,818.84",Western Cape,SIM-2002,1992,SIM-REG-00009710,SIM-VIN-0000009710,PolicyAdmin
STEND-00001176,STPOLICY00009711,RISK00009711,09-06-2022,Endorsement,Motor,"R 418,963.26",Eastern Cape,SIM-4001,1999,SIM-REG-00009711,SIM-VIN-0000009711,PolicyAdmin
STEND-00001177,STPOLICY00009718,RISK00009718,02-12-2025,Cover Adjustment,Commercial,"26.493.210,08",North West,SIM-8001,,,,EndorsementPortal
STEND-00001178,STPOLICY00009725,RISK00009725,2023-01-30,Vehicle Update,Commercial,"33.687.469,19",Western Cape,SIM-2002,,,,EndorsementPortal
STEND-00001179,STPOLICY00009742,RISK00009742,2022/05/19,Sum Insured Change,Household,"4,345,210.62",North West,SIM-8001,,,,AcquiredBook
STEND-00001180,STPOLICY00009743,RISK00009743,2023-07-14,Address Move,Motor,"3.159.736,36",Northern Cape,SIM-9001,2004,SIM-REG-00009743,SIM-VIN-0000009743,AcquiredBook
STEND-00001181,STPOLICY00009749,RISK00009749,2025/10/07,Endorsement,Commercial,"2.064.558,96",Northern Cape,SIM-9001,,,,AcquiredBook
STEND-00001182,STPOLICY00009753,RISK00009753,23/10/2023,Cover Adjustment,Household,786587.79,,SIM-8001,,,,PolicyAdmin
STEND-00001183,STPOLICY00009755,RISK00009755,10-26-2023,Address Move,Motor,"723.486,18",Mpumalanga,SIM-7001,0,SIM-REG-00009755,SIM-VIN-0000009755,EndorsementPortal
STEND-00001184,STPOLICY00009765,RISK00009765,01/03/2024,Address Move,Commercial,"R 258,732.87",Free State,SIM-5001,,,,AcquiredBook
STEND-00001185,STPOLICY00009768,RISK00009768,14/12/2024,Vehicle Update,Household,"4,042,602.44",Limpopo,SIM-6001,,,,PolicyAdmin
STEND-00001186,STPOLICY00009785,RISK00009785,12-29-2022,Sum Insured Change,Household,"R 349,329.86",Western Cape,SIM-2101,,,,AcquiredBook
STEND-00001187,STPOLICY00009793,RISK00009793,09-28-2022,Endorsement,Motor,"R 177,736.86",Eastern Cape,SIM-4001,2017,SIM-REG-00009793,SIM-VIN-0000009793,AcquiredBook
STEND-00001188,STPOLICY00009794,RISK00009794,08-16-2023,Address Move,Commercial,"5,778,015.40",Limpopo,SIM-6001,,,,AcquiredBook
STEND-00001189,STPOLICY00009801,RISK00009801,2023-05-11,Sum Insured Change,Motor,"3.441.181,50",Eastern Cape,SIM-4001,1940,SIM-REG-00009544,SIM-VIN-0000009801,EndorsementPortal
STEND-00001190,STPOLICY00009801,RISK00009801,2023-07-14,Address Move,Motor,"2.622.594,03",Eastern Cape,SIM-4001,1940,SIM-REG-00009544,SIM-VIN-0000009801,PolicyAdmin
STEND-00001191,STPOLICY00009816,RISK00009816,2023-09-08,Address Move,Commercial,"8.564.830,60",Eastern Cape,SIM-4001,,,,EndorsementPortal
STEND-00001192,STPOLICY00009833,RISK00009833,2026-03-15,Vehicle Update,Commercial,"R 2,958,294.23",Gauteng,SIM-1002,,,,AcquiredBook
STEND-00001193,STPOLICY00009882,RISK00009882,2023/05/29,Endorsement,Commercial,"19,288,731.61",Free State,SIM-5001,,,,AcquiredBook
STEND-00001194,STPOLICY00009892,RISK00009892,01-02-2026,Address Move,Motor,"2,979,335.21",North West,SIM-8001,1996,SIM-REG-00009892,SIM-VIN-0000009892,AcquiredBook
STEND-00001195,STPOLICY00009894,RISK00009894,2023-12-27,Sum Insured Change,Household,"R 955,592.13",Gauteng,SIM-1001,,,,PolicyAdmin
STEND-00001196,STPOLICY00009900,RISK00009900,2024-02-21,Sum Insured Change,Motor,506044.43,KwaZulu-Natal,SIM-3002,2025,SIM-REG-00009900,SIM-VIN-0000009900,PolicyAdmin
STEND-00001197,STPOLICY00009916,RISK00009916,2023-06-08,Address Move,Household,"2.003.614,60",North West,SIM-8001,,,,EndorsementPortal
STEND-00001198,STPOLICY00009922,RISK00009922,09-05-2022,Address Move,Commercial,"5,041,226.14",Gauteng,SIM-1001,,,,AcquiredBook
STEND-00001199,STPOLICY00009934,RISK00009934,2023/07/14,Vehicle Update,Motor,1239379.61,Mpumalanga,SIM-7001,1999,SIM-REG-00009934,SIM-VIN-0000009934,EndorsementPortal
STEND-00001200,STPOLICY00009955,RISK00009955,2023/08/01,Cover Adjustment,Commercial,"1,927,315.64",Free State,SIM-5001,,,,AcquiredBook
STEND-00001201,STPOLICY00009960,RISK00009960,2026/01/01,Address Move,Commercial,21153906.31,Northern Cape,SIM-9001,,,,PolicyAdmin
STEND-00001202,STPOLICY00009967,RISK00009967,12-05-2022,Sum Insured Change,Commercial,"506,642.15",Gauteng,SIM-1003,,,,PolicyAdmin
STEND-00001203,STPOLICY00009986,RISK00009986,2021/11/20,Cover Adjustment,Household,"R 745,854.69",Gauteng,SIM-1003,,,,EndorsementPortal
STEND-00001204,STPOLICY00009997,RISK00009997,03-21-2024,Cover Adjustment,Commercial,"24,953,663.37",KwaZulu-Natal,SIM-3101,,,,PolicyAdmin
STEND-00001205,STPOLICY00010004,RISK00010004,2024-11-23,Cover Adjustment,Commercial,"ZAR 11,770,810.26",Free State,SIM-5001,,,,EndorsementPortal
STEND-00001206,STPOLICY00010006,RISK00010006,06/12/2023,Sum Insured Change,Motor,"R 1,026,806.12",Northern Cape,SIM-9001,1999,SIM-REG-00010006,SIM-VIN-0000010006,AcquiredBook
STEND-00001207,STPOLICY00010016,RISK00010016,25/02/2024,Endorsement,Motor,"1.114.531,26",Gauteng,SIM-1002,2012,SIM-REG-00010016,SIM-VIN-0000010016,EndorsementPortal
STEND-00001208,STPOLICY00010021,RISK00010021,22/12/2022,Endorsement,Commercial,"39.419.021,59",Western Cape,SIM-2101,,,,AcquiredBook
STEND-00001209,STPOLICY00010022,RISK00010022,2023/10/03,Vehicle Update,Commercial,"ZAR 11,833,022.46",Mpumalanga,SIM-7001,,,,AcquiredBook
STEND-00001210,STPOLICY00010028,RISK00010028,2025/01/15,Address Move,Household,"3,324,050.12",Gauteng,SIM-1003,,,,AcquiredBook
STEND-00001211,STPOLICY00010032,RISK00010032,16/08/2022,Vehicle Update,Commercial,"ZAR 13,001,786.83",Gauteng,SIM-1002,,,,PolicyAdmin
STEND-00001212,STPOLICY00010048,RISK00010048,2023-11-08,Endorsement,SME Commercial,"1.293.649,10",Northern Cape,NULL,,,,PolicyAdmin
STEND-00001213,STPOLICY00010062,RISK00010062,2024-02-26,Sum Insured Change,Household,"2,583,302.23",Gauteng,SIM-1002,,,,EndorsementPortal
STEND-00001214,STPOLICY00010063,RISK00010063,2023/11/26,Address Move,Commercial,"ZAR 11,518,128.01",Limpopo,SIM-6001,,,,AcquiredBook
STEND-00001215,STPOLICY00010075,RISK00010075,12-07-2025,Cover Adjustment,Commercial,"33.239.633,92",Northern Cape,SIM-9001,,,,EndorsementPortal
STEND-00001216,STPOLICY00010076,RISK00010076,08-14-2024,Endorsement,Commercial,1807916.51,Mpumalanga,SIM-7001,,,,AcquiredBook
STEND-00001217,STPOLICY00010084,RISK00010084,05/10/2023,Address Move,Motor,"2.544.048,60",Western Cape,SIM-2001,1999,SIM-REG-00010084,SIM-VIN-0000010084,PolicyAdmin
STEND-00001218,STPOLICY00010094,RISK00010094,29/06/2022,Address Move,Motor,1978460.79,Western Cape,SIM-2001,2012,SIM-REG-00010094,SIM-VIN-0000010094,PolicyAdmin
STEND-00001219,STPOLICY00010095,RISK00010095,2022/07/24,Cover Adjustment,Commercial,637773.91,North West,SIM-8001,,,,AcquiredBook
STEND-00001220,STPOLICY00010100,RISK00010100,2024/03/08,Address Move,Household,"2,541,330.40",Eastern Cape,SIM-4001,,,,PolicyAdmin
STEND-00001221,STPOLICY00010106,RISK00010106,05-07-2023,Cover Adjustment,Motor,"R 212,642.89",Western Cape,SIM-2002,2013,SIM-REG-00010106,SIM-VIN-0000010106,EndorsementPortal
STEND-00001222,STPOLICY00010121,RISK00010121,03/07/2023,Sum Insured Change,Commercial,"ZAR 30,312,291.21",Eastern Cape,SIM-4001,,,,EndorsementPortal
STEND-00001223,STPOLICY00010136,RISK00010136,2023-05-22,Vehicle Update,Household,"2,985,770.70",KwaZulu-Natal,SIM-3002,,,,EndorsementPortal
STEND-00001224,STPOLICY00010137,RISK00010137,12-31-2022,Cover Adjustment,SME Commercial,"ZAR 2,329,089.62",Limpopo,SIM-6001,,,,PolicyAdmin
STEND-00001225,STPOLICY00010140,RISK00010140,06-06-2022,Address Move,Household,"3,550,967.24",Western Cape,SIM-2001,,,,EndorsementPortal
STEND-00001226,STPOLICY00010152,RISK00010152,2023/02/22,Vehicle Update,SME Commercial,"R 2,228,773.13",Gauteng,SIM-1003,,,,AcquiredBook
STEND-00001227,STPOLICY00010154,RISK00010154,31/03/2023,Endorsement,Motor,"3,025,880.32",Western Cape,SIM-2002,2010,SIM-REG-00010154,SIM-VIN-0000010154,PolicyAdmin
STEND-00001228,STPOLICY00010157,RISK00010157,2023/05/05,Sum Insured Change,Commercial,"3,402,962.02",Eastern Cape,SIM-4001,,,,EndorsementPortal
STEND-00001229,STPOLICY00010175,RISK00010175,06-11-2024,Endorsement,Household,"2.555.530,40",Free State,SIM-5001,,,,AcquiredBook
STEND-00001230,STPOLICY00010178,RISK00010178,21/12/2022,Cover Adjustment,Household,"R 818,252.92",Free State,SIM-5001,,,,EndorsementPortal
STEND-00001231,STPOLICY00010184,RISK00010184,13/01/2023,Vehicle Update,Motor,"R 2,850,359.86",KwaZulu-Natal,SIM-3001,1945,SIM-REG-00010184,SIM-VIN-0000010184,PolicyAdmin
STEND-00001232,STPOLICY00010188,RISK00010188,12/07/2022,Cover Adjustment,Household,1620287.24,Western Cape,NULL,,,,EndorsementPortal
STEND-00001233,STPOLICY00010198,RISK00010198,10-26-2023,Cover Adjustment,Household,"ZAR 2,992,105.83",Gauteng,SIM-1001,,,,PolicyAdmin
STEND-00001234,STPOLICY00010203,RISK00010203,03-25-2023,Address Move,Household,3187235.05,North West,SIM-8001,,,,PolicyAdmin
STEND-00001235,STPOLICY00010209,RISK00010209,2023/07/05,Address Move,Motor,"3,340,521.56",Limpopo,SIM-6001,2006,SIM-REG-00010209,SIM-VIN-0000010209,PolicyAdmin
STEND-00001236,STPOLICY00010216,RISK00010216,11-21-2022,Cover Adjustment,Household,"1.925.324,79",Limpopo,SIM-6001,,,,PolicyAdmin
STEND-00001237,STPOLICY00010230,RISK00010230,2023-03-24,Endorsement,Motor,2586744.66,Northern Cape,SIM-9001,0,SIM-REG-00010230,SIM-VIN-0000010230,PolicyAdmin
STEND-00001238,STPOLICY00010248,RISK00010248,10-14-2023,Endorsement,Commercial,"ZAR 103,148.60",Gauteng,SIM-1001,,,,EndorsementPortal
STEND-00001239,STPOLICY00010253,RISK00010253,2023-10-18,Sum Insured Change,Household,3053769.14,Limpopo,SIM-6001,,,,AcquiredBook
STEND-00001240,STPOLICY00010253,RISK00010253,2023/11/26,Address Move,Household,"ZAR 3,246,702.03",Limpopo,SIM-6001,,,,PolicyAdmin
STEND-00001241,STPOLICY00010256,RISK00010256,13/10/2024,Cover Adjustment,Commercial,13653164.18,North West,SIM-8001,,,,PolicyAdmin
STEND-00001242,STPOLICY00010258,RISK00010258,2022/12/10,Cover Adjustment,Household,"ZAR 5,152,123.88",Mpumalanga,SIM-7001,,,,EndorsementPortal
STEND-00001243,STPOLICY00010264,RISK00010264,,Cover Adjustment,Commercial,"R 25,745,539.43",Northern Cape,SIM-9001,,,,EndorsementPortal
STEND-00001244,STPOLICY00010278,RISK00010278,2024/03/04,Endorsement,Commercial,not recorded,Western Cape,SIM-2001,,,,EndorsementPortal
STEND-00001245,STPOLICY00010288,RISK00010288,04-08-2024,Cover Adjustment,Motor,"2.697.143,34",Free State,SIM-5001,2007,SIM-REG-00010288,SIM-VIN-0000010288,PolicyAdmin
STEND-00001246,STPOLICY00010292,RISK00010292,03-22-2022,Sum Insured Change,Motor,"1,009,272.97",KwaZulu-Natal,SIM-3101,2025,SIM-REG-00010292,SIM-VIN-0000010292,PolicyAdmin
STEND-00001247,STPOLICY00010293,RISK00010293,2022-11-22,Vehicle Update,Commercial,"R 5,522,589.35",KwaZulu-Natal,SIM-3001,,,,AcquiredBook
STEND-00001248,STPOLICY00010298,RISK00010298,2024-02-12,Endorsement,Household,"770.784,23",Mpumalanga,N/A,,,,PolicyAdmin
STEND-00001249,STPOLICY00010299,RISK00010299,2024-06-11,Cover Adjustment,Household,"R 1,330,445.52",Northern Cape,SIM-9001,,,,EndorsementPortal
STEND-00001250,STPOLICY00010299,RISK00010299,2024/09/08,Cover Adjustment,Household,"1,105,262.41",Northern Cape,SIM-9001,,,,EndorsementPortal
STEND-00001251,STPOLICY00010305,RISK00010305,18/09/2022,Cover Adjustment,Commercial,"39.045.622,20",North West,SIM-8001,,,,AcquiredBook
STEND-00001252,STPOLICY00010321,RISK00010321,2022/10/27,Address Move,Commercial,"R 24,202,752.43",Western Cape,SIM-2002,,,,PolicyAdmin
STEND-00001253,STPOLICY00010324,RISK00010324,2024/04/07,Cover Adjustment,Household,ZAR 368.46,KwaZulu-Natal,SIM-3101,,,,PolicyAdmin
STEND-00001254,STPOLICY00010329,RISK00010329,26/12/2021,Cover Adjustment,Commercial,"ZAR 24,915,388.28",Gauteng,SIM-1001,,,,PolicyAdmin
STEND-00001255,STPOLICY00010353,RISK00010353,2023-03-11,Endorsement,Household,1328040.82,KwaZulu-Natal,SIM-3001,,,,EndorsementPortal
STEND-00001256,STPOLICY00010353,RISK00010353,06/06/2023,Endorsement,Household,1712399.81,KwaZulu-Natal,SIM-3001,,,,AcquiredBook
STEND-00001257,STPOLICY00010355,RISK00010355,03-15-2025,Vehicle Update,Motor,"R 138,655.46",KwaZulu-Natal,SIM-3001,2008,SIM-REG-00010355,SIM-VIN-0000010355,AcquiredBook
STEND-00001258,STPOLICY00010360,RISK00010360,02-05-2023,Cover Adjustment,Commercial,"1,707,758.06",Mpumalanga,SIM-7001,,,,PolicyAdmin
STEND-00001259,STPOLICY00010361,RISK00010361,03-16-2022,Cover Adjustment,Household,"1,769,514.26",Northern Cape,SIM-9001,,,,EndorsementPortal
STEND-00001260,STPOLICY00010373,RISK00010373,24/12/2023,Endorsement,Household,"849.319,06",North West,SIM-8001,,,,PolicyAdmin
STEND-00001261,STPOLICY00010377,RISK00010377,2023/12/14,Vehicle Update,Household,251.08,Northern Cape,SIM-9001,,,,PolicyAdmin
STEND-00001262,STPOLICY00010407,RISK00010407,07-27-2023,Endorsement,Commercial,"173,606.20",Northern Cape,SIM-9001,,,,PolicyAdmin
STEND-00001263,STPOLICY00010413,RISK00010413,10-30-2022,Cover Adjustment,Household,"R 3,963,141.76",NULL,SIM-7001,,,,AcquiredBook
STEND-00001264,STPOLICY00010417,RISK00010417,2023-11-08,Address Move,Motor,"1.257.480,59",Limpopo,SIM-6001,2006,,SIM-VIN-0000010417,AcquiredBook
STEND-00001265,STPOLICY00010431,RISK00010431,2023-04-02,Vehicle Update,Household,970316.81,North West,SIM-8001,,,,AcquiredBook
STEND-00001266,STPOLICY00010455,RISK00010455,12-30-2024,Sum Insured Change,Commercial,"R 2,322,543.34",Gauteng,SIM-1003,,,,AcquiredBook
STEND-00001267,STPOLICY00010457,RISK00010457,2023-08-02,Sum Insured Change,Household,"871,166.54",KwaZulu-Natal,SIM-3101,,,,PolicyAdmin
STEND-00001268,STPOLICY00010457,RISK00010457,2023/09/21,Vehicle Update,Household,"R 796,112.17",KwaZulu-Natal,SIM-3002,,,,EndorsementPortal
STEND-00001269,STPOLICY00010458,RISK00010458,29/03/2023,Sum Insured Change,Commercial,"R 2,829,860.26",North West,SIM-8001,,,,AcquiredBook
STEND-00001270,STPOLICY00010474,RISK00010474,21/06/2022,Sum Insured Change,Motor,141.66,N/A,SIM-5001,2006,SIM-REG-00010474,SIM-VIN-0000010474,PolicyAdmin
STEND-00001271,STPOLICY00010480,RISK00010480,2023-05-09,Cover Adjustment,Commercial,"1.354.331,21",Western Cape,SIM-2001,,,,PolicyAdmin
STEND-00001272,STPOLICY00010490,RISK00010490,2025/09/26,Vehicle Update,Household,613.04,North West,SIM-8001,,,,PolicyAdmin
STEND-00001273,STPOLICY00010496,RISK00010496,07-05-2023,Endorsement,Household,"2,277,205.41",Mpumalanga,SIM-7001,,,,EndorsementPortal
STEND-00001274,STPOLICY00010515,RISK00010515,29/09/2023,Endorsement,Commercial,6896216.53,Mpumalanga,SIM-7001,,,,AcquiredBook
STEND-00001275,STPOLICY00010555,RISK00010555,2024-19-42,Cover Adjustment,Motor,"R 2,866,709.21",Northern Cape,SIM-9001,2022,SIM-REG-00010555,SIM-VIN-0000010555,PolicyAdmin
STEND-00001276,STPOLICY00010569,RISK00010569,28/09/2023,Sum Insured Change,Commercial,"3.191.641,51",Northern Cape,SIM-9001,,,,PolicyAdmin
STEND-00001277,STPOLICY00010571,RISK00010571,10-02-2022,Vehicle Update,Commercial,"2.559.871,89",Gauteng,SIM-1001,,,,EndorsementPortal
STEND-00001278,STPOLICY00010580,RISK00010580,14/01/2024,Sum Insured Change,Household,3469693.21,Free State,SIM-5001,,,,PolicyAdmin
STEND-00001279,STPOLICY00010590,RISK00010590,2024/06/16,Sum Insured Change,Motor,"ZAR 1,758,674.77",Eastern Cape,SIM-4001,2004,SIM-REG-00010590,SIM-VIN-0000010590,EndorsementPortal
STEND-00001280,STPOLICY00010591,RISK00010591,2022/03/04,Address Move,Commercial,"R 1,926,378.84",Eastern Cape,SIM-4001,,,,EndorsementPortal
STEND-00001281,STPOLICY00010602,RISK00010602,2024/03/10,Vehicle Update,Commercial,"ZAR 1,219,539.23",Eastern Cape,SIM-4001,,,,AcquiredBook
STEND-00001282,STPOLICY00010604,RISK00010604,2023/01/06,Cover Adjustment,Motor,"R 1,021,576.97",NULL,SIM-7001,1993,SIM-REG-00010604,SIM-VIN-0000010604,EndorsementPortal
STEND-00001283,STPOLICY00010616,RISK00010616,24/01/2023,Endorsement,Commercial,"17.827.093,81",Eastern Cape,N/A,,,,AcquiredBook
STEND-00001284,STPOLICY00010620,RISK00010620,2024/02/07,Vehicle Update,Commercial,"ZAR 1,445,113.90",Eastern Cape,SIM-4001,,,,EndorsementPortal
STEND-00001285,STPOLICY00010626,RISK00010626,2022-12-20,Endorsement,Home Contents,"1,577,161.49",Free State,SIM-5001,,,,PolicyAdmin
STEND-00001286,STPOLICY00010630,RISK00010630,2022/03/23,Sum Insured Change,Household,"1,072.98",Free State,SIM-5001,,,,AcquiredBook
STEND-00001287,STPOLICY00010645,RISK00010645,2022-03-01,Sum Insured Change,Commercial,"R 10,053,232.48",North West,SIM-8001,,,,AcquiredBook
STEND-00001288,STPOLICY00010654,RISK00010654,07-13-2022,Endorsement,Motor,"1.526.325,03",Limpopo,SIM-6001,2017,SIM-REG-00010654,SIM-VIN-0000010654,AcquiredBook
STEND-00001289,STPOLICY00010664,RISK00010664,06-20-2023,Cover Adjustment,Commercial,"R 3,899,389.99",Free State,SIM-5001,,,,AcquiredBook
STEND-00001290,MISSING-743759,RISK00010670,2023-01-12,Endorsement,Commercial,"R 21,662,205.82",Eastern Cape,NULL,,,,EndorsementPortal
STEND-00001291,STPOLICY00010676,RISK00010676,2023-11-02,Sum Insured Change,Commercial,6444834.73,Free State,SIM-5001,,,,EndorsementPortal
STEND-00001292,STPOLICY00010676,RISK00010676,2023-12-27,Cover Adjustment,Commercial,"6.594.964,62",Northern Cape,,,,,EndorsementPortal
STEND-00001293,STPOLICY00010687,RISK00010687,02/05/2023,Vehicle Update,Household,"320,056.57",Gauteng,SIM-1001,,,,PolicyAdmin
STEND-00001294,STPOLICY00010700,RISK00010700,2022-12-16,Vehicle Update,Commercial,"3.341.195,53",Eastern Cape,SIM-4001,,,,EndorsementPortal
STEND-00001295,STPOLICY00010706,RISK00010706,13/08/2023,Vehicle Update,Motor,"R 614,286.65",Limpopo,SIM-6001,2002,SIM-REG-00010706,SIM-VIN-0000010706,AcquiredBook
STEND-00001296,MISSING-199082,RISK00010707,09-12-2023,Address Move,Commercial,"952.433,64",Mpumalanga,SIM-7001,,,,PolicyAdmin
STEND-00001297,STPOLICY00010711,RISK00010711,2023-04-16,Sum Insured Change,SME Commercial,"1,461,730.12",North West,SIM-8001,,,,EndorsementPortal
STEND-00001298,STPOLICY00010740,RISK00010740,2025-09-06,Address Move,Commercial,"ZAR 31,913,529.52",Limpopo,SIM-6001,,,,EndorsementPortal
STEND-00001299,STPOLICY00010756,RISK00010756,12-10-2023,Address Move,Commercial,"ZAR 33,626,315.02",Western Cape,SIM-2002,,,,PolicyAdmin
STEND-00001300,STPOLICY00010759,RISK00010759,04-16-2023,Endorsement,Motor,"1.129.740,61",Free State,SIM-5001,2021,SIM-REG-00010759,SIM-VIN-0000010759,AcquiredBook
STEND-00001301,STPOLICY00010765,RISK00010765,2024/11/01,Address Move,Household,"R 2,507,327.37",Northern Cape,SIM-9001,,,,AcquiredBook
STEND-00001302,STPOLICY00010776,RISK00010776,07-27-2026,Sum Insured Change,Commercial,23311557.43,Northern Cape,SIM-9001,,,,PolicyAdmin
STEND-00001303,STPOLICY00010782,RISK00010782,04-26-2025,Vehicle Update,Motor,"2.229.613,99",Gauteng,SIM-1002,2003,SIM-REG-00010782,SIM-VIN-0000010782,EndorsementPortal
STEND-00001304,STPOLICY00010796,RISK00010796,2022-08-27,Sum Insured Change,Household,"R 2,693,078.04",Mpumalanga,SIM-7001,,,,PolicyAdmin
STEND-00001305,STPOLICY00010799,RISK00010799,21/01/2024,Endorsement,Motor,"R 2,925,871.65",N/A,SIM-1003,1995,SIM-REG-00010799,SIM-VIN-0000010799,AcquiredBook
STEND-00001306,STPOLICY00010809,RISK00010809,11-04-2023,Cover Adjustment,Household,"ZAR 2,070,774.33",Western Cape,SIM-2101,,,,AcquiredBook
STEND-00001307,STPOLICY00010815,RISK00010815,01-06-2024,Endorsement,Commercial,"1.145.093,38",Free State,SIM-5001,,,,AcquiredBook
STEND-00001308,STPOLICY00010817,RISK00010817,2024-19-42,Address Move,Household,"3,445,691.56",Mpumalanga,SIM-7001,,,,AcquiredBook
STEND-00001309,STPOLICY00010820,RISK00010820,03-17-2024,Cover Adjustment,SME Commercial,"ZAR 1,494,776.40",Gauteng,SIM-1001,,,,AcquiredBook
STEND-00001310,STPOLICY00010822,RISK00010822,10-12-2023,Cover Adjustment,Household,"3.468.667,38",Northern Cape,SIM-9001,,,,EndorsementPortal
STEND-00001311,STPOLICY00010825,RISK00010825,2023-07-04,Sum Insured Change,Motor,244228.66,Northern Cape,SIM-9001,1996,SIM-REG-00010825,SIM-VIN-0000010825,PolicyAdmin
STEND-00001312,STPOLICY00010843,RISK00010843,12-22-2023,Address Move,Household,"R 2,624,705.64",Eastern Cape,SIM-4001,,,,PolicyAdmin
STEND-00001313,MISSING-529244,RISK00010853,2023-10-30,Endorsement,Motor,810289.34,Western Cape,SIM-2001,2020,SIM-REG-00010853,SIM-VIN-0000010853,EndorsementPortal
STEND-00001314,STPOLICY00010860,RISK00010860,10-15-2022,Endorsement,Household,,North West,SIM-8001,,,,AcquiredBook
STEND-00001315,STPOLICY00010871,RISK00010871,01-08-2023,Vehicle Update,Motor,"1,317,043.47",Mpumalanga,SIM-7001,1996,SIM-REG-00010871,SIM-VIN-0000010871,AcquiredBook
STEND-00001316,STPOLICY00010874,RISK00010874,2023/10/07,Endorsement,Motor,"ZAR 2,669,437.36",Northern Cape,SIM-9001,2008,,SIM-VIN-0000010874,AcquiredBook
STEND-00001317,STPOLICY00010905,RISK00010905,2025-01-04,Cover Adjustment,Household,"4.638.772,74",KwaZulu-Natal,SIM-3101,,,,PolicyAdmin
STEND-00001318,STPOLICY00010927,RISK00010927,07-04-2022,Vehicle Update,Household,"R 4,520,356.13",Eastern Cape,SIM-4001,,,,PolicyAdmin
STEND-00001319,STPOLICY00010935,RISK00010935,2023/06/27,Cover Adjustment,Commercial,1711961.57,Eastern Cape,SIM-4001,,,,EndorsementPortal
STEND-00001320,STPOLICY00010937,RISK00010937,09/10/2022,Cover Adjustment,Household,"ZAR 2,341,415.89",KwaZulu-Natal,NULL,,,,PolicyAdmin
STEND-00001321,STPOLICY00010939,RISK00010939,2025-05-21,Sum Insured Change,Household,"3.238.936,73",Gauteng,SIM-1002,,,,AcquiredBook
STEND-00001322,STPOLICY00010939,RISK00010939,2025/06/22,Address Move,Household,"2,590,942.17",Gauteng,SIM-1003,,,,AcquiredBook
STEND-00001323,STPOLICY00010961,RISK00010961,03-13-2024,Vehicle Update,Commercial,21942514.23,Northern Cape,SIM-9001,,,,EndorsementPortal
STEND-00001324,STPOLICY00010972,RISK00010972,01-13-2023,Sum Insured Change,Motor,"R 3,683,451.30",Free State,SIM-5001,0,SIM-REG-00010972,SIM-VIN-0000010972,PolicyAdmin
STEND-00001325,STPOLICY00010972,RISK00010972,03-23-2023,Vehicle Update,Motor,"R 4,351,839.94",Free State,N/A,2020,SIM-REG-00010972,SIM-VIN-0000010972,PolicyAdmin
STEND-00001326,STPOLICY00010994,RISK00010994,2024-07-29,Vehicle Update,Commercial,"920,233.39",Northern Cape,SIM-9001,,,,AcquiredBook
STEND-00001327,STPOLICY00011011,RISK00011011,19/06/2026,Cover Adjustment,Motor,"ZAR 1,053,133.64",Gauteng,SIM-1003,2005,SIM-REG-00011011,SIM-VIN-0000011011,AcquiredBook
STEND-00001328,STPOLICY00011030,RISK00011030,2023/01/24,Cover Adjustment,Motor,"2,175,172.64",Eastern Cape,SIM-4001,2025,SIM-REG-00011030,SIM-VIN-0000011030,EndorsementPortal
STEND-00001329,STPOLICY00011033,RISK00011033,2024/03/30,Endorsement,Motor,"1,547,452.63",Western Cape,SIM-2101,2024,SIM-REG-00011033,SIM-VIN-0000011033,AcquiredBook
STEND-00001330,STPOLICY00011036,RISK00011036,2022-04-15,Vehicle Update,Motor,"ZAR 1,140,225.59",Limpopo,SIM-6001,2014,SIM-REG-00011036,SIM-VIN-0000011036,AcquiredBook
STEND-00001331,STPOLICY00011040,RISK00011040,2023/12/28,Cover Adjustment,Household,"1.081,46",Free State,SIM-5001,,,,EndorsementPortal
STEND-00001332,STPOLICY00011073,RISK00011073,2023-09-01,Endorsement,Commercial,"R 11,759,333.73",KwaZulu-Natal,SIM-3101,,,,EndorsementPortal
STEND-00001333,STPOLICY00011078,RISK00011078,07-04-2023,Endorsement,Household,"ZAR 268,933.14",Gauteng,SIM-1001,,,,AcquiredBook
STEND-00001334,STPOLICY00011081,RISK00011081,02/07/2024,Cover Adjustment,Motor,1316573.86,North West,SIM-8001,2008,SIM-REG-00011081,SIM-VIN-0000011081,EndorsementPortal
STEND-00001335,STPOLICY00011081,RISK00011081,09-28-2024,Address Move,Motor,"1.606.532,78",North West,SIM-8001,2008,SIM-REG-00011081,SIM-VIN-0000011081,AcquiredBook
STEND-00001336,STPOLICY00011093,RISK00011093,2022/12/09,Sum Insured Change,Commercial,"278.134,29",Northern Cape,SIM-9001,,,,EndorsementPortal
STEND-00001337,STPOLICY00011099,RISK00011099,11-26-2022,Endorsement,Household,"ZAR 4,894,293.09",North West,SIM-8001,,,,PolicyAdmin
STEND-00001338,STPOLICY00011103,RISK00011103,2023/10/28,Vehicle Update,Commercial,"ZAR 6,920,306.35",Northern Cape,SIM-9001,,,,EndorsementPortal
STEND-00001339,STPOLICY00011105,RISK00011105,08-21-2023,Cover Adjustment,Commercial,1866941.59,North West,SIM-8001,,,,PolicyAdmin
STEND-00001340,STPOLICY00011139,RISK00011139,09-22-2022,Sum Insured Change,Commercial,"R 30,265,842.89",Gauteng,SIM-1002,,,,PolicyAdmin
STEND-00001341,STPOLICY00011147,RISK00011147,2022-10-02,Address Move,Motor,"ZAR 1,512,872.12",North West,SIM-8001,2000,SIM-REG-00011147,SIM-VIN-0000011147,AcquiredBook
STEND-00001342,STPOLICY00011166,RISK00011166,18/11/2022,Sum Insured Change,Motor,"ZAR 668,786.66",Northern Cape,SIM-9001,1990,SIM-REG-00011166,SIM-VIN-0000011166,AcquiredBook
STEND-00001343,STPOLICY00011191,RISK00011191,10-25-2023,Cover Adjustment,Commercial,"R 4,362,218.20",Western Cape,SIM-2002,,,,AcquiredBook
STEND-00001344,STPOLICY00011203,RISK00011203,15/01/2024,Sum Insured Change,Motor,2617487.44,Free State,SIM-5001,1999,SIM-REG-00011203,SIM-VIN-0000011203,PolicyAdmin
STEND-00001345,STPOLICY00011208,RISK00011208,2023/07/14,Vehicle Update,Household,"4,573,354.02",Western Cape,SIM-2001,,,,EndorsementPortal
STEND-00001346,STPOLICY00011210,RISK00011210,01-16-2024,Endorsement,Household,"ZAR 2,352,962.28",Eastern Cape,SIM-4001,,,,EndorsementPortal
STEND-00001347,STPOLICY00011218,RISK00011218,17/02/2024,Address Move,Household,"ZAR 2,826,043.57",Northern Cape,SIM-9001,,,,PolicyAdmin
STEND-00001348,STPOLICY00011218,RISK00011218,2024-04-11,Sum Insured Change,Household,3003121.40,Northern Cape,SIM-9001,,,,AcquiredBook
STEND-00001349,STPOLICY00011236,RISK00011236,2023/09/08,Sum Insured Change,Commercial,23362755.87,Western Cape,NULL,,,,PolicyAdmin
STEND-00001350,STPOLICY00011237,RISK00011237,04-13-2023,Sum Insured Change,Commercial,10841405.88,Gauteng,SIM-1002,,,,EndorsementPortal
STEND-00001351,STPOLICY00011237,RISK00011237,2023-06-05,Endorsement,Commercial,"12.408.574,19",Gauteng,SIM-1001,,,,EndorsementPortal
STEND-00001352,STPOLICY00011254,RISK00011254,05-03-2023,Cover Adjustment,Household,"2,005,188.23",Western Cape,SIM-2001,,,,AcquiredBook
STEND-00001353,STPOLICY00011268,RISK00011268,2024/05/07,Address Move,Commercial,"562.405,82",KwaZulu-Natal,SIM-3002,,,,EndorsementPortal
STEND-00001354,STPOLICY00011284,RISK00011284,2024-03-14,Cover Adjustment,Motor,"R 4,240,546.59",Western Cape,SIM-2001,2014,SIM-REG-00011284,SIM-VIN-0000011284,PolicyAdmin
STEND-00001355,STPOLICY00011316,RISK00011316,24/03/2023,Sum Insured Change,Household,"2,912,493.95",KwaZulu-Natal,SIM-3001,,,,EndorsementPortal
STEND-00001356,STPOLICY00011345,RISK00011345,25/02/2024,Sum Insured Change,Motor,"53,46",KwaZulu-Natal,SIM-3001,2001,SIM-REG-00011345,SIM-VIN-0000011345,AcquiredBook
STEND-00001357,STPOLICY00011350,RISK00011350,2024-02-01,Sum Insured Change,Home Contents,"3,929,764.36",Free State,SIM-5001,,,,EndorsementPortal
STEND-00001358,STPOLICY00011354,RISK00011354,2025-02-24,Endorsement,Motor,"R 1,607,663.25",Eastern Cape,SIM-4001,1994,SIM-REG-00011354,SIM-VIN-0000011354,EndorsementPortal
STEND-00001359,STPOLICY00011371,RISK00011371,05-10-2023,Address Move,Household,"1,072,691.96",Eastern Cape,SIM-4001,,,,PolicyAdmin
STEND-00001360,STPOLICY00011385,RISK00011385,2025-01-08,Endorsement,Commercial,941571.24,KwaZulu-Natal,SIM-3001,,,,EndorsementPortal
STEND-00001361,STPOLICY00011405,RISK00011405,08-30-2025,Address Move,Household,"786,444.49",Eastern Cape,SIM-4001,,,,PolicyAdmin
STEND-00001362,STPOLICY00011412,RISK00011412,01-20-2024,Endorsement,Motor,"1.140.465,37",Mpumalanga,SIM-7001,2016,SIM-REG-00011412,SIM-VIN-0000011412,AcquiredBook
STEND-00001363,STPOLICY00011412,RISK00011412,2024/03/25,Cover Adjustment,Motor,"890,506.61",Mpumalanga,SIM-7001,2016,SIM-REG-00011412,SIM-VIN-0000011412,EndorsementPortal
STEND-00001364,STPOLICY00011421,RISK00011421,2021-10-13,Sum Insured Change,Commercial,"20.659.094,80",Western Cape,SIM-2101,,,,PolicyAdmin
STEND-00001365,STPOLICY00011430,RISK00011430,2022/02/01,Endorsement,Commercial,"363,370.57",Western Cape,SIM-2002,,,,PolicyAdmin
STEND-00001366,STPOLICY00011447,RISK00011447,09-26-2023,Cover Adjustment,SME Commercial,"ZAR 952,326.80",Mpumalanga,SIM-7001,,,,AcquiredBook
STEND-00001367,STPOLICY00011448,RISK00011448,,Sum Insured Change,MOTOR,649609.49,Eastern Cape,SIM-4001,2009,SIM-REG-00011448,SIM-VIN-0000011448,EndorsementPortal
STEND-00001368,STPOLICY00011456,RISK00011456,2022-08-17,Endorsement,Motor,"3.673.570,22",Eastern Cape,SIM-4001,2005,SIM-REG-00011456,SIM-VIN-0000011456,AcquiredBook
STEND-00001369,STPOLICY00011464,RISK00011464,10-14-2025,Address Move,Commercial,"6,684,386.55",Gauteng,SIM-1002,,,,AcquiredBook
STEND-00001370,STPOLICY00011478,RISK00011478,2023-05-30,Cover Adjustment,Commercial,"1,101,825.66",NULL,SIM-1002,,,,PolicyAdmin
STEND-00001371,STPOLICY00011482,RISK00011482,2021/11/02,Vehicle Update,Motor,"632,982.09",Northern Cape,SIM-9001,2005,SIM-REG-00011482,SIM-VIN-0000011482,AcquiredBook
STEND-00001372,STPOLICY00011487,RISK00011487,21/08/2023,Cover Adjustment,Commercial,"R 1,083,201.76",KwaZulu-Natal,SIM-3101,,,,AcquiredBook
STEND-00001373,STPOLICY00011510,RISK00011510,05/11/2022,Sum Insured Change,Commercial,"30,855,390.75",Gauteng,SIM-1003,,,,EndorsementPortal
STEND-00001374,STPOLICY00011511,RISK00011511,04-24-2024,Vehicle Update,Household,1302683.01,Northern Cape,SIM-9001,,,,EndorsementPortal
STEND-00001375,STPOLICY00011512,RISK00011512,03-12-2024,Address Move,Household,"R 3,313,003.67",Northern Cape,SIM-9001,,,,AcquiredBook
STEND-00001376,STPOLICY00011523,RISK00011523,2023/05/13,Address Move,Household,"139,844.75",Limpopo,SIM-6001,,,,PolicyAdmin
STEND-00001377,STPOLICY00011526,RISK00011526,06-15-2023,Address Move,Motor,"R 2,598,214.21",Gauteng,SIM-1003,1995,SIM-REG-00011526,SIM-VIN-0000011526,PolicyAdmin
STEND-00001378,STPOLICY00011526,RISK00011526,08-16-2023,Endorsement,Motor,"2.612.569,84",Gauteng,SIM-1001,1995,SIM-REG-00011526,SIM-VIN-0000011526,PolicyAdmin
STEND-00001379,STPOLICY00011533,RISK00011533,2025/01/12,Address Move,Motor,"R 2,213,931.39",Eastern Cape,SIM-4001,1999,SIM-REG-00011533,SIM-VIN-0000011533,PolicyAdmin
STEND-00001380,STPOLICY00011543,RISK00011543,2023/02/04,Sum Insured Change,Commercial,28739306.45,Northern Cape,SIM-9001,,,,AcquiredBook
STEND-00001381,STPOLICY00011544,RISK00011544,27/09/2022,Endorsement,Motor,"1.340.555,43",KwaZulu-Natal,SIM-3101,2000,SIM-REG-00011544,SIM-VIN-0000011544,PolicyAdmin
STEND-00001382,STPOLICY00011549,RISK00011549,2021/08/16,Address Move,Motor,"R 3,122,337.30",North West,SIM-8001,2009,SIM-REG-00011549,SIM-VIN-0000011549,PolicyAdmin
STEND-00001383,STPOLICY00011552,RISK00011552,2026/02/21,Address Move,Commercial,"ZAR 2,410,639.28",Limpopo,SIM-6001,,,,EndorsementPortal
STEND-00001384,STPOLICY00011556,RISK00011556,27/08/2022,Vehicle Update,Household,"88,861.29",North West,SIM-8001,,,,PolicyAdmin
STEND-00001385,STPOLICY00011565,RISK00011565,27/07/2023,Endorsement,Motor,"1,746,303.62",Gauteng,SIM-1002,2017,SIM-REG-00011565,SIM-VIN-0000011565,PolicyAdmin
STEND-00001386,STPOLICY00011572,RISK00011572,12-19-2022,Vehicle Update,Commercial,"ZAR 673,578.44",Western Cape,SIM-2001,,,,EndorsementPortal
STEND-00001387,STPOLICY00011585,RISK00011585,06/09/2022,Cover Adjustment,Household,"R 1,504,044.30",Mpumalanga,SIM-7001,,,,PolicyAdmin
STEND-00001388,STPOLICY00011587,RISK00011587,2021/12/23,Vehicle Update,Motor,"1.347.941,89",Limpopo,SIM-6001,2023,SIM-REG-00011587,SIM-VIN-0000011587,AcquiredBook
STEND-00001389,STPOLICY00011594,RISK00011594,2022/05/19,Sum Insured Change,Motor,"728,429.45",Free State,SIM-5001,1992,SIM-REG-00007515,SIM-VIN-0000011594,EndorsementPortal
STEND-00001390,STPOLICY00011600,RISK00011600,2024-12-12,Vehicle Update,Commercial,"33,936,701.35",Limpopo,SIM-6001,,,,AcquiredBook
STEND-00001391,STPOLICY00011612,RISK00011612,2024-07-05,Vehicle Update,Motor,"698,020.35",Eastern Cape,SIM-4001,2021,SIM-REG-00011612,SIM-VIN-0000011612,AcquiredBook
STEND-00001392,STPOLICY00011612,RISK00011612,04/09/2024,Vehicle Update,Motor,"ZAR 514,934.94",Eastern Cape,SIM-4001,2021,SIM-REG-00011612,SIM-VIN-0000011612,AcquiredBook
STEND-00001393,STPOLICY00011629,RISK00011629,2023/02/07,Address Move,Commercial,"R 1,555,269.84",Northern Cape,SIM-9001,,,,AcquiredBook
STEND-00001394,STPOLICY00011629,RISK00011629,04-03-2023,Vehicle Update,Commercial,"1.539.643,09",Northern Cape,SIM-9001,,,,PolicyAdmin
STEND-00001395,STPOLICY00011635,RISK00011635,02-11-2023,Address Move,Commercial,"ZAR 14,365,761.72",Northern Cape,SIM-9001,,,,EndorsementPortal
STEND-00001396,STPOLICY00011639,RISK00011639,04/11/2023,Endorsement,Motor,"ZAR 1,562,378.93",Free State,SIM-5001,2020,SIM-REG-00011639,SIM-VIN-0000011639,EndorsementPortal
STEND-00001397,STPOLICY00011643,RISK00011643,26/03/2024,Sum Insured Change,Commercial,"30,543,971.41",Eastern Cape,SIM-4001,,,,EndorsementPortal
STEND-00001398,STPOLICY00011663,RISK00011663,2022/08/31,Endorsement,Commercial,2280470.31,Free State,SIM-5001,,,,EndorsementPortal
STEND-00001399,STPOLICY00011666,RISK00011666,14/05/2024,Sum Insured Change,Motor,"ZAR 642,103.83",KwaZulu-Natal,SIM-3001,2010,SIM-REG-00011666,SIM-VIN-0000011666,AcquiredBook
STEND-00001400,STPOLICY00011675,RISK00011675,2024-08-16,Address Move,Motor,"1,831,010.30",KwaZulu-Natal,SIM-3001,2025,SIM-REG-00011675,SIM-VIN-0000011675,EndorsementPortal
STEND-00001401,STPOLICY00011678,RISK00011678,2024/04/21,Cover Adjustment,Household,"3.175.178,33",Gauteng,SIM-1002,,,,EndorsementPortal
STEND-00001402,STPOLICY00011678,RISK00011678,04/06/2024,Vehicle Update,Household,3364954.04,NULL,SIM-1001,,,,EndorsementPortal
STEND-00001403,STPOLICY00011679,RISK00011679,2024-19-42,Cover Adjustment,Commercial,"ZAR 927,479.05",Northern Cape,SIM-9001,,,,PolicyAdmin
STEND-00001404,STPOLICY00011693,RISK00011693,02-27-2023,Address Move,Household,1080487.56,KwaZulu-Natal,SIM-3001,,,,PolicyAdmin
STEND-00001405,STPOLICY00011694,RISK00011694,2023/05/04,Sum Insured Change,Household,"719.524,20",KwaZulu-Natal,SIM-3101,,,,AcquiredBook
STEND-00001406,STPOLICY00011698,RISK00011698,11/10/2022,Vehicle Update,Commercial,"ZAR 279,234.91",Mpumalanga,SIM-7001,,,,PolicyAdmin
STEND-00001407,STPOLICY00011740,RISK00011740,2023-02-17,Endorsement,Motor,"R 1,973,980.73",North West,SIM-8001,2010,SIM-REG-00011740,SIM-VIN-0000011740,EndorsementPortal
STEND-00001408,STPOLICY00011746,RISK00011746,2022/05/19,Sum Insured Change,Motor,"2.386.844,58",North West,SIM-8001,2023,SIM-REG-00011746,SIM-VIN-0000011746,AcquiredBook
STEND-00001409,STPOLICY00011776,RISK00011776,18/01/2024,Address Move,MOTOR,"1.443.952,52",Free State,SIM-5001,2019,SIM-REG-00011776,SIM-VIN-0000011776,EndorsementPortal
STEND-00001410,STPOLICY00011795,RISK00011795,08-17-2023,Endorsement,Household,"ZAR 2,895,146.82",KwaZulu-Natal,SIM-3001,,,,EndorsementPortal
STEND-00001411,STPOLICY00011801,RISK00011801,2023/07/11,Sum Insured Change,Motor,"R 1,642,630.58",Mpumalanga,SIM-7001,1996,SIM-REG-00011801,SIM-VIN-0000011801,PolicyAdmin
STEND-00001412,STPOLICY00011804,RISK00011804,21/02/2024,Address Move,Household,"R 147,428.80",Eastern Cape,SIM-4001,,,,AcquiredBook
STEND-00001413,STPOLICY00011818,RISK00011818,17/09/2022,Endorsement,Motor,"ZAR 2,999,599.89",KwaZulu-Natal,SIM-3001,2014,SIM-REG-00011818,SIM-VIN-0000011818,AcquiredBook
STEND-00001414,STPOLICY00011819,RISK00011819,08-16-2022,Endorsement,Commercial,"8.452.741,54",Mpumalanga,SIM-7001,,,,AcquiredBook
STEND-00001415,STPOLICY00011828,RISK00011828,06/10/2022,Address Move,Motor,"136,271.76",NULL,SIM-3001,1997,SIM-REG-00011828,SIM-VIN-0000011828,PolicyAdmin
STEND-00001416,STPOLICY00011837,RISK00011837,2022-12-09,Endorsement,Household,118.01,Western Cape,SIM-2002,,,,PolicyAdmin
STEND-00001417,STPOLICY00011845,RISK00011845,04/10/2022,Endorsement,Commercial,"ZAR 10,829,705.03",Mpumalanga,SIM-7001,,,,AcquiredBook
STEND-00001418,STPOLICY00011856,RISK00011856,2022-08-12,Vehicle Update,Motor,"ZAR 72,984.15",Western Cape,SIM-2001,2001,SIM-REG-00011856,SIM-VIN-0000011856,PolicyAdmin
STEND-00001419,STPOLICY00011903,RISK00011903,2023/06/03,Vehicle Update,Motor,"2,839,672.65",Northern Cape,SIM-9001,2022,SIM-REG-00011903,SIM-VIN-0000011903,EndorsementPortal
STEND-00001420,STPOLICY00011912,RISK00011912,23/12/2022,Address Move,Commercial,"ZAR 1,123,935.81",KwaZulu-Natal,SIM-3002,,,,EndorsementPortal
STEND-00001421,STPOLICY00011916,RISK00011916,05-31-2022,Sum Insured Change,Commercial,14241465.01,Limpopo,SIM-6001,,,,PolicyAdmin
STEND-00001422,STPOLICY00011916,RISK00011916,08-29-2022,Address Move,Commercial,17215769.42,Limpopo,SIM-6001,,,,EndorsementPortal
STEND-00001423,STPOLICY00011917,RISK00011917,04-11-2024,Endorsement,Commercial,"R 3,142,957.71",Mpumalanga,SIM-7001,,,,EndorsementPortal
STEND-00001424,STPOLICY00011924,RISK00011924,2024-04-12,Address Move,Household,"1,250,848.33",Gauteng,SIM-1002,,,,PolicyAdmin
STEND-00001425,STPOLICY00011931,RISK00011931,01/01/2024,Address Move,Commercial,"R 18,387,219.47",Mpumalanga,SIM-7001,,,,AcquiredBook
STEND-00001426,STPOLICY00011933,RISK00011933,08-30-2022,Vehicle Update,Household,"ZAR 3,913,696.92",Limpopo,SIM-6001,,,,PolicyAdmin
STEND-00001427,STPOLICY00011936,RISK00011936,08-01-2022,Sum Insured Change,Commercial,"20,050,375.26",Eastern Cape,SIM-4001,,,,EndorsementPortal
STEND-00001428,STPOLICY00011944,RISK00011944,2022-11-07,Endorsement,Motor,"R 1,591,002.99",North West,SIM-8001,2001,SIM-REG-00011944,SIM-VIN-0000011944,AcquiredBook
STEND-00001429,STPOLICY00011944,RISK00011944,01-29-2023,Address Move,Motor,"ZAR 1,759,283.48",North West,SIM-8001,2001,SIM-REG-00011944,SIM-VIN-0000011944,AcquiredBook
STEND-00001430,STPOLICY00011949,RISK00011949,2022/10/30,Vehicle Update,Commercial,"28.151.626,91",Gauteng,SIM-1001,,,,EndorsementPortal
STEND-00001431,STPOLICY00011964,RISK00011964,20/04/2024,Cover Adjustment,Commercial,273536.74,Western Cape,SIM-2002,,,,PolicyAdmin
STEND-00001432,STPOLICY00011969,RISK00011969,2024-03-16,Endorsement,Motor,"R 56,518.99",Mpumalanga,SIM-7001,0,SIM-REG-00011969,SIM-VIN-0000011969,EndorsementPortal
STEND-00001433,STPOLICY00011969,RISK00011969,2024/05/25,Endorsement,Motor,71098.33,Mpumalanga,SIM-7001,2019,SIM-REG-00011969,SIM-VIN-0000011969,AcquiredBook
STEND-00001434,STPOLICY00011972,RISK00011972,08-29-2022,Sum Insured Change,Household,"1.191.049,36",KwaZulu-Natal,SIM-3001,,,,PolicyAdmin
STEND-00001435,STPOLICY00011975,RISK00011975,05/10/2023,Endorsement,Household,2483453.36,Mpumalanga,SIM-7001,,,,PolicyAdmin
STEND-00001436,STPOLICY00011979,RISK00011979,2024-03-27,Endorsement,Motor,"2.009.642,50",Mpumalanga,SIM-7001,1945,SIM-REG-00011979,SIM-VIN-0000011979,PolicyAdmin
STEND-00001437,STPOLICY00011994,RISK00011994,03-09-2024,Sum Insured Change,Commercial,"ZAR 21,132,644.76",Free State,SIM-5001,,,,AcquiredBook
STEND-00001438,STPOLICY00011998,RISK00011998,2023-04-18,Cover Adjustment,Motor,"654.199,21",KwaZulu-Natal,SIM-3101,0,SIM-REG-00011998,SIM-VIN-0000011998,AcquiredBook
STEND-00001439,STPOLICY00012027,RISK00012027,2024-02-29,Sum Insured Change,Motor,"R 1,365,936.51",Eastern Cape,SIM-4001,2018,SIM-REG-00012027,SIM-VIN-0000012027,EndorsementPortal
STEND-00001440,STPOLICY00012027,RISK00012027,2024/04/24,Vehicle Update,Motor,"1.765.621,79",Eastern Cape,SIM-4001,2018,SIM-REG-00012027,SIM-VIN-0000012027,PolicyAdmin
STEND-00001441,STPOLICY00012032,RISK00012032,07-28-2023,Endorsement,Motor,"R 1,812,434.34",Western Cape,SIM-2002,2002,SIM-REG-00012032,SIM-VIN-0000012032,EndorsementPortal
STEND-00001442,STPOLICY00012035,RISK00012035,2024-08-12,Sum Insured Change,Household,"ZAR 3,481,114.16",KwaZulu-Natal,SIM-3002,,,,PolicyAdmin
STEND-00001443,STPOLICY00012037,RISK00012037,2022-12-31,Endorsement,Household,1768927.15,Eastern Cape,SIM-4001,,,,PolicyAdmin
STEND-00001444,STPOLICY00012045,RISK00012045,2022/12/21,Address Move,Household,"ZAR 2,881,059.58",North West,SIM-8001,,,,AcquiredBook
STEND-00001445,STPOLICY00012056,RISK00012056,11/11/2022,Endorsement,Household,"ZAR 4,707,499.62",Mpumalanga,SIM-7001,,,,AcquiredBook
STEND-00001446,STPOLICY00012069,RISK00012069,2025/11/30,Vehicle Update,Household,"2.473.554,83",Northern Cape,SIM-9001,,,,EndorsementPortal
STEND-00001447,STPOLICY00012069,RISK00012069,2026/02/09,Sum Insured Change,Household,"R 3,207,834.43",Northern Cape,NULL,,,,PolicyAdmin
STEND-00001448,STPOLICY00012072,RISK00012072,18/12/2023,Sum Insured Change,Household,3581617.69,Free State,SIM-5001,,,,PolicyAdmin
STEND-00001449,STPOLICY00012075,RISK00012075,2024-02-05,Vehicle Update,Household,"ZAR 240,050.03",North West,SIM-8001,,,,EndorsementPortal
STEND-00001450,STPOLICY00012075,RISK00012075,2024/04/01,Vehicle Update,Household,"221.420,83",North West,SIM-8001,,,,AcquiredBook
STEND-00001451,STPOLICY00012083,RISK00012083,21/05/2023,Vehicle Update,Household,1677636.41,Northern Cape,SIM-9001,,,,AcquiredBook
STEND-00001452,STPOLICY00012094,RISK00012094,06/05/2023,Sum Insured Change,Motor,"970,606.09",Free State,SIM-5001,2017,SIM-REG-00012094,SIM-VIN-0000012094,AcquiredBook
STEND-00001453,STPOLICY00012095,RISK00012095,04-29-2023,Cover Adjustment,Motor,"1.865.283,34",Eastern Cape,SIM-4001,2004,SIM-REG-00012095,SIM-VIN-0000012095,AcquiredBook
STEND-00001454,STPOLICY00012097,RISK00012097,26/11/2023,Sum Insured Change,Motor,"1,955,493.43",Eastern Cape,SIM-4001,2015,SIM-REG-00012097,SIM-VIN-0000012097,PolicyAdmin
STEND-00001455,STPOLICY00012105,RISK00012105,04-25-2024,Address Move,Commercial,"14.534.729,04",Mpumalanga,SIM-7001,,,,PolicyAdmin
STEND-00001456,STPOLICY00012106,RISK00012106,2023-12-10,Endorsement,Household,"3.149.365,09",Gauteng,SIM-1002,,,,AcquiredBook
STEND-00001457,STPOLICY00012123,RISK00012123,2023/05/31,Address Move,Household,"R 3,527,530.37",Northern Cape,SIM-9001,,,,AcquiredBook
STEND-00001458,STPOLICY00012129,RISK00012129,2022/07/10,Sum Insured Change,Motor,"ZAR 1,229,863.61",Northern Cape,SIM-9001,1990,SIM-REG-00012129,SIM-VIN-0000012129,PolicyAdmin
STEND-00001459,STPOLICY00012133,RISK00012133,10/03/2024,Sum Insured Change,Commercial,"ZAR 154,950.98",Eastern Cape,SIM-4001,,,,EndorsementPortal
STEND-00001460,STPOLICY00012148,RISK00012148,25/05/2024,Cover Adjustment,Household,"1,818,823.01",North West,SIM-8001,,,,EndorsementPortal
STEND-00001461,STPOLICY00012162,RISK00012162,03/05/2022,Vehicle Update,Commercial,"ZAR 33,116,623.29",KwaZulu-Natal,SIM-3001,,,,PolicyAdmin
STEND-00001462,STPOLICY00012168,RISK00012168,2023-05-19,Sum Insured Change,Household,775.78,Mpumalanga,SIM-7001,,,,AcquiredBook
STEND-00001463,STPOLICY00012173,RISK00012173,28/04/2024,Address Move,Commercial,"2.203.602,10",Northern Cape,SIM-9001,,,,PolicyAdmin
STEND-00001464,STPOLICY00012184,RISK00012184,2023/07/19,Endorsement,Motor,"ZAR 3,740,288.96",Free State,SIM-5001,2023,SIM-REG-00012184,SIM-VIN-0000012184,EndorsementPortal
STEND-00001465,STPOLICY00012191,RISK00012191,2023-01-16,Vehicle Update,Motor,"R 2,085,271.32",North West,SIM-8001,2002,SIM-REG-00012191,SIM-VIN-0000012191,AcquiredBook
STEND-00001466,STPOLICY00012206,RISK00012206,2023/01/31,Vehicle Update,MOTOR,"611,84",Free State,SIM-5001,2012,SIM-REG-00012206,SIM-VIN-0000012206,EndorsementPortal
STEND-00001467,STPOLICY00012215,RISK00012215,2024-01-24,Cover Adjustment,Motor,"R 215,671.12",Gauteng,SIM-1003,2013,SIM-REG-00012215,SIM-VIN-0000012215,AcquiredBook
STEND-00001468,STPOLICY00012218,RISK00012218,15/09/2023,Vehicle Update,Motor,"3.784.625,65",Limpopo,SIM-6001,2006,SIM-REG-00012218,SIM-VIN-0000012218,EndorsementPortal
STEND-00001469,STPOLICY00012226,RISK00012226,14/07/2023,Sum Insured Change,Commercial,"7,262,516.45",Northern Cape,SIM-9001,,,,EndorsementPortal
STEND-00001470,STPOLICY00012228,RISK00012228,02/05/2023,Cover Adjustment,Commercial,"R 15,687,363.96",Eastern Cape,SIM-4001,,,,EndorsementPortal
STEND-00001471,STPOLICY00012233,RISK00012233,06/06/2024,Cover Adjustment,Commercial,1991550.61,KwaZulu-Natal,SIM-3002,,,,EndorsementPortal
STEND-00001472,STPOLICY00012249,RISK00012249,2025/05/11,Address Move,Commercial,"R 19,573,828.70",Northern Cape,SIM-9001,,,,AcquiredBook
STEND-00001473,STPOLICY00012258,RISK00012258,2023/09/14,Address Move,Commercial,15417786.77,KwaZulu-Natal,SIM-3101,,,,PolicyAdmin
STEND-00001474,STPOLICY00012282,RISK00012282,2023/01/30,Address Move,Commercial,"32.080.224,53",Western Cape,SIM-2001,,,,EndorsementPortal
STEND-00001475,STPOLICY00012284,RISK00012284,2022-12-15,Endorsement,Commercial,"588,698.22",Western Cape,SIM-2001,,,,AcquiredBook
STEND-00001476,STPOLICY00012303,RISK00012303,25/04/2025,Vehicle Update,Motor,"86,96",Eastern Cape,SIM-4001,2009,SIM-REG-00012303,SIM-VIN-0000012303,AcquiredBook
STEND-00001477,STPOLICY00012341,RISK00012341,2023/01/16,Sum Insured Change,Household,"ZAR 1,137.73",North West,SIM-8001,,,,PolicyAdmin
STEND-00001478,STPOLICY00012344,RISK00012344,2023-09-29,Vehicle Update,SME Commercial,1912976.58,Free State,SIM-5001,,,,PolicyAdmin
STEND-00001479,STPOLICY00012350,RISK00012350,2022/09/03,Cover Adjustment,Household,"348,171.19",Free State,SIM-5001,,,,AcquiredBook
STEND-00001480,STPOLICY00012367,RISK00012367,23/10/2023,Endorsement,Commercial,"ZAR 6,424,530.83",Western Cape,SIM-2101,,,,PolicyAdmin
STEND-00001481,STPOLICY00012379,RISK00012379,18/09/2026,Endorsement,Household,"ZAR 1,660,101.52",Mpumalanga,SIM-7001,,,,PolicyAdmin
STEND-00001482,STPOLICY00012383,RISK00012383,20/12/2022,Vehicle Update,Household,"ZAR 3,046,392.57",Free State,SIM-5001,,,,EndorsementPortal
STEND-00001483,STPOLICY00012393,RISK00012393,2024/04/04,Sum Insured Change,Motor,"1,268,783.64",KwaZulu-Natal,SIM-3101,2004,SIM-REG-00012393,SIM-VIN-0000012393,AcquiredBook
STEND-00001484,STPOLICY00012406,RISK00012406,01-09-2024,Vehicle Update,Motor,"3.685.646,84",North West,SIM-8001,1945,SIM-REG-00012406,SIM-VIN-0000012406,AcquiredBook
STEND-00001485,STPOLICY00012419,RISK00012419,06/05/2025,Address Move,Commercial,24623081.96,Limpopo,SIM-6001,,,,AcquiredBook
STEND-00001486,STPOLICY00012420,RISK00012420,2023-12-17,Address Move,Commercial,"R 21,337,206.89",North West,SIM-8001,,,,EndorsementPortal
STEND-00001487,STPOLICY00012420,RISK00012420,2024/02/28,Vehicle Update,Commercial,"ZAR 30,080,734.18",North West,SIM-8001,,,,AcquiredBook
STEND-00001488,STPOLICY00012421,RISK00012421,2023-08-16,Vehicle Update,Household,"4,329,044.25",Limpopo,SIM-6001,,,,AcquiredBook
STEND-00001489,STPOLICY00012430,RISK00012430,2022/04/12,Endorsement,Motor,"R 1,050,496.56",Limpopo,SIM-6001,2009,SIM-REG-00012430,SIM-VIN-0000012430,PolicyAdmin
STEND-00001490,STPOLICY00012435,RISK00012435,10-22-2025,Address Move,Household,"ZAR 1,365,076.11",Western Cape,SIM-2101,,,,EndorsementPortal
STEND-00001491,STPOLICY00012467,RISK00012467,18/08/2022,Address Move,Commercial,"R 16,621,799.02",Free State,SIM-5001,,,,EndorsementPortal
STEND-00001492,STPOLICY00012469,RISK00012469,2024-06-05,Endorsement,Motor,"R 2,275,223.01",Eastern Cape,SIM-4001,2028,SIM-REG-00012469,SIM-VIN-0000012469,AcquiredBook
STEND-00001493,STPOLICY00012469,RISK00012469,2024-07-29,Endorsement,Motor,1659423.63,Eastern Cape,SIM-4001,2020,SIM-REG-00012469,SIM-VIN-0000012469,AcquiredBook
STEND-00001494,STPOLICY00012470,RISK00012470,2022-09-28,Cover Adjustment,Household,0.00,Gauteng,SIM-1003,,,,AcquiredBook
STEND-00001495,STPOLICY00012471,RISK00012471,2023/11/11,Address Move,Commercial,"R 2,193,244.91",KwaZulu-Natal,SIM-3101,,,,AcquiredBook
STEND-00001496,STPOLICY00012504,RISK00012504,2022/12/11,Vehicle Update,Commercial,1566986.99,NULL,SIM-3101,,,,PolicyAdmin
STEND-00001497,STPOLICY00012509,RISK00012509,2024/12/16,Cover Adjustment,Commercial,683718.88,Limpopo,SIM-6001,,,,PolicyAdmin
STEND-00001498,STPOLICY00012515,RISK00012515,11-15-2022,Cover Adjustment,Household,"1.796.494,81",Limpopo,SIM-6001,,,,AcquiredBook
STEND-00001499,STPOLICY00012524,RISK00012524,2023-10-15,Cover Adjustment,Motor,"3,434,200.47",Mpumalanga,SIM-7001,2028,SIM-REG-00012524,SIM-VIN-0000012524,EndorsementPortal
STEND-00001500,STPOLICY00012537,RISK00012537,30/12/2025,Endorsement,Household,"2.845.592,88",Western Cape,SIM-2002,,,,EndorsementPortal
STEND-00001501,STPOLICY00012552,RISK00012552,2023-04-27,Cover Adjustment,Commercial,"2.081.818,74",Free State,SIM-5001,,,,EndorsementPortal
STEND-00001502,STPOLICY00012567,RISK00012567,05/08/2024,Endorsement,Commercial,"R 1,596,620.01",Northern Cape,SIM-9001,,,,PolicyAdmin
STEND-00001503,STPOLICY00012567,RISK00012567,2024/10/20,Sum Insured Change,Commercial,"ZAR 1,194,145.73",Northern Cape,SIM-9001,,,,AcquiredBook
STEND-00001504,STPOLICY00012571,RISK00012571,12-25-2022,Address Move,MOTOR,"R 1,588,642.70",KwaZulu-Natal,SIM-3002,2001,SIM-REG-00003650,SIM-VIN-0000012571,EndorsementPortal
STEND-00001505,STPOLICY00012572,RISK00012572,04-05-2023,Address Move,Commercial,17223392.06,Northern Cape,SIM-9001,,,,AcquiredBook
STEND-00001506,STPOLICY00012580,RISK00012580,11-28-2022,Sum Insured Change,Household,"3.734.547,11",Northern Cape,SIM-9001,,,,EndorsementPortal
STEND-00001507,STPOLICY00012599,RISK00012599,16/01/2024,Sum Insured Change,Motor,"3,560,800.60",KwaZulu-Natal,SIM-3001,2000,SIM-REG-00012599,SIM-VIN-0000012599,EndorsementPortal
STEND-00001508,STPOLICY00012602,RISK00012602,2023-10-11,Vehicle Update,Commercial,"1.549.347,35",Limpopo,SIM-6001,,,,EndorsementPortal
STEND-00001509,STPOLICY00012615,RISK00012615,2023/11/10,Sum Insured Change,Motor,2228038.93,Mpumalanga,SIM-7001,0,SIM-REG-00012615,SIM-VIN-0000012615,PolicyAdmin
STEND-00001510,STPOLICY00012658,RISK00012658,2024-03-29,Sum Insured Change,Motor,2785953.18,KwaZulu-Natal,SIM-3001,1995,SIM-REG-00012658,SIM-VIN-0000012658,AcquiredBook
STEND-00001511,STPOLICY00012667,RISK00012667,05-26-2023,Vehicle Update,Household,"2.958.845,43",Free State,SIM-5001,,,,AcquiredBook
STEND-00001512,STPOLICY00012684,RISK00012684,02-05-2026,Vehicle Update,Household,"R 3,462,826.30",Western Cape,SIM-2101,,,,AcquiredBook
STEND-00001513,STPOLICY00012688,RISK00012688,2023/04/06,Address Move,Household,"R 2,756,411.87",Northern Cape,SIM-9001,,,,EndorsementPortal
STEND-00001514,STPOLICY00012689,RISK00012689,2023-12-21,Vehicle Update,Household,"846,205.59",Gauteng,SIM-1001,,,,AcquiredBook
STEND-00001515,STPOLICY00012699,RISK00012699,2024/08/25,Endorsement,Commercial,"ZAR 1,307,940.29",Gauteng,SIM-1001,,,,EndorsementPortal
STEND-00001516,STPOLICY00012701,RISK00012701,31/31/2024,Cover Adjustment,Commercial,"186.016,63",Gauteng,SIM-1001,,,,EndorsementPortal
STEND-00001517,STPOLICY00012712,RISK00012712,2022/01/17,Cover Adjustment,Motor,"ZAR 3,254,425.17",Eastern Cape,SIM-4001,1998,SIM-REG-00012712,SIM-VIN-0000012712,AcquiredBook
STEND-00001518,STPOLICY00012715,RISK00012715,2023-07-23,Address Move,Household,"ZAR 939,611.40",Free State,SIM-5001,,,,PolicyAdmin
STEND-00001519,STPOLICY00012718,RISK00012718,2024/05/26,Sum Insured Change,Home Contents,"2.198.046,55",North West,SIM-8001,,,,PolicyAdmin
STEND-00001520,STPOLICY00012725,RISK00012725,18/01/2026,Endorsement,Commercial,"ZAR 1,280,273.12",Mpumalanga,SIM-7001,,,,EndorsementPortal
STEND-00001521,STPOLICY00012728,RISK00012728,2021-06-26,Endorsement,Commercial,"316.419,13",Free State,SIM-5001,,,,PolicyAdmin
STEND-00001522,STPOLICY00012741,RISK00012741,11-26-2023,Endorsement,Motor,"R 744,020.42",Northern Cape,SIM-9001,2009,SIM-REG-00012741,SIM-VIN-0000012741,PolicyAdmin
STEND-00001523,STPOLICY00012744,RISK00012744,2023-07-12,Sum Insured Change,Household,"R 4,330,018.71",Limpopo,SIM-6001,,,,PolicyAdmin
STEND-00001524,STPOLICY00012771,RISK00012771,2023-09-13,Sum Insured Change,Commercial,"1.499.140,51",Eastern Cape,SIM-4001,,,,AcquiredBook
STEND-00001525,STPOLICY00012791,RISK00012791,2024-07-05,Vehicle Update,Motor,"ZAR 532,022.45",Limpopo,SIM-6001,1991,SIM-REG-00012791,SIM-VIN-0000012791,PolicyAdmin
STEND-00001526,STPOLICY00012811,RISK00012811,11-17-2023,Sum Insured Change,Household,"372,014.38",Limpopo,SIM-6001,,,,AcquiredBook
STEND-00001527,STPOLICY00012816,RISK00012816,2022-01-31,Endorsement,Household,"ZAR 1,053.27",Free State,SIM-5001,,,,AcquiredBook
STEND-00001528,STPOLICY00012824,RISK00012824,28/10/2023,Endorsement,Household,"ZAR 3,697,702.84",North West,SIM-8001,,,,EndorsementPortal
STEND-00001529,STPOLICY00012837,RISK00012837,2023/03/20,Cover Adjustment,Motor,3069326.16,North West,SIM-8001,2000,SIM-REG-00012837,SIM-VIN-0000012837,PolicyAdmin
STEND-00001530,STPOLICY00012848,RISK00012848,10/09/2025,Endorsement,Commercial,28801834.19,Gauteng,SIM-1001,,,,EndorsementPortal
STEND-00001531,STPOLICY00012851,RISK00012851,2024-08-31,Sum Insured Change,Household,"R 2,626,549.66",North West,SIM-8001,,,,PolicyAdmin
STEND-00001532,STPOLICY00012857,RISK00012857,2026-02-17,Sum Insured Change,Commercial,"13,348,636.94",Gauteng,SIM-1002,,,,EndorsementPortal
STEND-00001533,STPOLICY00012865,RISK00012865,20/12/2022,Endorsement,Commercial,"162,812.61",North West,SIM-8001,,,,EndorsementPortal
STEND-00001534,STPOLICY00012873,RISK00012873,2023-11-06,Vehicle Update,Commercial,"304,919.01",Free State,SIM-5001,,,,AcquiredBook
STEND-00001535,STPOLICY00012874,RISK00012874,02-06-2024,Cover Adjustment,Household,"1.729.172,16",Gauteng,SIM-1003,,,,AcquiredBook
STEND-00001536,STPOLICY00012887,RISK00012887,05-20-2022,Sum Insured Change,Household,"R 1,822,708.93",Eastern Cape,SIM-4001,,,,EndorsementPortal
STEND-00001537,STPOLICY00012902,RISK00012902,2022-02-27,Address Move,Household,"362,636.52",Western Cape,SIM-2001,,,,PolicyAdmin
STEND-00001538,STPOLICY00012903,RISK00012903,12-14-2022,Cover Adjustment,Commercial,"ZAR 34,002,675.03",Western Cape,SIM-2002,,,,EndorsementPortal
STEND-00001539,STPOLICY00012903,RISK00012903,01-22-2023,Endorsement,Commercial,"R 27,549,311.62",Western Cape,SIM-2002,,,,AcquiredBook
STEND-00001540,STPOLICY00012913,RISK00012913,2021/10/06,Address Move,Household,"ZAR 2,430,027.98",Limpopo,SIM-6001,,,,PolicyAdmin
STEND-00001541,STPOLICY00012916,RISK00012916,09-13-2025,Address Move,Household,"3.802.224,50",Gauteng,SIM-1003,,,,PolicyAdmin
STEND-00001542,STPOLICY00012927,RISK00012927,2023-01-26,Sum Insured Change,Motor,"339.146,50",Northern Cape,SIM-9001,2005,,SIM-VIN-0000012927,EndorsementPortal
STEND-00001543,STPOLICY00012952,RISK00012952,2023/12/10,Endorsement,Household,"877.353,78",Northern Cape,SIM-9001,,,,EndorsementPortal
STEND-00001544,STPOLICY00012956,RISK00012956,06/02/2024,Address Move,SME Commercial,"R 1,514,721.43",Gauteng,SIM-1001,,,,EndorsementPortal
STEND-00001545,STPOLICY00012965,RISK00012965,2024-03-06,Vehicle Update,Motor,"R 1,992,720.99",Free State,SIM-5001,1995,SIM-REG-00012965,SIM-VIN-0000012965,EndorsementPortal
STEND-00001546,STPOLICY00012967,RISK00012967,2023-09-11,Sum Insured Change,Motor,"3.249.414,69",Mpumalanga,SIM-7001,1995,SIM-REG-00012967,SIM-VIN-0000012967,PolicyAdmin
STEND-00001547,STPOLICY00012969,RISK00012969,04/02/2024,Vehicle Update,Commercial,"ZAR 21,582,802.02",Mpumalanga,SIM-7001,,,,AcquiredBook
STEND-00001548,STPOLICY00012994,RISK00012994,2023-08-19,Cover Adjustment,Household,"ZAR 3,219,008.00",KwaZulu-Natal,SIM-3101,,,,EndorsementPortal
STEND-00001549,STPOLICY00013000,RISK00013000,04-18-2022,Address Move,Household,"R 1,397,268.24",Northern Cape,SIM-9001,,,,AcquiredBook
STEND-00001550,STPOLICY00013011,RISK00013011,2024/06/24,Sum Insured Change,Motor,"699,145.16",Free State,SIM-5001,2014,SIM-REG-00013011,SIM-VIN-0000013011,EndorsementPortal
STEND-00001551,STPOLICY00013015,RISK00013015,11/01/2024,Cover Adjustment,Household,744087.48,Northern Cape,SIM-9001,,,,EndorsementPortal
STEND-00001552,STPOLICY00013025,RISK00013025,10-22-2023,Address Move,Commercial,1502551.07,Western Cape,SIM-2001,,,,AcquiredBook
STEND-00001553,STPOLICY00013033,RISK00013033,09/06/2024,Cover Adjustment,Household,"1,109,057.46",Limpopo,SIM-6001,,,,PolicyAdmin
STEND-00001554,STPOLICY00013049,RISK00013049,2022-11-13,Vehicle Update,Household,"ZAR 3,393,910.14",Eastern Cape,SIM-4001,,,,EndorsementPortal
STEND-00001555,STPOLICY00013054,RISK00013054,2023/10/16,Cover Adjustment,Household,"R 339,527.07",North West,SIM-8001,,,,AcquiredBook
STEND-00001556,STPOLICY00013062,RISK00013062,23/02/2023,Address Move,Household,"ZAR 4,735,978.29",Western Cape,SIM-2101,,,,EndorsementPortal
STEND-00001557,STPOLICY00013082,RISK00013082,04-02-2023,Endorsement,Commercial,"29.673.559,09",Mpumalanga,SIM-7001,,,,PolicyAdmin
STEND-00001558,STPOLICY00013093,RISK00013093,10-16-2022,Cover Adjustment,Motor,3595216.96,Northern Cape,SIM-9001,2004,SIM-REG-00008400,SIM-VIN-0000013093,EndorsementPortal
STEND-00001559,STPOLICY00013111,RISK00013111,2023-09-01,Cover Adjustment,Motor,"1,295,233.95",Mpumalanga,SIM-7001,2008,SIM-REG-00013111,SIM-VIN-0000013111,AcquiredBook
STEND-00001560,STPOLICY00013120,RISK00013120,2023-02-07,Vehicle Update,Commercial,"1,655,946.56",Northern Cape,SIM-9001,,,,PolicyAdmin
STEND-00001561,STPOLICY00013126,RISK00013126,08-01-2023,Endorsement,Household,"ZAR 1,920,931.99",Limpopo,SIM-6001,,,,EndorsementPortal
STEND-00001562,STPOLICY00013141,RISK00013141,01-24-2024,Address Move,Commercial,3205734.30,Eastern Cape,SIM-4001,,,,AcquiredBook
STEND-00001563,STPOLICY00013144,RISK00013144,10-14-2022,Vehicle Update,Household,"ZAR 1,463,071.83",Western Cape,SIM-2101,,,,PolicyAdmin
STEND-00001564,STPOLICY00013144,RISK00013144,2022-12-31,Address Move,Household,"ZAR 1,502,171.83",Western Cape,SIM-2001,,,,PolicyAdmin
STEND-00001565,STPOLICY00013148,RISK00013148,2024/09/05,Address Move,Household,"R 3,853,897.96",Gauteng,SIM-1002,,,,EndorsementPortal
STEND-00001566,STPOLICY00013149,RISK00013149,2023-07-21,Endorsement,Household,"1,444,889.00",Limpopo,,,,,AcquiredBook
STEND-00001567,STPOLICY00013165,RISK00013165,2023-08-29,Sum Insured Change,Commercial,"24,139,137.81",Eastern Cape,SIM-4001,,,,PolicyAdmin
STEND-00001568,STPOLICY00013182,RISK00013182,11-14-2022,Endorsement,Motor,1698893.30,Limpopo,SIM-6001,1990,SIM-REG-00013182,SIM-VIN-0000013182,AcquiredBook
STEND-00001569,STPOLICY00013184,RISK00013184,18/09/2021,Endorsement,Commercial,"31.614.777,74",N/A,SIM-3101,,,,PolicyAdmin
STEND-00001570,STPOLICY00013186,RISK00013186,01-20-2024,Endorsement,Household,"ZAR 911,973.52",Northern Cape,SIM-9001,,,,PolicyAdmin
STEND-00001571,STPOLICY00013187,RISK00013187,2022-06-02,Sum Insured Change,Commercial,33580544.35,Eastern Cape,SIM-4001,,,,EndorsementPortal
STEND-00001572,STPOLICY00013200,RISK00013200,05/01/2023,Vehicle Update,Commercial,"17.511.267,49",Eastern Cape,SIM-4001,,,,EndorsementPortal
STEND-00001573,STPOLICY00013200,RISK00013200,2023/03/07,Cover Adjustment,Commercial,"ZAR 15,157,892.64",Eastern Cape,SIM-4001,,,,EndorsementPortal
STEND-00001574,STPOLICY00013205,RISK00013205,04-01-2024,Cover Adjustment,Motor,"2.415.830,49",Western Cape,SIM-2101,2016,SIM-REG-00013205,SIM-VIN-0000013205,PolicyAdmin
STEND-00001575,STPOLICY00013216,RISK00013216,2024/03/02,Cover Adjustment,Household,"2.306.363,22",Mpumalanga,SIM-7001,,,,PolicyAdmin
STEND-00001576,STPOLICY00013221,RISK00013221,20/04/2024,Address Move,Commercial,"569,581.72",Free State,SIM-5001,,,,PolicyAdmin
STEND-00001577,STPOLICY00013223,RISK00013223,05-22-2024,Cover Adjustment,Household,"1.097.465,37",KwaZulu-Natal,SIM-3101,,,,EndorsementPortal
STEND-00001578,STPOLICY00013231,RISK00013231,09-05-2022,Sum Insured Change,Motor,"1.408.012,84",Gauteng,SIM-1003,2012,SIM-REG-00013231,SIM-VIN-0000013231,AcquiredBook
STEND-00001579,STPOLICY00013233,RISK00013233,06/02/2023,Sum Insured Change,Motor,"1.486.824,92",Northern Cape,SIM-9001,1993,SIM-REG-00013233,SIM-VIN-0000013233,AcquiredBook
STEND-00001580,STPOLICY00013254,RISK00013254,01-18-2024,Sum Insured Change,Household,"ZAR 312,000.75",Mpumalanga,SIM-7001,,,,AcquiredBook
STEND-00001581,STPOLICY00013257,RISK00013257,2024-03-22,Sum Insured Change,Household,"R 1,048,005.22",Gauteng,SIM-1003,,,,EndorsementPortal
STEND-00001582,STPOLICY00013261,RISK00013261,2024-04-16,Endorsement,Commercial,1840599.91,Gauteng,SIM-1003,,,,PolicyAdmin
STEND-00001583,STPOLICY00013265,RISK00013265,25/07/2024,Address Move,Household,2485552.25,North West,SIM-8001,,,,PolicyAdmin
STEND-00001584,STPOLICY00013265,RISK00013265,2024-10-01,Sum Insured Change,Household,"2,061,328.27",North West,SIM-8001,,,,AcquiredBook
STEND-00001585,STPOLICY00013274,RISK00013274,2023-01-01,Vehicle Update,Household,"ZAR 613,370.88",Eastern Cape,SIM-4001,,,,PolicyAdmin
STEND-00001586,STPOLICY00013282,RISK00013282,08-10-2023,Cover Adjustment,Motor,"2.454.201,17",KwaZulu-Natal,SIM-3101,2020,SIM-REG-00013282,SIM-VIN-0000013282,AcquiredBook
STEND-00001587,STPOLICY00013287,RISK00013287,2024-04-27,Sum Insured Change,Motor,"ZAR 124,267.78",Northern Cape,SIM-9001,2013,SIM-REG-00013287,SIM-VIN-0000013287,EndorsementPortal
STEND-00001588,STPOLICY00013294,RISK00013294,2022-10-11,Vehicle Update,Household,"1,697,570.16",KwaZulu-Natal,SIM-3101,,,,PolicyAdmin
STEND-00001589,STPOLICY00013297,RISK00013297,2024-19-42,Sum Insured Change,Household,3748043.84,KwaZulu-Natal,SIM-3002,,,,EndorsementPortal
STEND-00001590,STPOLICY00013301,RISK00013301,2022/10/17,Sum Insured Change,Household,"3.361.404,52",Northern Cape,SIM-9001,,,,PolicyAdmin
STEND-00001591,STPOLICY00013319,RISK00013319,2023/11/22,Cover Adjustment,Household,"780,702.13",Gauteng,NULL,,,,AcquiredBook
STEND-00001592,STPOLICY00013344,RISK00013344,2022/04/14,Address Move,Motor,N/A,Western Cape,SIM-2002,2013,SIM-REG-00013344,SIM-VIN-0000013344,PolicyAdmin
STEND-00001593,STPOLICY00013362,RISK00013362,12-09-2022,Vehicle Update,Motor,"ZAR 1,454,388.21",KwaZulu-Natal,SIM-3101,1993,SIM-REG-00013362,SIM-VIN-0000013362,EndorsementPortal
STEND-00001594,STPOLICY00013366,RISK00013366,2023/09/20,Sum Insured Change,Commercial,22001827.38,Free State,SIM-5001,,,,AcquiredBook
STEND-00001595,STPOLICY00013374,RISK00013374,2023/05/28,Sum Insured Change,SME Commercial,0.00,Western Cape,SIM-2101,,,,PolicyAdmin
STEND-00001596,STPOLICY00013376,RISK00013376,23/03/2024,Sum Insured Change,Commercial,"R 3,422,128.45",Northern Cape,SIM-9001,,,,EndorsementPortal
STEND-00001597,STPOLICY00013389,RISK00013389,2023/11/12,Endorsement,Commercial,343819.99,Mpumalanga,SIM-7001,,,,AcquiredBook
STEND-00001598,STPOLICY00013400,RISK00013400,11-13-2025,Endorsement,Commercial,"25.662.764,51",Western Cape,SIM-2001,,,,PolicyAdmin
STEND-00001599,STPOLICY00013407,RISK00013407,10-07-2022,Vehicle Update,Motor,"ZAR 2,041,687.75",Gauteng,SIM-1001,2014,SIM-REG-00013407,SIM-VIN-0000013407,AcquiredBook
STEND-00001600,STPOLICY00013441,RISK00013441,13/10/2025,Cover Adjustment,Commercial,"ZAR 3,535,812.89",Eastern Cape,SIM-4001,,,,PolicyAdmin
STEND-00001601,STPOLICY00013455,RISK00013455,22/01/2024,Endorsement,Commercial,"33.473.950,68",Free State,SIM-5001,,,,AcquiredBook
STEND-00001602,STPOLICY00013462,RISK00013462,2022-09-30,Address Move,Home Contents,"R 1,532,879.79",Northern Cape,SIM-9001,,,,AcquiredBook
STEND-00001603,STPOLICY00013475,RISK00013475,09-23-2022,Endorsement,Commercial,31578388.06,Mpumalanga,SIM-7001,,,,AcquiredBook
STEND-00001604,STPOLICY00013475,RISK00013475,2022-11-06,Sum Insured Change,Commercial,"23,613,289.29",Mpumalanga,SIM-7001,,,,PolicyAdmin
STEND-00001605,STPOLICY00013508,RISK00013508,21/01/2023,Sum Insured Change,Household,"R 5,159,248.48",Gauteng,SIM-1001,,,,EndorsementPortal
STEND-00001606,STPOLICY00013509,RISK00013509,2023/06/06,Vehicle Update,Commercial,"ZAR 35,705,832.40",Eastern Cape,SIM-4001,,,,EndorsementPortal
STEND-00001607,STPOLICY00013512,RISK00013512,06-29-2024,Address Move,Commercial,"7,273,030.60",North West,SIM-8001,,,,AcquiredBook
STEND-00001608,STPOLICY00013515,RISK00013515,01-26-2022,Sum Insured Change,Commercial,"33,178,096.94",North West,SIM-8001,,,,PolicyAdmin
STEND-00001609,STPOLICY00013523,RISK00013523,02-27-2023,Cover Adjustment,Motor,1498626.91,Mpumalanga,SIM-7001,1994,SIM-REG-00013523,SIM-VIN-0000013523,EndorsementPortal
STEND-00001610,STPOLICY00013536,RISK00013536,09-17-2023,Address Move,Household,"R 2,183,185.67",Eastern Cape,SIM-4001,,,,EndorsementPortal
STEND-00001611,STPOLICY00013537,RISK00013537,2022/10/02,Address Move,Household,625.00,Eastern Cape,SIM-4001,,,,AcquiredBook
STEND-00001612,STPOLICY00013540,RISK00013540,2022/08/26,Endorsement,Motor,"993.162,94",Eastern Cape,SIM-4001,2009,SIM-REG-00013540,SIM-VIN-0000013540,PolicyAdmin
STEND-00001613,STPOLICY00013557,RISK00013557,13/01/2023,Vehicle Update,Motor,1224424.90,Mpumalanga,SIM-7001,1995,SIM-REG-00013557,SIM-VIN-0000013557,AcquiredBook
STEND-00001614,STPOLICY00013561,RISK00013561,2023-05-04,Address Move,Motor,"4.331.954,88",Mpumalanga,SIM-7001,0,SIM-REG-00013561,SIM-VIN-0000013561,EndorsementPortal
STEND-00001615,STPOLICY00013602,RISK00013602,2023/09/19,Cover Adjustment,Commercial,"845,354.89",Eastern Cape,NULL,,,,AcquiredBook
STEND-00001616,STPOLICY00013604,RISK00013604,2024-01-02,Address Move,Motor,"1,982,407.44",Northern Cape,N/A,1994,SIM-REG-00013604,SIM-VIN-0000013604,AcquiredBook
STEND-00001617,STPOLICY00013607,RISK00013607,08-22-2025,Endorsement,Motor,"1.174.820,21",KwaZulu-Natal,SIM-3101,2007,SIM-REG-00013607,SIM-VIN-0000013607,EndorsementPortal
STEND-00001618,STPOLICY00013609,RISK00013609,04-07-2022,Endorsement,Household,"52.833,96",KwaZulu-Natal,SIM-3001,,,,PolicyAdmin
STEND-00001619,STPOLICY00013616,RISK00013616,06-01-2023,Endorsement,Commercial,"R 21,290,628.67",Gauteng,SIM-1002,,,,PolicyAdmin
STEND-00001620,STPOLICY00013622,RISK00013622,12/08/2022,Vehicle Update,Motor,"ZAR 3,693,109.33",Eastern Cape,SIM-4001,2012,SIM-REG-00013622,SIM-VIN-0000013622,PolicyAdmin
STEND-00001621,STPOLICY00013624,RISK00013624,2024-02-13,Vehicle Update,Household,"443,905.64",North West,SIM-8001,,,,EndorsementPortal
STEND-00001622,STPOLICY00013626,RISK00013626,04-12-2022,Address Move,Motor,3899710.83,Eastern Cape,SIM-4001,2003,SIM-REG-00013626,SIM-VIN-0000013626,EndorsementPortal
STEND-00001623,STPOLICY00013642,RISK00013642,18/09/2023,Endorsement,Motor,"R 1,865,813.13",Mpumalanga,SIM-7001,1990,SIM-REG-00013642,SIM-VIN-0000013642,EndorsementPortal
STEND-00001624,STPOLICY00013642,RISK00013642,2023-11-06,Endorsement,Motor,1994607.60,Mpumalanga,SIM-7001,1990,SIM-REG-00013642,SIM-VIN-0000013642,PolicyAdmin
STEND-00001625,STPOLICY00013646,RISK00013646,26/11/2023,Vehicle Update,Commercial,670289.68,KwaZulu-Natal,SIM-3001,,,,PolicyAdmin
STEND-00001626,STPOLICY00013648,RISK00013648,14/02/2024,Address Move,Motor,"R 3,671,471.52",Free State,SIM-5001,2009,SIM-REG-00013648,SIM-VIN-0000013648,PolicyAdmin
STEND-00001627,STPOLICY00013650,RISK00013650,2024/05/31,Address Move,Motor,"2.141.620,36",Eastern Cape,SIM-4001,1997,SIM-REG-00013650,SIM-VIN-0000013650,PolicyAdmin
STEND-00001628,STPOLICY00013658,RISK00013658,06-25-2024,Endorsement,Household,"ZAR 174,317.10",Northern Cape,SIM-9001,,,,AcquiredBook
STEND-00001629,STPOLICY00013664,RISK00013664,01-24-2023,Vehicle Update,Household,2199584.68,Mpumalanga,SIM-7001,,,,EndorsementPortal
STEND-00001630,STPOLICY00013677,RISK00013677,08-24-2024,Cover Adjustment,Commercial,"26.352.874,85",North West,SIM-8001,,,,EndorsementPortal
STEND-00001631,STPOLICY00013699,RISK00013699,08-10-2024,Cover Adjustment,Commercial,"21.327.046,75",Northern Cape,SIM-9001,,,,AcquiredBook
STEND-00001632,STPOLICY00013704,RISK00013704,02-10-2026,Endorsement,Motor,583325.06,North West,SIM-8001,2025,SIM-REG-00013704,SIM-VIN-0000013704,EndorsementPortal
STEND-00001633,STPOLICY00013716,RISK00013716,18/06/2026,Address Move,Household,"3,905,346.65",North West,SIM-8001,,,,EndorsementPortal
STEND-00001634,STPOLICY00013725,RISK00013725,10-04-2023,Vehicle Update,Household,"ZAR 2,550,892.86",Northern Cape,SIM-9001,,,,PolicyAdmin
STEND-00001635,STPOLICY00013731,RISK00013731,2024-02-02,Vehicle Update,Commercial,"29.342.084,39",North West,SIM-8001,,,,PolicyAdmin
STEND-00001636,STPOLICY00013739,RISK00013739,2023/05/01,Sum Insured Change,Commercial,"2.387.927,86",Mpumalanga,SIM-7001,,,,AcquiredBook
STEND-00001637,STPOLICY00013748,RISK00013748,20/04/2024,Vehicle Update,Motor,1577001.05,KwaZulu-Natal,SIM-3101,2005,SIM-REG-00013748,SIM-VIN-0000013748,EndorsementPortal
STEND-00001638,STPOLICY00013753,RISK00013753,08-13-2025,Sum Insured Change,Home Contents,"R 1,820,530.15",KwaZulu-Natal,SIM-3101,,,,PolicyAdmin
STEND-00001639,STPOLICY00013756,RISK00013756,2025/11/02,Address Move,Motor,"914,838.35",KwaZulu-Natal,SIM-3002,1991,SIM-REG-00013756,SIM-VIN-0000013756,PolicyAdmin
STEND-00001640,STPOLICY00013786,RISK00013786,08-20-2021,Cover Adjustment,Household,1789096.66,Free State,SIM-5001,,,,AcquiredBook
STEND-00001641,STPOLICY00013795,RISK00013795,2023/08/25,Vehicle Update,Commercial,"2,920,356.43",KwaZulu-Natal,N/A,,,,EndorsementPortal
STEND-00001642,STPOLICY00013810,RISK00013810,08-25-2022,Address Move,Household,"ZAR 1,447,963.45",Mpumalanga,SIM-7001,,,,EndorsementPortal
STEND-00001643,STPOLICY00013812,RISK00013812,2023/04/16,Address Move,Motor,"R 4,260,762.22",Northern Cape,SIM-9001,2028,SIM-REG-00013812,SIM-VIN-0000013812,EndorsementPortal
STEND-00001644,STPOLICY00013839,RISK00013839,01-31-2023,Vehicle Update,Motor,"ZAR 3,221,016.36",Limpopo,SIM-6001,2017,SIM-REG-00013839,SIM-VIN-0000013839,PolicyAdmin
STEND-00001645,STPOLICY00013847,RISK00013847,01-11-2024,Sum Insured Change,Commercial,"R 25,224,954.94",North West,SIM-8001,,,,AcquiredBook
STEND-00001646,STPOLICY00013862,RISK00013862,26/07/2022,Cover Adjustment,Motor,"328,455.84",North West,SIM-8001,2020,SIM-REG-00013862,SIM-VIN-0000013862,AcquiredBook
STEND-00001647,STPOLICY00013866,RISK00013866,2026/01/17,Cover Adjustment,Commercial,"R 10,781,034.68",Mpumalanga,SIM-7001,,,,EndorsementPortal
STEND-00001648,STPOLICY00013868,RISK00013868,08-28-2021,Vehicle Update,Household,"ZAR 1,204.75",Free State,SIM-5001,,,,EndorsementPortal
STEND-00001649,STPOLICY00013871,RISK00013871,04-26-2022,Cover Adjustment,Commercial,"R 26,033,993.65",Free State,SIM-5001,,,,PolicyAdmin
STEND-00001650,STPOLICY00013877,RISK00013877,2022-11-27,Cover Adjustment,Motor,"347.806,15",Gauteng,SIM-1002,2025,SIM-REG-00013877,SIM-VIN-0000013877,EndorsementPortal
STEND-00001651,STPOLICY00013899,RISK00013899,2024-01-15,Address Move,Home Contents,"3,958,031.83",Eastern Cape,SIM-4001,,,,AcquiredBook
STEND-00001652,STPOLICY00013901,RISK00013901,05-26-2023,Endorsement,Motor,1222678.25,Western Cape,SIM-2101,1993,SIM-REG-00013901,SIM-VIN-0000013901,PolicyAdmin
STEND-00001653,STPOLICY00013918,RISK00013918,2022-12-30,Sum Insured Change,Motor,"106.799,00",Northern Cape,SIM-9001,2006,SIM-REG-00013918,SIM-VIN-0000013918,AcquiredBook
STEND-00001654,STPOLICY00013921,RISK00013921,02-10-2023,Cover Adjustment,Motor,"2.767.143,99",Gauteng,SIM-1001,1990,SIM-REG-00013921,SIM-VIN-0000013921,EndorsementPortal
STEND-00001655,STPOLICY00013923,RISK00013923,03-19-2024,Cover Adjustment,Commercial,1488190.61,Limpopo,SIM-6001,,,,AcquiredBook
STEND-00001656,STPOLICY00013937,RISK00013937,2023-11-01,Address Move,Household,904113.62,Northern Cape,SIM-9001,,,,AcquiredBook
STEND-00001657,STPOLICY00013949,RISK00013949,04/03/2022,Sum Insured Change,Household,76290.70,Free State,SIM-5001,,,,PolicyAdmin
STEND-00001658,STPOLICY00013951,RISK00013951,2023/02/24,Endorsement,Commercial,20112186.53,North West,SIM-8001,,,,PolicyAdmin
STEND-00001659,STPOLICY00013971,RISK00013971,2023-10-26,Sum Insured Change,Commercial,"468.233,71",North West,SIM-8001,,,,EndorsementPortal
STEND-00001660,STPOLICY00013985,RISK00013985,04/10/2022,Endorsement,Commercial,"2,391,041.00",Western Cape,SIM-2101,,,,EndorsementPortal
STEND-00001661,STPOLICY00013985,RISK00013985,2022-12-15,Cover Adjustment,Commercial,2429657.06,Western Cape,SIM-2101,,,,EndorsementPortal
STEND-00001662,STPOLICY00013986,RISK00013986,2023-10-03,Vehicle Update,Commercial,"11.858.235,30",KwaZulu-Natal,SIM-3101,,,,EndorsementPortal
STEND-00001663,STPOLICY00013989,RISK00013989,2025/06/18,Vehicle Update,Commercial,"ZAR 19,164,426.66",Eastern Cape,SIM-4001,,,,PolicyAdmin
STEND-00001664,STPOLICY00013994,RISK00013994,07-13-2024,Cover Adjustment,Household,"4.340.308,05",Mpumalanga,SIM-7001,,,,EndorsementPortal
STEND-00001665,STPOLICY00014002,RISK00014002,2022/12/10,Address Move,Household,"ZAR 2,344,160.80",Limpopo,SIM-6001,,,,EndorsementPortal
STEND-00001666,STPOLICY00014022,RISK00014022,10-31-2024,Cover Adjustment,Motor,"ZAR 245,285.75",North West,SIM-8001,1993,SIM-REG-00014022,SIM-VIN-0000014022,PolicyAdmin
STEND-00001667,MISSING-287392,RISK00014029,2023-04-02,Sum Insured Change,Household,3729420.61,North West,SIM-8001,,,,PolicyAdmin
STEND-00001668,STPOLICY00014035,RISK00014035,2022-10-21,Endorsement,Household,1814322.09,KwaZulu-Natal,SIM-3001,,,,PolicyAdmin
STEND-00001669,STPOLICY00014047,RISK00014047,2024-01-10,Sum Insured Change,Household,"222,248.78",Northern Cape,SIM-9001,,,,PolicyAdmin
STEND-00001670,STPOLICY00014078,RISK00014078,2024-09-21,Address Move,Motor,"892,40",Western Cape,SIM-2001,1984,SIM-REG-00014078,SIM-VIN-0000014078,EndorsementPortal
STEND-00001671,STPOLICY00014081,RISK00014081,02-25-2023,Sum Insured Change,SME Commercial,"ZAR 875,326.32",Western Cape,SIM-2001,,,,EndorsementPortal
STEND-00001672,STPOLICY00014086,RISK00014086,02/06/2023,Endorsement,Commercial,"R 20,166,457.32",Free State,SIM-5001,,,,EndorsementPortal
STEND-00001673,STPOLICY00014089,RISK00014089,22/07/2023,Sum Insured Change,Household,"1,035,984.20",Eastern Cape,,,,,AcquiredBook
STEND-00001674,STPOLICY00014163,RISK00014163,10/02/2023,Address Move,Motor,216744.84,Eastern Cape,SIM-4001,1998,SIM-REG-00014163,SIM-VIN-0000014163,EndorsementPortal
STEND-00001675,STPOLICY00014163,RISK00014163,04-04-2023,Sum Insured Change,Motor,"ZAR 205,281.52",Eastern Cape,SIM-4001,1998,SIM-REG-00014163,SIM-VIN-0000014163,AcquiredBook
STEND-00001676,STPOLICY00014172,RISK00014172,19/06/2021,Cover Adjustment,Household,199545.03,Eastern Cape,SIM-4001,,,,AcquiredBook
STEND-00001677,STPOLICY00014190,RISK00014190,2022/03/09,Cover Adjustment,Household,4058417.42,Free State,SIM-5001,,,,AcquiredBook
STEND-00001678,STPOLICY00014196,RISK00014196,2023/11/06,Endorsement,Household,"R 3,079,228.89",Northern Cape,SIM-9001,,,,PolicyAdmin
STEND-00001679,STPOLICY00014196,RISK00014196,06-30-2026,Address Move,Household,"3,554,386.68",Northern Cape,SIM-9001,,,,AcquiredBook
STEND-00001680,STPOLICY00014203,RISK00014203,2025/04/30,Address Move,Motor,"R 2,552,957.16",KwaZulu-Natal,SIM-3001,1997,,SIM-VIN-0000014203,EndorsementPortal
STEND-00001681,STPOLICY00014212,RISK00014212,08-23-2023,Vehicle Update,Commercial,"ZAR 643,914.76",Limpopo,SIM-6001,,,,AcquiredBook
STEND-00001682,STPOLICY00014221,RISK00014221,2023-06-04,Sum Insured Change,Commercial,"1,945,819.33",KwaZulu-Natal,SIM-3002,,,,EndorsementPortal
STEND-00001683,STPOLICY00014224,RISK00014224,13/06/2022,Vehicle Update,Commercial,"2.014.885,42",Free State,SIM-5001,,,,EndorsementPortal
STEND-00001684,STPOLICY00014247,RISK00014247,2024-04-21,Endorsement,Commercial,17961921.52,Free State,SIM-5001,,,,PolicyAdmin
STEND-00001685,STPOLICY00014268,RISK00014268,2025-11-26,Sum Insured Change,Motor,1999498.51,Eastern Cape,SIM-4001,2003,SIM-REG-00014268,SIM-VIN-0000014268,AcquiredBook
STEND-00001686,STPOLICY00014274,RISK00014274,2023-04-14,Sum Insured Change,Household,"ZAR 1,599,168.49",Northern Cape,SIM-9001,,,,PolicyAdmin
STEND-00001687,STPOLICY00014301,RISK00014301,2024-02-28,Cover Adjustment,Household,"1.602.031,00",KwaZulu-Natal,SIM-3001,,,,PolicyAdmin
STEND-00001688,STPOLICY00014307,RISK00014307,2023/12/13,Sum Insured Change,Motor,"R 186,791.19",Free State,SIM-5001,2015,SIM-REG-00014307,SIM-VIN-0000014307,AcquiredBook
STEND-00001689,STPOLICY00014311,RISK00014311,2024-02-08,Endorsement,Motor,"R 1,759,794.62",Gauteng,SIM-1002,2020,SIM-REG-00014311,SIM-VIN-0000014311,EndorsementPortal
STEND-00001690,STPOLICY00014318,RISK00014318,07-20-2022,Endorsement,Commercial,"9.976.332,76",Mpumalanga,SIM-7001,,,,AcquiredBook
STEND-00001691,STPOLICY00014321,RISK00014321,01/12/2023,Vehicle Update,Household,2419828.82,Northern Cape,SIM-9001,,,,AcquiredBook
STEND-00001692,STPOLICY00014321,RISK00014321,2024-01-24,Vehicle Update,Household,"1,756,339.99",Northern Cape,SIM-9001,,,,EndorsementPortal
STEND-00001693,STPOLICY00014341,RISK00014341,06-14-2024,Sum Insured Change,Household,591841.57,Northern Cape,SIM-9001,,,,AcquiredBook
STEND-00001694,STPOLICY00014349,RISK00014349,03-02-2023,Cover Adjustment,Commercial,"R 26,672,092.72",Limpopo,SIM-6001,,,,EndorsementPortal
STEND-00001695,STPOLICY00014364,RISK00014364,2022-08-03,Cover Adjustment,Household,"1.625.994,04",North West,SIM-8001,,,,EndorsementPortal
STEND-00001696,STPOLICY00014376,RISK00014376,23/04/2023,Sum Insured Change,Commercial,"39.050.053,61",Limpopo,SIM-6001,,,,PolicyAdmin
STEND-00001697,STPOLICY00014376,RISK00014376,2023-07-22,Endorsement,Commercial,"25,735,520.61",Limpopo,SIM-6001,,,,PolicyAdmin
STEND-00001698,STPOLICY00014382,RISK00014382,2023-11-27,Cover Adjustment,Commercial,"15,907,215.85",Free State,SIM-5001,,,,PolicyAdmin
STEND-00001699,STPOLICY00014384,RISK00014384,2022-12-04,Endorsement,Commercial,"ZAR 18,532,239.84",North West,SIM-8001,,,,PolicyAdmin
STEND-00001700,STPOLICY00014397,RISK00014397,2023/11/29,Sum Insured Change,Commercial,"462,13",Western Cape,SIM-2101,,,,PolicyAdmin
STEND-00001701,STPOLICY00014413,RISK00014413,2023/01/26,Vehicle Update,Household,"ZAR 2,559,987.48",Eastern Cape,SIM-4001,,,,AcquiredBook
STEND-00001702,STPOLICY00014422,RISK00014422,30/01/2024,Address Move,Motor,"3.765.269,73",Northern Cape,SIM-9001,2005,SIM-REG-00014422,SIM-VIN-0000014422,EndorsementPortal
STEND-00001703,STPOLICY00014423,RISK00014423,2022/07/21,Vehicle Update,Commercial,"528.792,26",Limpopo,SIM-6001,,,,AcquiredBook
STEND-00001704,STPOLICY00014427,RISK00014427,12-24-2023,Endorsement,Commercial,"R 13,919,040.55",Gauteng,SIM-1003,,,,AcquiredBook
STEND-00001705,STPOLICY00014443,RISK00014443,2025/07/14,Address Move,Commercial,"R 12,541,682.27",Mpumalanga,SIM-7001,,,,EndorsementPortal
STEND-00001706,STPOLICY00014448,RISK00014448,11-16-2022,Address Move,Motor,"321.825,29",Mpumalanga,SIM-7001,2005,SIM-REG-00014448,SIM-VIN-0000014448,PolicyAdmin
STEND-00001707,STPOLICY00014453,RISK00014453,31/31/2024,Vehicle Update,Motor,"R 1,960,039.09",Limpopo,SIM-6001,0,SIM-REG-00014453,SIM-VIN-0000014453,EndorsementPortal
STEND-00001708,STPOLICY00014469,RISK00014469,01-10-2023,Address Move,Household,"R 4,912,756.20",Western Cape,SIM-2001,,,,EndorsementPortal
STEND-00001709,STPOLICY00014483,RISK00014483,12/04/2023,Cover Adjustment,Motor,313.62,North West,SIM-8001,1992,SIM-REG-00014483,SIM-VIN-0000014483,AcquiredBook
STEND-00001710,STPOLICY00014525,RISK00014525,24/09/2023,Cover Adjustment,Household,"R 1,256,768.97",Mpumalanga,SIM-7001,,,,AcquiredBook
STEND-00001711,STPOLICY00014549,RISK00014549,15/04/2023,Cover Adjustment,Motor,"323.297,84",KwaZulu-Natal,SIM-3101,2022,SIM-REG-00014549,SIM-VIN-0000014549,PolicyAdmin
STEND-00001712,STPOLICY00014558,RISK00014558,2024-01-19,Sum Insured Change,Motor,4522408.87,North West,SIM-8001,2002,SIM-REG-00014558,SIM-VIN-0000014558,PolicyAdmin
STEND-00001713,STPOLICY00014560,RISK00014560,12/01/2023,Endorsement,Commercial,10785716.98,KwaZulu-Natal,SIM-3002,,,,AcquiredBook
STEND-00001714,STPOLICY00014561,RISK00014561,16/07/2022,Address Move,Motor,"2,095,478.20",Western Cape,SIM-2001,2020,SIM-REG-00014561,SIM-VIN-0000014561,PolicyAdmin
STEND-00001715,STPOLICY00014561,RISK00014561,2022/09/15,Address Move,Motor,"1.866.206,00",Western Cape,SIM-2001,2020,SIM-REG-00014561,SIM-VIN-0000014561,AcquiredBook
STEND-00001716,STPOLICY00014563,RISK00014563,2023/08/15,Vehicle Update,Commercial,"R 7,625,116.43",Western Cape,SIM-2002,,,,EndorsementPortal
STEND-00001717,STPOLICY00014580,RISK00014580,06-17-2023,Cover Adjustment,Commercial,"R 3,947,881.10",North West,SIM-8001,,,,AcquiredBook
STEND-00001718,STPOLICY00014591,RISK00014591,07-29-2023,Endorsement,Commercial,1548504.02,North West,SIM-8001,,,,AcquiredBook
STEND-00001719,STPOLICY00014599,RISK00014599,2024-06-29,Address Move,Commercial,"24.571.383,09",Gauteng,SIM-1001,,,,EndorsementPortal
STEND-00001720,STPOLICY00014620,RISK00014620,2025/04/27,Sum Insured Change,Motor,"ZAR 3,865,557.71",Western Cape,SIM-2001,2020,SIM-REG-00014620,SIM-VIN-0000014620,AcquiredBook
STEND-00001721,STPOLICY00014625,RISK00014625,29/05/2023,Cover Adjustment,Household,2305845.94,Free State,SIM-5001,,,,EndorsementPortal
STEND-00001722,STPOLICY00014628,RISK00014628,03-22-2023,Address Move,Motor,"438.778,32",Mpumalanga,SIM-7001,2015,SIM-REG-00014628,SIM-VIN-0000014628,AcquiredBook
STEND-00001723,STPOLICY00014629,RISK00014629,26/10/2025,Address Move,Motor,"1,647,955.60",North West,SIM-8001,2023,SIM-REG-00014629,SIM-VIN-0000014629,EndorsementPortal
STEND-00001724,STPOLICY00014637,RISK00014637,2022-02-25,Endorsement,Household,"2.802.237,58",Eastern Cape,SIM-4001,,,,EndorsementPortal
STEND-00001725,STPOLICY00014639,RISK00014639,01/12/2023,Vehicle Update,Household,"3.926.365,23",Free State,SIM-5001,,,,EndorsementPortal
STEND-00001726,STPOLICY00014641,RISK00014641,2023-01-19,Endorsement,Motor,"R 3,712,178.53",Mpumalanga,SIM-7001,1998,,SIM-VIN-0000014641,PolicyAdmin
STEND-00001727,STPOLICY00014642,RISK00014642,2024/02/24,Cover Adjustment,Household,"3,095,211.38",Free State,SIM-5001,,,,AcquiredBook
STEND-00001728,STPOLICY00014643,RISK00014643,06/01/2024,Sum Insured Change,Motor,"953,146.60",Northern Cape,SIM-9001,1993,SIM-REG-00014643,SIM-VIN-0000014643,EndorsementPortal
STEND-00001729,STPOLICY00014647,RISK00014647,2023-07-28,Sum Insured Change,Commercial,"ZAR 308,788.14",Free State,SIM-5001,,,,PolicyAdmin
STEND-00001730,STPOLICY00014658,RISK00014658,2022/06/28,Vehicle Update,Commercial,"ZAR 28,656,511.90",Northern Cape,SIM-9001,,,,PolicyAdmin
STEND-00001731,STPOLICY00014667,RISK00014667,29/06/2024,Vehicle Update,Commercial,"1.205.892,33",North West,SIM-8001,,,,AcquiredBook
STEND-00001732,STPOLICY00014672,RISK00014672,2022/11/26,Endorsement,Motor,"ZAR 640,712.88",Mpumalanga,SIM-7001,2013,SIM-REG-00014672,SIM-VIN-0000014672,AcquiredBook
STEND-00001733,STPOLICY00014678,RISK00014678,2023-02-06,Vehicle Update,Motor,"ZAR 2,864,694.88",Limpopo,SIM-6001,2023,SIM-REG-00014678,SIM-VIN-0000014678,AcquiredBook
STEND-00001734,STPOLICY00014694,RISK00014694,07-12-2023,Endorsement,MOTOR,"ZAR 3,171,620.47",KwaZulu-Natal,SIM-3101,2002,SIM-REG-00014694,SIM-VIN-0000014694,PolicyAdmin
STEND-00001735,STPOLICY00014695,RISK00014695,05-20-2023,Address Move,Commercial,"2.967.583,36",KwaZulu-Natal,SIM-3101,,,,EndorsementPortal
STEND-00001736,STPOLICY00014713,RISK00014713,07-22-2023,Address Move,Commercial,"3.107.349,52",Gauteng,SIM-1003,,,,EndorsementPortal
STEND-00001737,STPOLICY00014713,RISK00014713,04/09/2023,Address Move,Commercial,"R 3,321,549.18",Gauteng,SIM-1001,,,,PolicyAdmin
STEND-00001738,STPOLICY00014727,RISK00014727,10-26-2022,Address Move,Commercial,"909,114.91",Northern Cape,SIM-9001,,,,EndorsementPortal
STEND-00001739,STPOLICY00014731,RISK00014731,11-26-2023,Address Move,Motor,3188772.54,North West,SIM-8001,1996,SIM-REG-00014731,SIM-VIN-0000014731,EndorsementPortal
STEND-00001740,STPOLICY00014746,RISK00014746,2022-05-07,Vehicle Update,Motor,"R 1,490,774.23",Free State,SIM-5001,2004,SIM-REG-00014746,SIM-VIN-0000014746,PolicyAdmin
STEND-00001741,STPOLICY00014759,RISK00014759,04/11/2022,Sum Insured Change,Motor,"178,000.01",Gauteng,SIM-1002,2013,SIM-REG-00014759,SIM-VIN-0000014759,PolicyAdmin
STEND-00001742,STPOLICY00014776,RISK00014776,08-18-2022,Vehicle Update,Household,"131,753.39",Mpumalanga,SIM-7001,,,,EndorsementPortal
STEND-00001743,MISSING-843314,RISK00014779,2023-09-04,Address Move,Commercial,36581102.21,Limpopo,SIM-6001,,,,AcquiredBook
STEND-00001744,STPOLICY00014805,RISK00014805,2026-04-14,Address Move,Motor,"ZAR 1,456,084.68",Free State,SIM-5001,1997,SIM-REG-00014805,SIM-VIN-0000014805,EndorsementPortal
STEND-00001745,STPOLICY00014806,RISK00014806,31/03/2024,Address Move,Commercial,"81.721,74",Northern Cape,SIM-9001,,,,PolicyAdmin
STEND-00001746,STPOLICY00014807,RISK00014807,04-18-2024,Address Move,Commercial,"R 2,263,430.85",Mpumalanga,SIM-7001,,,,EndorsementPortal
STEND-00001747,STPOLICY00014811,RISK00014811,2025/09/16,Endorsement,Household,"1.836.611,25",Mpumalanga,SIM-7001,,,,PolicyAdmin
STEND-00001748,STPOLICY00014813,RISK00014813,2023/03/26,Sum Insured Change,Commercial,15542443.25,Mpumalanga,SIM-7001,,,,EndorsementPortal
STEND-00001749,STPOLICY00014826,RISK00014826,06-08-2023,Cover Adjustment,Household,"ZAR 4,566,208.46",Limpopo,SIM-6001,,,,AcquiredBook
STEND-00001750,STPOLICY00014827,RISK00014827,30/05/2024,Sum Insured Change,Household,3397673.52,Northern Cape,SIM-9001,,,,EndorsementPortal
STEND-00001751,STPOLICY00014829,RISK00014829,2022-10-16,Endorsement,Motor,"151,86",Mpumalanga,SIM-7001,2014,SIM-REG-00014829,SIM-VIN-0000014829,PolicyAdmin
STEND-00001752,STPOLICY00014844,RISK00014844,2023/03/08,Sum Insured Change,Commercial,"R 6,513,423.69",Limpopo,SIM-6001,,,,EndorsementPortal
STEND-00001753,STPOLICY00014853,RISK00014853,02-23-2023,Cover Adjustment,Household,"2,352,359.75",Free State,SIM-5001,,,,PolicyAdmin
STEND-00001754,STPOLICY00014853,RISK00014853,12/05/2023,Address Move,Household,2497274.25,Free State,SIM-5001,,,,PolicyAdmin
STEND-00001755,STPOLICY00014866,RISK00014866,18/11/2022,Address Move,Motor,1689219.44,Northern Cape,SIM-9001,2023,SIM-REG-00014866,SIM-VIN-0000014866,AcquiredBook
STEND-00001756,STPOLICY00014871,RISK00014871,12-13-2023,Sum Insured Change,Commercial,816.77,Northern Cape,SIM-9001,,,,AcquiredBook
STEND-00001757,STPOLICY00014876,RISK00014876,2023-02-18,Sum Insured Change,Commercial,"ZAR 1,134,974.47",Limpopo,SIM-6001,,,,EndorsementPortal
STEND-00001758,STPOLICY00014883,RISK00014883,03-19-2022,Endorsement,Household,"1.262.278,79",KwaZulu-Natal,SIM-3002,,,,EndorsementPortal
STEND-00001759,STPOLICY00014886,RISK00014886,11-09-2023,Sum Insured Change,Household,"834,753.01",Mpumalanga,SIM-7001,,,,AcquiredBook
STEND-00001760,STPOLICY00014889,RISK00014889,2023/10/06,Endorsement,Motor,"R 1,654,212.89",Gauteng,SIM-1003,2015,SIM-REG-00014889,SIM-VIN-0000014889,EndorsementPortal
STEND-00001761,STPOLICY00014913,RISK00014913,2024-01-15,Sum Insured Change,Household,2665967.95,KwaZulu-Natal,SIM-3002,,,,PolicyAdmin
STEND-00001762,STPOLICY00014917,RISK00014917,02-08-2024,Endorsement,Household,"2,635,263.59",Mpumalanga,SIM-7001,,,,AcquiredBook
STEND-00001763,STPOLICY00014923,RISK00014923,2023-07-15,Cover Adjustment,Household,1367327.48,Free State,SIM-5001,,,,AcquiredBook
STEND-00001764,STPOLICY00014926,RISK00014926,09-06-2022,Cover Adjustment,Commercial,"1,435,513.42",Northern Cape,SIM-9001,,,,PolicyAdmin
STEND-00001765,STPOLICY00014930,RISK00014930,20/11/2022,Sum Insured Change,Commercial,"20.799.116,61",Eastern Cape,SIM-4001,,,,EndorsementPortal
STEND-00001766,STPOLICY00014931,RISK00014931,2023/10/11,Endorsement,Commercial,"R 28,247,467.51",North West,SIM-8001,,,,EndorsementPortal
STEND-00001767,STPOLICY00014934,RISK00014934,,Endorsement,Motor,"ZAR 4,134,637.42",Northern Cape,SIM-9001,2000,SIM-REG-00014934,SIM-VIN-0000014934,PolicyAdmin
STEND-00001768,STPOLICY00014934,RISK00014934,2022/07/03,Sum Insured Change,Motor,"ZAR 4,547,381.78",Northern Cape,SIM-9001,2000,SIM-REG-00014934,SIM-VIN-0000014934,PolicyAdmin
STEND-00001769,STPOLICY00014940,RISK00014940,2022-03-23,Vehicle Update,Commercial,"17,026,971.03",Western Cape,,,,,PolicyAdmin
STEND-00001770,STPOLICY00014945,RISK00014945,2023-12-23,Address Move,Commercial,"R 2,935,174.88",Free State,SIM-5001,,,,PolicyAdmin
STEND-00001771,MISSING-312010,RISK00014947,09-27-2021,Sum Insured Change,Commercial,"ZAR 1,496,017.24",Free State,SIM-5001,,,,EndorsementPortal
STEND-00001772,STPOLICY00015001,RISK00015001,30/09/2023,Vehicle Update,Household,"1,542,103.25",Northern Cape,SIM-9001,,,,AcquiredBook
STEND-00001773,STPOLICY00015003,RISK00015003,11-13-2023,Endorsement,Commercial,"2.996.858,62",Northern Cape,SIM-9001,,,,EndorsementPortal
STEND-00001774,STPOLICY00015003,RISK00015003,2024-01-15,Endorsement,Commercial,"2,901,965.78",Northern Cape,SIM-9001,,,,PolicyAdmin
STEND-00001775,STPOLICY00015012,RISK00015012,2023-06-29,Vehicle Update,Commercial,229659.43,North West,SIM-8001,,,,AcquiredBook
STEND-00001776,STPOLICY00015012,RISK00015012,10/08/2023,Address Move,Commercial,217239.71,North West,SIM-8001,,,,EndorsementPortal
STEND-00001777,STPOLICY00015014,RISK00015014,08-01-2024,Cover Adjustment,Commercial,"18,987,371.63",Gauteng,SIM-1002,,,,AcquiredBook
STEND-00001778,STPOLICY00015028,RISK00015028,10-18-2025,Vehicle Update,Motor,"5.144.148,79",Western Cape,SIM-2101,2012,SIM-REG-00015028,SIM-VIN-0000015028,AcquiredBook
STEND-00001779,STPOLICY00015055,RISK00015055,2022-09-22,Sum Insured Change,Commercial,24452619.28,KwaZulu-Natal,SIM-3002,,,,AcquiredBook
STEND-00001780,STPOLICY00015058,RISK00015058,04-30-2024,Cover Adjustment,Home Contents,"ZAR 2,024,990.05",Free State,SIM-5001,,,,PolicyAdmin
STEND-00001781,STPOLICY00015064,RISK00015064,2023-07-19,Sum Insured Change,Commercial,"6,831,259.08",KwaZulu-Natal,SIM-3001,,,,PolicyAdmin
STEND-00001782,STPOLICY00015084,RISK00015084,2024-03-18,Cover Adjustment,Commercial,"ZAR 24,345,683.59",Free State,SIM-5001,,,,EndorsementPortal
STEND-00001783,STPOLICY00015086,RISK00015086,07-21-2022,Address Move,Household,R 213.01,KwaZulu-Natal,N/A,,,,EndorsementPortal
STEND-00001784,STPOLICY00015088,RISK00015088,2024/01/27,Vehicle Update,Motor,"ZAR 2,481,019.82",Free State,SIM-5001,1999,SIM-REG-00015088,SIM-VIN-0000015088,PolicyAdmin
STEND-00001785,STPOLICY00015092,RISK00015092,2022/05/14,Cover Adjustment,Motor,"ZAR 812,839.13",Northern Cape,SIM-9001,1998,SIM-REG-00015092,SIM-VIN-0000015092,PolicyAdmin
STEND-00001786,STPOLICY00015097,RISK00015097,23/01/2024,Vehicle Update,Motor,3433313.26,Free State,SIM-5001,1993,SIM-REG-00015097,SIM-VIN-0000015097,EndorsementPortal
STEND-00001787,STPOLICY00015106,RISK00015106,2023-05-27,Vehicle Update,Commercial,2398517.38,Northern Cape,SIM-9001,,,,PolicyAdmin
STEND-00001788,STPOLICY00015115,RISK00015115,07/08/2024,Endorsement,Commercial,"16,040,449.72",Eastern Cape,SIM-4001,,,,AcquiredBook
STEND-00001789,STPOLICY00015120,RISK00015120,2023/08/21,Cover Adjustment,Commercial,"10.255.221,70",Eastern Cape,SIM-4001,,,,EndorsementPortal
STEND-00001790,STPOLICY00015124,RISK00015124,09-16-2021,Address Move,Commercial,"22,855,705.47",North West,SIM-8001,,,,AcquiredBook
STEND-00001791,STPOLICY00015143,RISK00015143,2024/06/29,Vehicle Update,Commercial,"ZAR 23,627,413.46",Eastern Cape,SIM-4001,,,,EndorsementPortal
STEND-00001792,STPOLICY00015145,RISK00015145,2023-07-25,Endorsement,Household,"1,168,538.19",KwaZulu-Natal,SIM-3101,,,,PolicyAdmin
STEND-00001793,STPOLICY00015149,RISK00015149,07-12-2022,Sum Insured Change,Household,1858369.94,Northern Cape,SIM-9001,,,,PolicyAdmin
STEND-00001794,STPOLICY00015150,RISK00015150,2022-08-17,Address Move,Commercial,10528621.98,Limpopo,SIM-6001,,,,PolicyAdmin
STEND-00001795,STPOLICY00015157,RISK00015157,2024/06/22,Sum Insured Change,Commercial,"688,412.85",Free State,SIM-5001,,,,EndorsementPortal
STEND-00001796,STPOLICY00015167,RISK00015167,04-04-2023,Cover Adjustment,Commercial,23825873.14,Northern Cape,SIM-9001,,,,AcquiredBook
STEND-00001797,STPOLICY00015168,RISK00015168,2025/02/18,Address Move,Commercial,"R 22,058,744.71",North West,SIM-8001,,,,PolicyAdmin
STEND-00001798,MISSING-942113,RISK00015169,2022/08/04,Address Move,Motor,"922,490.16",Gauteng,SIM-1002,2019,SIM-REG-00015169,SIM-VIN-0000015169,AcquiredBook
STEND-00001799,STPOLICY00015171,RISK00015171,08-08-2024,Sum Insured Change,Motor,2835701.02,North West,SIM-8001,2014,SIM-REG-00015171,SIM-VIN-0000015171,EndorsementPortal
STEND-00001800,STPOLICY00015177,RISK00015177,03-06-2023,Endorsement,Commercial,"628,509.00",KwaZulu-Natal,SIM-3001,,,,EndorsementPortal
STEND-00001801,STPOLICY00015177,RISK00015177,2023-04-15,Cover Adjustment,Commercial,"R 604,964.88",KwaZulu-Natal,SIM-3101,,,,EndorsementPortal
STEND-00001802,STPOLICY00015207,RISK00015207,25/01/2024,Cover Adjustment,Motor,"796,333.12",Western Cape,SIM-2001,1991,SIM-REG-00015207,SIM-VIN-0000015207,EndorsementPortal
STEND-00001803,STPOLICY00015208,RISK00015208,11/02/2024,Endorsement,Commercial,"R 8,819,786.89",Mpumalanga,SIM-7001,,,,PolicyAdmin
STEND-00001804,STPOLICY00015226,RISK00015226,2022-06-03,Address Move,Commercial,"R 21,430,580.81",Gauteng,SIM-1001,,,,AcquiredBook
STEND-00001805,STPOLICY00015227,RISK00015227,04-18-2023,Cover Adjustment,Household,"4.672.876,28",Free State,SIM-5001,,,,PolicyAdmin
STEND-00001806,STPOLICY00015235,RISK00015235,2024-07-04,Address Move,Commercial,"R 1,696,026.12",KwaZulu-Natal,SIM-3001,,,,AcquiredBook
STEND-00001807,STPOLICY00015235,RISK00015235,2024-08-24,Address Move,Commercial,"ZAR 1,663,959.85",KwaZulu-Natal,SIM-3002,,,,PolicyAdmin
STEND-00001808,STPOLICY00015243,RISK00015243,11-27-2022,Vehicle Update,Household,"ZAR 2,040,246.03",Gauteng,SIM-1001,,,,AcquiredBook
STEND-00001809,STPOLICY00015273,RISK00015273,02/03/2023,Sum Insured Change,Commercial,16834270.03,Eastern Cape,SIM-4001,,,,EndorsementPortal
STEND-00001810,STPOLICY00015285,RISK00015285,10-05-2024,Endorsement,Commercial,"R 2,692,153.66",Free State,SIM-5001,,,,EndorsementPortal
STEND-00001811,STPOLICY00015286,RISK00015286,06/02/2024,Address Move,Motor,"2,115,786.98",KwaZulu-Natal,SIM-3101,2006,SIM-REG-00015286,SIM-VIN-0000015286,AcquiredBook
STEND-00001812,STPOLICY00015292,RISK00015292,2024-03-31,Vehicle Update,Commercial,"36,123,903.40",KwaZulu-Natal,SIM-3002,,,,EndorsementPortal
STEND-00001813,STPOLICY00015298,RISK00015298,05-04-2023,Vehicle Update,Commercial,"R 25,248,726.82",Free State,SIM-5001,,,,AcquiredBook
STEND-00001814,STPOLICY00015306,RISK00015306,2023-07-25,Address Move,Commercial,"14,533,142.40",Western Cape,SIM-2002,,,,AcquiredBook
STEND-00001815,STPOLICY00015308,RISK00015308,2024-05-30,Endorsement,Household,"133,425.09",Limpopo,SIM-6001,,,,EndorsementPortal
STEND-00001816,STPOLICY00015351,RISK00015351,2024-07-18,Address Move,Motor,"R 915,455.57",Limpopo,SIM-6001,1990,SIM-REG-00015351,SIM-VIN-0000015351,EndorsementPortal
STEND-00001817,STPOLICY00015360,RISK00015360,08-26-2023,Sum Insured Change,Household,"R 2,437,181.49",Limpopo,SIM-6001,,,,AcquiredBook
STEND-00001818,STPOLICY00015360,RISK00015360,2022/11/15,Sum Insured Change,Household,"R 2,893,528.72",Limpopo,SIM-6001,,,,EndorsementPortal
STEND-00001819,STPOLICY00015372,RISK00015372,11-24-2022,Vehicle Update,Motor,621208.95,Northern Cape,SIM-9001,1990,SIM-REG-00015372,SIM-VIN-0000015372,AcquiredBook
STEND-00001820,STPOLICY00015374,RISK00015374,2024-07-23,Endorsement,Household,2265333.03,Western Cape,SIM-2002,,,,PolicyAdmin
STEND-00001821,STPOLICY00015374,RISK00015374,2024/08/24,Cover Adjustment,Household,"2,534,263.46",Western Cape,SIM-2101,,,,AcquiredBook
STEND-00001822,STPOLICY00015393,RISK00015393,01-22-2024,Cover Adjustment,Commercial,"ZAR 24,553,154.95",,SIM-9001,,,,AcquiredBook
STEND-00001823,STPOLICY00015397,RISK00015397,09-01-2023,Vehicle Update,Motor,5000449.75,Limpopo,SIM-6001,2016,SIM-REG-00015397,SIM-VIN-0000015397,PolicyAdmin
STEND-00001824,STPOLICY00015400,RISK00015400,2022-03-25,Address Move,Household,"1.015.352,05",Western Cape,SIM-2002,,,,EndorsementPortal
STEND-00001825,STPOLICY00015404,RISK00015404,2023-12-01,Sum Insured Change,Household,"1,348,099.47",KwaZulu-Natal,SIM-3001,,,,PolicyAdmin
STEND-00001826,STPOLICY00015404,RISK00015404,2024-01-27,Endorsement,Household,"1.404.136,17",KwaZulu-Natal,SIM-3001,,,,AcquiredBook
STEND-00001827,STPOLICY00015405,RISK00015405,2023-10-21,Address Move,Commercial,16528154.98,KwaZulu-Natal,SIM-3002,,,,EndorsementPortal
STEND-00001828,STPOLICY00015406,RISK00015406,29/01/2024,Vehicle Update,Household,"1.947.710,19",Gauteng,SIM-1002,,,,AcquiredBook
STEND-00001829,STPOLICY00015410,RISK00015410,02/08/2023,Vehicle Update,Motor,1588115.55,Gauteng,SIM-1001,2003,SIM-REG-00015410,SIM-VIN-0000015410,EndorsementPortal
STEND-00001830,STPOLICY00015411,RISK00015411,16/04/2023,Sum Insured Change,Motor,"R 583,223.28",Western Cape,SIM-2001,2024,SIM-REG-00015411,SIM-VIN-0000015411,AcquiredBook
STEND-00001831,STPOLICY00015414,RISK00015414,2023-11-21,Address Move,Motor,"ZAR 2,668,413.18",North West,SIM-8001,1992,SIM-REG-00015414,SIM-VIN-0000015414,EndorsementPortal
STEND-00001832,STPOLICY00015426,RISK00015426,02-23-2024,Address Move,Household,"ZAR 199,917.93",Eastern Cape,SIM-4001,,,,PolicyAdmin
STEND-00001833,STPOLICY00015429,RISK00015429,2023/08/22,Sum Insured Change,Household,"2,076,888.68",KwaZulu-Natal,SIM-3101,,,,PolicyAdmin
STEND-00001834,STPOLICY00015432,RISK00015432,11-14-2023,Cover Adjustment,Motor,"R 2,247,968.67",Limpopo,SIM-6001,2018,SIM-REG-00015432,SIM-VIN-0000015432,PolicyAdmin
STEND-00001835,STPOLICY00015434,RISK00015434,31/08/2022,Endorsement,Motor,735.44,Mpumalanga,SIM-7001,1990,SIM-REG-00015434,SIM-VIN-0000015434,PolicyAdmin
STEND-00001836,STPOLICY00015463,RISK00015463,08-06-2022,Sum Insured Change,SME Commercial,"R 1,330,497.49",KwaZulu-Natal,SIM-3101,,,,EndorsementPortal
STEND-00001837,STPOLICY00015468,RISK00015468,08/08/2022,Vehicle Update,Commercial,"1.769.488,29",Free State,SIM-5001,,,,AcquiredBook
STEND-00001838,STPOLICY00015501,RISK00015501,07/10/2023,Cover Adjustment,Household,"ZAR 3,467,770.02",Northern Cape,SIM-9001,,,,PolicyAdmin
STEND-00001839,STPOLICY00015532,RISK00015532,24/10/2022,Cover Adjustment,Commercial,22620850.82,Limpopo,SIM-6001,,,,PolicyAdmin
STEND-00001840,STPOLICY00015561,RISK00015561,2023-02-10,Vehicle Update,Motor,"ZAR 3,294,533.11",Western Cape,SIM-2101,2022,SIM-REG-00015561,SIM-VIN-0000015561,EndorsementPortal
STEND-00001841,STPOLICY00015584,RISK00015584,2023/03/17,Endorsement,Commercial,"22.577.345,31",Western Cape,SIM-2101,,,,PolicyAdmin
STEND-00001842,STPOLICY00015593,RISK00015593,2022-09-22,Address Move,Household,"512,86",Western Cape,SIM-2101,,,,PolicyAdmin
STEND-00001843,STPOLICY00015598,RISK00015598,,Cover Adjustment,Household,"2,245,975.15",Limpopo,SIM-6001,,,,AcquiredBook
STEND-00001844,STPOLICY00015604,RISK00015604,05-30-2023,Endorsement,Motor,216947.15,North West,SIM-8001,1997,SIM-REG-00015604,SIM-VIN-0000015604,PolicyAdmin
STEND-00001845,STPOLICY00015616,RISK00015616,12-14-2023,Cover Adjustment,Motor,"ZAR 3,136,263.08",KwaZulu-Natal,SIM-3001,2007,SIM-REG-00015616,SIM-VIN-0000015616,PolicyAdmin
STEND-00001846,STPOLICY00015626,RISK00015626,2022/12/19,Cover Adjustment,Household,2952164.37,Northern Cape,SIM-9001,,,,EndorsementPortal
STEND-00001847,STPOLICY00015626,RISK00015626,02-14-2023,Vehicle Update,Household,"ZAR 3,952,913.46",Northern Cape,SIM-9001,,,,EndorsementPortal
STEND-00001848,STPOLICY00015627,RISK00015627,2023-04-26,Cover Adjustment,Commercial,"ZAR 31,942,779.08",Limpopo,SIM-6001,,,,AcquiredBook
STEND-00001849,STPOLICY00015658,RISK00015658,2022/07/28,Cover Adjustment,Motor,"ZAR 1,448,648.14",Limpopo,SIM-6001,2020,SIM-REG-00015658,SIM-VIN-0000015658,EndorsementPortal
STEND-00001850,STPOLICY00015665,RISK00015665,2023-01-11,Sum Insured Change,Household,361041.71,Western Cape,SIM-2101,,,,PolicyAdmin
STEND-00001851,STPOLICY00015672,RISK00015672,2022/09/27,Cover Adjustment,Motor,"169,008.16",Limpopo,SIM-6001,2024,SIM-REG-00015672,SIM-VIN-0000015672,EndorsementPortal
STEND-00001852,STPOLICY00015677,RISK00015677,2022/12/05,Address Move,Commercial,"1.153.541,99",Free State,SIM-5001,,,,EndorsementPortal
STEND-00001853,STPOLICY00015679,RISK00015679,19/02/2024,Vehicle Update,Commercial,"2,721,657.67",Gauteng,SIM-1002,,,,EndorsementPortal
STEND-00001854,STPOLICY00015685,RISK00015685,2023/04/05,Endorsement,Commercial,"18,446,916.76",KwaZulu-Natal,SIM-3001,,,,AcquiredBook
STEND-00001855,STPOLICY00015700,RISK00015700,2024/10/04,Cover Adjustment,Household,1582379.70,Mpumalanga,SIM-7001,,,,PolicyAdmin
STEND-00001856,STPOLICY00015731,RISK00015731,17/04/2023,Endorsement,Motor,"3,432,517.33",North West,SIM-8001,2016,SIM-REG-00015731,SIM-VIN-0000015731,PolicyAdmin
STEND-00001857,STPOLICY00015731,RISK00015731,2023-05-17,Cover Adjustment,Motor,"R 3,002,416.26",Free State,SIM-5001,2016,SIM-REG-00015731,SIM-VIN-0000015731,EndorsementPortal
STEND-00001858,STPOLICY00015780,RISK00015780,24/11/2022,Endorsement,Household,"R 2,073,570.57",Eastern Cape,SIM-4001,,,,EndorsementPortal
STEND-00001859,STPOLICY00015780,RISK00015780,2022-12-24,Address Move,Household,"2,039,409.02",Northern Cape,SIM-9001,,,,EndorsementPortal
STEND-00001860,STPOLICY00015783,RISK00015783,18/08/2023,Endorsement,Commercial,"R 1,357,345.45",North West,SIM-8001,,,,PolicyAdmin
STEND-00001861,STPOLICY00015794,RISK00015794,01-15-2024,Address Move,Household,"1,650,855.51",Northern Cape,SIM-9001,,,,AcquiredBook
STEND-00001862,STPOLICY00015796,RISK00015796,2023/11/27,Endorsement,Motor,400816.62,Gauteng,SIM-1002,0,SIM-REG-00015796,SIM-VIN-0000015796,PolicyAdmin
STEND-00001863,STPOLICY00015808,RISK00015808,2023-11-14,Endorsement,Motor,1459475.62,Mpumalanga,SIM-7001,1996,,SIM-VIN-0000015808,AcquiredBook
STEND-00001864,STPOLICY00015815,RISK00015815,2022-05-16,Endorsement,Commercial,8079175.80,Free State,SIM-5001,,,,AcquiredBook
STEND-00001865,STPOLICY00015820,RISK00015820,28/04/2023,Sum Insured Change,Motor,648550.39,Mpumalanga,SIM-7001,2025,SIM-REG-00015820,SIM-VIN-0000015820,EndorsementPortal
STEND-00001866,STPOLICY00015824,RISK00015824,2023/01/05,Endorsement,Motor,"R 492,956.92",Western Cape,SIM-2002,2001,SIM-REG-00015824,SIM-VIN-0000015824,AcquiredBook
STEND-00001867,STPOLICY00015848,RISK00015848,03-29-2024,Address Move,Commercial,"ZAR 3,031,057.65",Gauteng,SIM-1003,,,,EndorsementPortal
STEND-00001868,STPOLICY00015848,RISK00015848,27/06/2024,Endorsement,Commercial,2433135.41,Gauteng,SIM-1003,,,,EndorsementPortal
STEND-00001869,STPOLICY00015851,RISK00015851,03-12-2023,Address Move,Household,"ZAR 385,464.46",Gauteng,SIM-1002,,,,PolicyAdmin
STEND-00001870,STPOLICY00015854,RISK00015854,02-19-2024,Endorsement,Motor,ZAR 831.08,Eastern Cape,SIM-4001,1993,SIM-REG-00015854,SIM-VIN-0000015854,AcquiredBook
STEND-00001871,STPOLICY00015861,RISK00015861,08-03-2024,Cover Adjustment,Household,"R 3,178,274.72",Limpopo,SIM-6001,,,,EndorsementPortal
STEND-00001872,STPOLICY00015867,RISK00015867,2021-06-12,Sum Insured Change,Motor,1159853.72,KwaZulu-Natal,SIM-3002,2008,SIM-REG-00015867,SIM-VIN-0000015867,PolicyAdmin
STEND-00001873,STPOLICY00015872,RISK00015872,2024/05/16,Sum Insured Change,Motor,"ZAR 1,091,044.95",Gauteng,SIM-1003,2006,SIM-REG-00015872,SIM-VIN-0000015872,EndorsementPortal
STEND-00001874,STPOLICY00015880,RISK00015880,2023-01-31,Endorsement,Motor,1882268.41,KwaZulu-Natal,SIM-3101,1998,SIM-REG-00009954,SIM-VIN-0000015880,PolicyAdmin
STEND-00001875,STPOLICY00015934,RISK00015934,20/08/2023,Vehicle Update,Motor,"R 1,899,294.15",Northern Cape,SIM-9001,1994,SIM-REG-00015934,SIM-VIN-0000015934,EndorsementPortal
STEND-00001876,STPOLICY00015940,RISK00015940,20/11/2022,Vehicle Update,Household,"1,971,394.65",Gauteng,SIM-1001,,,,AcquiredBook
STEND-00001877,STPOLICY00015945,RISK00015945,2023/07/27,Address Move,Motor,"132,812.72",KwaZulu-Natal,SIM-3001,1994,SIM-REG-00015945,SIM-VIN-0000015945,EndorsementPortal
STEND-00001878,STPOLICY00015948,RISK00015948,2023/08/03,Address Move,Household,"1.993.194,35",North West,SIM-8001,,,,EndorsementPortal
STEND-00001879,STPOLICY00015948,RISK00015948,10-07-2023,Address Move,Household,"2,337,107.31",North West,SIM-8001,,,,PolicyAdmin
STEND-00001880,STPOLICY00015958,RISK00015958,05-12-2026,Address Move,Commercial,"ZAR 25,407,766.13",North West,SIM-8001,,,,PolicyAdmin
STEND-00001881,STPOLICY00015988,RISK00015988,15/10/2022,Address Move,Commercial,"ZAR 3,286,574.23",Limpopo,SIM-6001,,,,AcquiredBook
STEND-00001882,MISSING-585967,RISK00015996,2023-03-25,Cover Adjustment,Household,"R 581,272.91",Northern Cape,SIM-9001,,,,AcquiredBook
STEND-00001883,STPOLICY00016016,RISK00016016,2021/10/15,Endorsement,Household,"R 1,398,565.25",Limpopo,SIM-6001,,,,EndorsementPortal
STEND-00001884,STPOLICY00016023,RISK00016023,2023/09/30,Sum Insured Change,Motor,1450824.35,Limpopo,SIM-6001,2002,SIM-REG-00016023,SIM-VIN-0000016023,PolicyAdmin
STEND-00001885,STPOLICY00016030,RISK00016030,2023-07-09,Address Move,Household,2804740.55,North West,SIM-8001,,,,EndorsementPortal
STEND-00001886,STPOLICY00016036,RISK00016036,2024/10/17,Sum Insured Change,Motor,"3.825.101,39",Western Cape,SIM-2101,2006,SIM-REG-00016036,SIM-VIN-0000016036,EndorsementPortal
STEND-00001887,STPOLICY00016040,RISK00016040,2023/01/16,Sum Insured Change,Household,4236188.02,Gauteng,SIM-1001,,,,PolicyAdmin
STEND-00001888,STPOLICY00016042,RISK00016042,19/10/2023,Endorsement,Motor,"ZAR 2,019,322.80",North West,SIM-8001,1999,SIM-REG-00016042,SIM-VIN-0000016042,AcquiredBook
STEND-00001889,STPOLICY00016042,RISK00016042,2023-11-18,Endorsement,Motor,"2.806.797,78",North West,SIM-8001,1999,SIM-REG-00016042,SIM-VIN-0000016042,AcquiredBook
STEND-00001890,STPOLICY00016060,RISK00016060,12/04/2023,Address Move,Household,"1.666.395,70",Limpopo,SIM-6001,,,,EndorsementPortal
STEND-00001891,STPOLICY00016065,RISK00016065,2023-06-15,Cover Adjustment,Household,2607344.18,KwaZulu-Natal,SIM-3101,,,,AcquiredBook
STEND-00001892,STPOLICY00016067,RISK00016067,2022-09-10,Sum Insured Change,Household,2825093.29,Limpopo,SIM-6001,,,,EndorsementPortal
STEND-00001893,STPOLICY00016069,RISK00016069,09-06-2024,Cover Adjustment,Motor,"ZAR 2,094,180.46",Eastern Cape,SIM-4001,2006,SIM-REG-00016069,SIM-VIN-0000016069,EndorsementPortal
STEND-00001894,STPOLICY00016088,RISK00016088,13/12/2022,Address Move,Home Contents,"ZAR 447,382.36",North West,SIM-8001,,,,EndorsementPortal
STEND-00001895,STPOLICY00016108,RISK00016108,04-07-2024,Sum Insured Change,Commercial,"ZAR 13,103,166.50",Free State,SIM-5001,,,,PolicyAdmin
STEND-00001896,STPOLICY00016110,RISK00016110,30/05/2022,Address Move,Commercial,"36.385.666,74",Mpumalanga,SIM-7001,,,,PolicyAdmin
STEND-00001897,STPOLICY00016111,RISK00016111,2023-10-20,Sum Insured Change,Household,"3,090,749.13",KwaZulu-Natal,SIM-3002,,,,EndorsementPortal
STEND-00001898,STPOLICY00016119,RISK00016119,01-08-2024,Address Move,Household,"3,094,443.58",Free State,SIM-5001,,,,AcquiredBook
STEND-00001899,MISSING-795688,RISK00016122,20/08/2022,Vehicle Update,Commercial,"486,256.28",KwaZulu-Natal,SIM-3001,,,,AcquiredBook
STEND-00001900,STPOLICY00016133,RISK00016133,07/05/2022,Vehicle Update,Commercial,"19,535,494.13",KwaZulu-Natal,SIM-3001,,,,PolicyAdmin
STEND-00001901,STPOLICY00016133,RISK00016133,17/07/2022,Vehicle Update,Commercial,"R 22,308,809.99",KwaZulu-Natal,SIM-3101,,,,PolicyAdmin
STEND-00001902,STPOLICY00016138,RISK00016138,2022/11/04,Vehicle Update,Commercial,"15,780,709.90",Gauteng,SIM-1003,,,,EndorsementPortal
STEND-00001903,STPOLICY00016143,RISK00016143,06-22-2023,Sum Insured Change,Motor,"R 5,034,390.21",Free State,SIM-5001,2020,SIM-REG-00016143,SIM-VIN-0000016143,AcquiredBook
STEND-00001904,STPOLICY00016150,RISK00016150,2024-06-08,Vehicle Update,Household,"R 1,980,688.53",Northern Cape,SIM-9001,,,,PolicyAdmin
STEND-00001905,STPOLICY00016157,RISK00016157,13/05/2022,Endorsement,Motor,70727.38,Eastern Cape,SIM-4001,2006,SIM-REG-00016157,SIM-VIN-0000016157,AcquiredBook
STEND-00001906,STPOLICY00016164,RISK00016164,2023/05/31,Cover Adjustment,Household,"R 2,978,742.64",Northern Cape,SIM-9001,,,,PolicyAdmin
STEND-00001907,STPOLICY00016186,RISK00016186,2023-06-18,Cover Adjustment,Motor,"1,463,304.58",North West,SIM-8001,2006,SIM-REG-00016186,SIM-VIN-0000016186,EndorsementPortal
STEND-00001908,STPOLICY00016199,RISK00016199,12/06/2022,Vehicle Update,Household,2743373.50,Western Cape,SIM-2001,,,,AcquiredBook
STEND-00001909,STPOLICY00016201,RISK00016201,2023-01-23,Address Move,Commercial,"ZAR 22,743,939.66",Free State,SIM-5001,,,,AcquiredBook
STEND-00001910,STPOLICY00016236,RISK00016236,09-16-2024,Sum Insured Change,Commercial,"R 603,608.46",Gauteng,SIM-1003,,,,EndorsementPortal
STEND-00001911,STPOLICY00016240,RISK00016240,2024-19-42,Vehicle Update,Motor,"ZAR 1,647,094.42",Mpumalanga,SIM-7001,2009,SIM-REG-00016240,SIM-VIN-0000016240,PolicyAdmin
STEND-00001912,STPOLICY00016241,RISK00016241,2023-09-26,Endorsement,Motor,2445207.97,Eastern Cape,SIM-4001,2013,SIM-REG-00016241,SIM-VIN-0000016241,EndorsementPortal
STEND-00001913,STPOLICY00016250,RISK00016250,07-28-2023,Cover Adjustment,Commercial,"24.511.139,06",KwaZulu-Natal,SIM-3001,,,,EndorsementPortal
STEND-00001914,STPOLICY00016255,RISK00016255,2023/12/22,Vehicle Update,Household,"3.321.554,30",Northern Cape,SIM-9001,,,,EndorsementPortal
STEND-00001915,STPOLICY00016272,RISK00016272,2024/05/03,Sum Insured Change,Motor,"1.409.189,59",North West,SIM-8001,2015,SIM-REG-00016272,SIM-VIN-0000016272,AcquiredBook
STEND-00001916,STPOLICY00016286,RISK00016286,2023-07-31,Cover Adjustment,MOTOR,"ZAR 3,004,816.80",Western Cape,SIM-2002,2006,SIM-REG-00016286,SIM-VIN-0000016286,AcquiredBook
STEND-00001917,STPOLICY00016299,RISK00016299,2023/04/21,Cover Adjustment,Commercial,"R 35,238,911.53",Eastern Cape,SIM-4001,,,,AcquiredBook
STEND-00001918,STPOLICY00016305,RISK00016305,06/10/2021,Cover Adjustment,Commercial,"R 1,013,516.90",Gauteng,SIM-1003,,,,EndorsementPortal
STEND-00001919,STPOLICY00016306,RISK00016306,05-07-2023,Endorsement,Household,1893357.94,Gauteng,SIM-1001,,,,AcquiredBook
STEND-00001920,STPOLICY00016308,RISK00016308,08-30-2022,Endorsement,Commercial,"1,082,412.92",Limpopo,SIM-6001,,,,AcquiredBook
STEND-00001921,STPOLICY00016324,RISK00016324,05-20-2022,Cover Adjustment,Commercial,15534749.13,Eastern Cape,SIM-4001,,,,AcquiredBook
STEND-00001922,STPOLICY00016335,RISK00016335,2024-19-42,Vehicle Update,Commercial,"R 15,085,968.97",Free State,SIM-5001,,,,EndorsementPortal
STEND-00001923,STPOLICY00016344,RISK00016344,2023-06-25,Cover Adjustment,Commercial,586.76,North West,SIM-8001,,,,EndorsementPortal
STEND-00001924,STPOLICY00016373,RISK00016373,2025-08-26,Endorsement,Commercial,"2,075,322.84",Northern Cape,SIM-9001,,,,PolicyAdmin
STEND-00001925,STPOLICY00016387,RISK00016387,2023-04-26,Vehicle Update,Commercial,"ZAR 3,125,368.97",Limpopo,SIM-6001,,,,PolicyAdmin
STEND-00001926,STPOLICY00016397,RISK00016397,09-15-2023,Address Move,SME Commercial,"R 3,360,270.43",North West,SIM-8001,,,,EndorsementPortal
STEND-00001927,STPOLICY00016398,RISK00016398,2023/08/11,Cover Adjustment,Household,"2,231,714.71",Northern Cape,SIM-9001,,,,EndorsementPortal
STEND-00001928,STPOLICY00016402,RISK00016402,2026-06-19,Vehicle Update,Commercial,"21,499,438.13",North West,SIM-8001,,,,EndorsementPortal
STEND-00001929,STPOLICY00016409,RISK00016409,2021/09/12,Endorsement,Motor,"1,220,156.17",Eastern Cape,SIM-4001,1996,SIM-REG-00016409,SIM-VIN-0000016409,AcquiredBook
STEND-00001930,STPOLICY00016415,RISK00016415,2024/11/22,Vehicle Update,Household,"1.690.953,07",Limpopo,SIM-6001,,,,EndorsementPortal
STEND-00001931,STPOLICY00016431,RISK00016431,2026/06/01,Vehicle Update,Motor,"2,382,341.53",KwaZulu-Natal,SIM-3002,2023,SIM-REG-00016431,SIM-VIN-0000016431,PolicyAdmin
STEND-00001932,STPOLICY00016449,RISK00016449,08-17-2023,Cover Adjustment,Motor,636795.97,North West,SIM-8001,2011,SIM-REG-00016449,SIM-VIN-0000016449,AcquiredBook
STEND-00001933,STPOLICY00016462,RISK00016462,19/10/2022,Cover Adjustment,Household,"3,098,106.55",Limpopo,SIM-6001,,,,EndorsementPortal
STEND-00001934,STPOLICY00016472,RISK00016472,09-23-2023,Cover Adjustment,Household,335.88,Northern Cape,SIM-9001,,,,EndorsementPortal
STEND-00001935,STPOLICY00016475,RISK00016475,2023/11/19,Cover Adjustment,Commercial,422625.14,Free State,SIM-5001,,,,AcquiredBook
STEND-00001936,STPOLICY00016479,RISK00016479,15/04/2022,Vehicle Update,Motor,R 423.87,Limpopo,SIM-6001,2016,SIM-REG-00016479,SIM-VIN-0000016479,PolicyAdmin
STEND-00001937,STPOLICY00016479,RISK00016479,20/05/2022,Endorsement,Motor,R 561.01,Limpopo,SIM-6001,2016,SIM-REG-00016479,SIM-VIN-0000016479,AcquiredBook
STEND-00001938,STPOLICY00016486,RISK00016486,26/08/2022,Address Move,Motor,"3,884,461.15",Mpumalanga,SIM-7001,1995,SIM-REG-00016486,SIM-VIN-0000016486,EndorsementPortal
STEND-00001939,STPOLICY00016491,RISK00016491,2022/09/30,Vehicle Update,Commercial,"7.055.621,74",Western Cape,SIM-2001,,,,EndorsementPortal
STEND-00001940,STPOLICY00016496,RISK00016496,2026/05/25,Sum Insured Change,Motor,"3,510,756.05",Northern Cape,SIM-9001,1991,SIM-REG-00016496,SIM-VIN-0000016496,EndorsementPortal
STEND-00001941,STPOLICY00016498,RISK00016498,10-20-2022,Vehicle Update,Household,"3.420.468,65",Western Cape,SIM-2001,,,,AcquiredBook
STEND-00001942,STPOLICY00016503,RISK00016503,2023-09-22,Cover Adjustment,Household,"2.709.867,44",Limpopo,SIM-6001,,,,EndorsementPortal
STEND-00001943,STPOLICY00016513,RISK00016513,2024-04-03,Cover Adjustment,Motor,"R 749,036.69",Limpopo,SIM-6001,1995,SIM-REG-00016513,SIM-VIN-0000016513,PolicyAdmin
STEND-00001944,STPOLICY00016514,RISK00016514,28/11/2021,Cover Adjustment,Motor,"1.862.332,63",KwaZulu-Natal,SIM-3002,2015,SIM-REG-00016514,SIM-VIN-0000016514,EndorsementPortal
STEND-00001945,STPOLICY00016514,RISK00016514,02-16-2022,Address Move,Motor,2304216.04,KwaZulu-Natal,SIM-3001,2015,SIM-REG-00016514,SIM-VIN-0000016514,AcquiredBook
STEND-00001946,STPOLICY00016526,RISK00016526,2023/11/05,Cover Adjustment,Commercial,"ZAR 24,347,444.45",Limpopo,SIM-6001,,,,PolicyAdmin
STEND-00001947,STPOLICY00016536,RISK00016536,06-09-2024,Cover Adjustment,Commercial,17528210.19,Limpopo,SIM-6001,,,,AcquiredBook
STEND-00001948,STPOLICY00016558,RISK00016558,01/06/2023,Endorsement,Household,"2.288.858,14",Eastern Cape,SIM-4001,,,,AcquiredBook
STEND-00001949,STPOLICY00016559,RISK00016559,10-29-2023,Cover Adjustment,MOTOR,"ZAR 2,366,364.28",Mpumalanga,SIM-7001,2018,SIM-REG-00013539,SIM-VIN-0000016559,PolicyAdmin
STEND-00001950,STPOLICY00016567,RISK00016567,21/05/2022,Endorsement,Motor,"1.879.735,86",KwaZulu-Natal,SIM-3002,2003,SIM-REG-00016567,SIM-VIN-0000016567,AcquiredBook
STEND-00001951,STPOLICY00016577,RISK00016577,2022-06-25,Vehicle Update,Household,"ZAR 1,528,389.09",Western Cape,SIM-2001,,,,PolicyAdmin
STEND-00001952,STPOLICY00016586,RISK00016586,2023/06/02,Vehicle Update,Motor,2834702.74,Eastern Cape,SIM-4001,2008,SIM-REG-00016586,SIM-VIN-0000016586,AcquiredBook
STEND-00001953,STPOLICY00016588,RISK00016588,12-19-2022,Endorsement,Commercial,"355,830.32",Mpumalanga,SIM-7001,,,,PolicyAdmin
STEND-00001954,STPOLICY00016589,RISK00016589,2024/01/06,Endorsement,Commercial,"5,297,898.02",North West,SIM-8001,,,,AcquiredBook
STEND-00001955,STPOLICY00016609,RISK00016609,2024-01-08,Vehicle Update,Commercial,"30,839,933.30",North West,SIM-8001,,,,EndorsementPortal
STEND-00001956,STPOLICY00016612,RISK00016612,21/06/2023,Address Move,Motor,"R 1,798,589.60",Mpumalanga,SIM-7001,2007,SIM-REG-00016612,SIM-VIN-0000016612,AcquiredBook
STEND-00001957,STPOLICY00016619,RISK00016619,06-02-2022,Address Move,Commercial,"ZAR 25,549,865.82",Western Cape,SIM-2101,,,,EndorsementPortal
STEND-00001958,STPOLICY00016623,RISK00016623,11/05/2022,Address Move,Household,"549.650,07",KwaZulu-Natal,SIM-3001,,,,PolicyAdmin
STEND-00001959,STPOLICY00016643,RISK00016643,09-28-2023,Vehicle Update,Motor,"3,451,559.61",Eastern Cape,SIM-4001,2020,SIM-REG-00016643,SIM-VIN-0000016643,AcquiredBook
STEND-00001960,STPOLICY00016645,RISK00016645,2023/11/29,Cover Adjustment,Motor,"ZAR 599,578.86",Mpumalanga,SIM-7001,2022,SIM-REG-00016645,SIM-VIN-0000016645,PolicyAdmin
STEND-00001961,STPOLICY00016647,RISK00016647,01-06-2024,Sum Insured Change,Commercial,"R 2,731,853.27",Free State,SIM-5001,,,,EndorsementPortal
STEND-00001962,STPOLICY00016655,RISK00016655,2025/11/13,Vehicle Update,Motor,ZAR 829.48,Northern Cape,SIM-9001,2008,SIM-REG-00016655,SIM-VIN-0000016655,EndorsementPortal
STEND-00001963,STPOLICY00016660,RISK00016660,12-16-2022,Address Move,Household,"458,450.52",North West,SIM-8001,,,,AcquiredBook
STEND-00001964,STPOLICY00016673,RISK00016673,03/05/2026,Cover Adjustment,Motor,3107399.71,Western Cape,SIM-2001,2009,SIM-REG-00016673,SIM-VIN-0000016673,EndorsementPortal
STEND-00001965,STPOLICY00016674,RISK00016674,2023/02/16,Address Move,Household,"R 2,165,877.23",Northern Cape,SIM-9001,,,,EndorsementPortal
STEND-00001966,STPOLICY00016676,RISK00016676,10-16-2023,Endorsement,Household,"2,066,684.44",Northern Cape,SIM-9001,,,,EndorsementPortal
STEND-00001967,STPOLICY00016683,RISK00016683,18/02/2025,Vehicle Update,Household,"3.626.997,45",Western Cape,SIM-2002,,,,AcquiredBook
STEND-00001968,STPOLICY00016687,RISK00016687,2024/03/07,Endorsement,Commercial,"R 2,094,235.78",Mpumalanga,SIM-7001,,,,PolicyAdmin
STEND-00001969,STPOLICY00016703,RISK00016703,2023/04/14,Vehicle Update,Household,"974,105.19",NULL,SIM-5001,,,,AcquiredBook
STEND-00001970,STPOLICY00016705,RISK00016705,07-30-2023,Address Move,Motor,"4.197.962,47",Gauteng,SIM-1002,1992,SIM-REG-00016705,SIM-VIN-0000016705,EndorsementPortal
STEND-00001971,STPOLICY00016708,RISK00016708,2023/11/17,Cover Adjustment,Motor,"15.086,58",North West,SIM-8001,2023,SIM-REG-00016708,SIM-VIN-0000016708,AcquiredBook
STEND-00001972,STPOLICY00016708,RISK00016708,2024-01-15,Address Move,Motor,"R 23,271.92",North West,SIM-8001,2023,SIM-REG-00016708,SIM-VIN-0000016708,AcquiredBook
STEND-00001973,STPOLICY00016739,RISK00016739,2025/07/12,Sum Insured Change,Commercial,"5.175.899,33",Free State,SIM-5001,,,,PolicyAdmin
STEND-00001974,STPOLICY00016742,RISK00016742,12-08-2022,Cover Adjustment,Motor,"ZAR 361,800.06",Free State,SIM-5001,2005,SIM-REG-00016742,SIM-VIN-0000016742,AcquiredBook
STEND-00001975,STPOLICY00016745,RISK00016745,09/11/2023,Address Move,Household,"R 2,671,697.71",Mpumalanga,SIM-7001,,,,AcquiredBook
STEND-00001976,STPOLICY00016748,RISK00016748,05/11/2024,Endorsement,Motor,"ZAR 225,610.72",Northern Cape,SIM-9001,2025,SIM-REG-00016748,SIM-VIN-0000016748,AcquiredBook
STEND-00001977,STPOLICY00016750,RISK00016750,2023/01/25,Vehicle Update,Household,1104164.84,Mpumalanga,SIM-7001,,,,AcquiredBook
STEND-00001978,STPOLICY00016752,RISK00016752,23/12/2023,Address Move,Commercial,"ZAR 2,434,342.39",Free State,SIM-5001,,,,EndorsementPortal
STEND-00001979,STPOLICY00016766,RISK00016766,01-23-2024,Vehicle Update,Commercial,"R 33,656,545.23",North West,SIM-8001,,,,AcquiredBook
STEND-00001980,STPOLICY00016768,RISK00016768,01-30-2024,Cover Adjustment,Commercial,23587302.38,Mpumalanga,SIM-7001,,,,PolicyAdmin
STEND-00001981,STPOLICY00016769,RISK00016769,08-31-2021,Endorsement,Commercial,"ZAR 1,618,774.20",Free State,SIM-5001,,,,EndorsementPortal
STEND-00001982,STPOLICY00016770,RISK00016770,17/07/2022,Vehicle Update,MOTOR,"3.388.939,68",Northern Cape,SIM-9001,1997,SIM-REG-00016770,SIM-VIN-0000016770,EndorsementPortal
STEND-00001983,STPOLICY00016780,RISK00016780,2023-11-18,Address Move,Motor,"1.061.007,19",Free State,SIM-5001,2001,SIM-REG-00016780,SIM-VIN-0000016780,PolicyAdmin
STEND-00001984,STPOLICY00016783,RISK00016783,2024-05-26,Endorsement,Motor,"R 2,775,940.85",Free State,SIM-5001,2009,SIM-REG-00016783,SIM-VIN-0000016783,AcquiredBook
STEND-00001985,STPOLICY00016788,RISK00016788,07-31-2022,Sum Insured Change,Motor,"R 323,605.92",Gauteng,SIM-1002,1991,SIM-REG-00016788,SIM-VIN-0000016788,EndorsementPortal
STEND-00001986,STPOLICY00016796,RISK00016796,04-04-2022,Sum Insured Change,Motor,692.42,Mpumalanga,SIM-7001,2002,SIM-REG-00016796,SIM-VIN-0000016796,AcquiredBook
STEND-00001987,STPOLICY00016801,RISK00016801,2021/10/17,Endorsement,Commercial,"R 80,926.64",Eastern Cape,SIM-4001,,,,EndorsementPortal
STEND-00001988,STPOLICY00016803,RISK00016803,08-16-2024,Vehicle Update,MOTOR,"5.115.627,75",Mpumalanga,SIM-7001,2017,SIM-REG-00016803,SIM-VIN-0000016803,AcquiredBook
STEND-00001989,STPOLICY00016806,RISK00016806,2022/08/17,Endorsement,Commercial,"18.826.835,92",KwaZulu-Natal,SIM-3001,,,,AcquiredBook
STEND-00001990,STPOLICY00016808,RISK00016808,2022-07-23,Endorsement,Commercial,"11.107.158,27",Limpopo,SIM-6001,,,,AcquiredBook
STEND-00001991,STPOLICY00016814,RISK00016814,15/11/2023,Vehicle Update,Commercial,"859,056.88",Free State,SIM-5001,,,,EndorsementPortal
STEND-00001992,STPOLICY00016816,RISK00016816,2022-02-27,Vehicle Update,Motor,267431.18,Eastern Cape,SIM-4001,2000,SIM-REG-00016816,SIM-VIN-0000016816,AcquiredBook
STEND-00001993,STPOLICY00016817,RISK00016817,10-14-2023,Cover Adjustment,Motor,2647095.13,North West,SIM-8001,1995,SIM-REG-00016817,SIM-VIN-0000016817,EndorsementPortal
STEND-00001994,STPOLICY00016831,RISK00016831,2023/06/14,Sum Insured Change,Motor,3294497.13,Northern Cape,SIM-9001,1992,SIM-REG-00016831,SIM-VIN-0000016831,PolicyAdmin
STEND-00001995,STPOLICY00016834,RISK00016834,2022-08-11,Address Move,Motor,R 31.23,Northern Cape,SIM-9001,2008,SIM-REG-00016834,SIM-VIN-0000016834,PolicyAdmin
STEND-00001996,STPOLICY00016852,RISK00016852,2022-05-12,Vehicle Update,Commercial,"ZAR 2,033,482.01",Mpumalanga,SIM-7001,,,,EndorsementPortal
STEND-00001997,STPOLICY00016857,RISK00016857,2023-08-03,Endorsement,Commercial,"5,707,025.09",Free State,SIM-5001,,,,AcquiredBook
STEND-00001998,STPOLICY00016858,RISK00016858,2025/03/30,Endorsement,Household,"2.314.574,67",Limpopo,SIM-6001,,,,PolicyAdmin
STEND-00001999,STPOLICY00016863,RISK00016863,2022/03/30,Endorsement,Motor,"R 2,386,810.49",Eastern Cape,SIM-4001,2014,SIM-REG-00016863,SIM-VIN-0000016863,PolicyAdmin
STEND-00002000,STPOLICY00016867,RISK00016867,01/12/2024,Endorsement,Commercial,1657702.24,KwaZulu-Natal,SIM-3101,,,,EndorsementPortal
STEND-00002001,STPOLICY00016875,RISK00016875,01-28-2024,Sum Insured Change,Motor,"1,405,246.71",Mpumalanga,SIM-7001,2024,SIM-REG-00016875,SIM-VIN-0000016875,PolicyAdmin
STEND-00002002,STPOLICY00016877,RISK00016877,06-06-2023,Endorsement,Household,3539580.09,Western Cape,SIM-2001,,,,EndorsementPortal
STEND-00002003,STPOLICY00016900,RISK00016900,06/04/2023,Endorsement,Motor,4604753.90,Gauteng,SIM-1003,1997,SIM-REG-00016900,SIM-VIN-0000016900,PolicyAdmin
STEND-00002004,STPOLICY00016903,RISK00016903,2022-10-31,Address Move,Household,"R 2,407,221.88",Eastern Cape,SIM-4001,,,,AcquiredBook
STEND-00002005,STPOLICY00016905,RISK00016905,2024/05/02,Sum Insured Change,Motor,"2,690,114.28",Western Cape,SIM-2101,1998,SIM-REG-00016905,SIM-VIN-0000016905,PolicyAdmin
STEND-00002006,STPOLICY00016905,RISK00016905,2024/06/03,Address Move,Motor,"R 2,355,651.98",Western Cape,SIM-2001,1998,SIM-REG-00016905,SIM-VIN-0000016905,AcquiredBook
STEND-00002007,STPOLICY00016913,RISK00016913,14/10/2023,Cover Adjustment,Household,"2,352,549.86",Northern Cape,SIM-9001,,,,PolicyAdmin
STEND-00002008,STPOLICY00016919,RISK00016919,24/11/2023,Sum Insured Change,Household,"ZAR 789,601.19",Eastern Cape,SIM-4001,,,,AcquiredBook
STEND-00002009,STPOLICY00016928,RISK00016928,05/04/2023,Sum Insured Change,Commercial,"ZAR 2,664,219.07",Limpopo,SIM-6001,,,,AcquiredBook
STEND-00002010,STPOLICY00016930,RISK00016930,2026-03-26,Endorsement,Household,"ZAR 1,270,374.70",North West,SIM-8001,,,,PolicyAdmin
STEND-00002011,STPOLICY00016930,RISK00016930,20/06/2026,Address Move,Household,"ZAR 1,643,407.78",North West,SIM-8001,,,,PolicyAdmin
STEND-00002012,STPOLICY00016964,RISK00016964,2022-10-13,Vehicle Update,Motor,"2,130,890.77",Western Cape,SIM-2101,1995,SIM-REG-00016964,SIM-VIN-0000016964,EndorsementPortal
STEND-00002013,STPOLICY00016970,RISK00016970,08-20-2022,Vehicle Update,SME Commercial,"1,398,994.50",Limpopo,SIM-6001,,,,AcquiredBook
STEND-00002014,STPOLICY00016989,RISK00016989,06/09/2023,Endorsement,Commercial,"37,054,129.50",Free State,SIM-5001,,,,AcquiredBook
STEND-00002015,STPOLICY00016992,RISK00016992,01-23-2024,Address Move,Household,"1.857.759,67",Eastern Cape,SIM-4001,,,,EndorsementPortal
STEND-00002016,STPOLICY00017002,RISK00017002,2023-12-11,Endorsement,Household,396.79,North West,SIM-8001,,,,PolicyAdmin
STEND-00002017,STPOLICY00017003,RISK00017003,31/03/2024,Address Move,Commercial,"2,031,915.60",Mpumalanga,SIM-7001,,,,EndorsementPortal
STEND-00002018,STPOLICY00017003,RISK00017003,2024-05-02,Address Move,Commercial,"R 1,875,874.18",Mpumalanga,SIM-7001,,,,PolicyAdmin
STEND-00002019,STPOLICY00017059,RISK00017059,19/04/2024,Vehicle Update,Motor,1606595.94,North West,SIM-8001,2012,SIM-REG-00017059,SIM-VIN-0000017059,PolicyAdmin
STEND-00002020,STPOLICY00017061,RISK00017061,2023-04-27,Endorsement,Commercial,"27,046,403.65",Mpumalanga,SIM-7001,,,,AcquiredBook
STEND-00002021,STPOLICY00017072,RISK00017072,07-03-2023,Endorsement,Household,"R 2,758,703.36",Western Cape,SIM-2001,,,,AcquiredBook
STEND-00002022,STPOLICY00017085,RISK00017085,04-08-2024,Sum Insured Change,Household,"1.928.291,40",Northern Cape,SIM-9001,,,,PolicyAdmin
STEND-00002023,STPOLICY00017089,RISK00017089,12-18-2023,Vehicle Update,Household,1405688.48,KwaZulu-Natal,SIM-3002,,,,EndorsementPortal
STEND-00002024,STPOLICY00017093,RISK00017093,2022-07-31,Sum Insured Change,Motor,"1,294,416.72",KwaZulu-Natal,SIM-3001,2025,SIM-REG-00017093,SIM-VIN-0000017093,AcquiredBook
STEND-00002025,STPOLICY00017095,RISK00017095,2024-07-15,Endorsement,Household,"858.388,09",Northern Cape,SIM-9001,,,,AcquiredBook
STEND-00002026,STPOLICY00017108,RISK00017108,2024/02/23,Vehicle Update,Motor,"1.162.468,78",Eastern Cape,SIM-4001,1994,SIM-REG-00017108,SIM-VIN-0000017108,PolicyAdmin
STEND-00002027,STPOLICY00017108,RISK00017108,05-15-2024,Vehicle Update,Motor,971374.37,Eastern Cape,SIM-4001,1994,SIM-REG-00017108,SIM-VIN-0000017108,EndorsementPortal
STEND-00002028,STPOLICY00017114,RISK00017114,05/09/2023,Sum Insured Change,Commercial,"1,474,399.82",Northern Cape,SIM-9001,,,,AcquiredBook
STEND-00002029,STPOLICY00017114,RISK00017114,24/11/2023,Endorsement,Commercial,"R 1,512,457.10",Northern Cape,SIM-9001,,,,AcquiredBook
STEND-00002030,STPOLICY00017115,RISK00017115,01-25-2026,Endorsement,Household,1390849.03,North West,SIM-8001,,,,AcquiredBook
STEND-00002031,STPOLICY00017120,RISK00017120,12-12-2023,Address Move,Household,"ZAR 307,511.88",Mpumalanga,SIM-7001,,,,EndorsementPortal
STEND-00002032,STPOLICY00017124,RISK00017124,01-06-2024,Endorsement,Household,"3.357.653,89",KwaZulu-Natal,SIM-3002,,,,EndorsementPortal
STEND-00002033,STPOLICY00017145,RISK00017145,2022-11-02,Endorsement,Household,"4.074.839,74",Gauteng,SIM-1002,,,,PolicyAdmin
STEND-00002034,STPOLICY00017173,RISK00017173,2023-08-28,Cover Adjustment,Commercial,"R 1,371,610.43",Western Cape,SIM-2002,,,,PolicyAdmin
STEND-00002035,STPOLICY00017178,RISK00017178,2022-10-16,Endorsement,Commercial,1688437.71,Free State,SIM-5001,,,,EndorsementPortal
STEND-00002036,STPOLICY00017178,RISK00017178,12-12-2022,Endorsement,Commercial,"R 2,669,443.45",Free State,SIM-5001,,,,AcquiredBook
STEND-00002037,STPOLICY00017189,RISK00017189,2022-09-25,Vehicle Update,Household,"2.771.836,58",Gauteng,SIM-1001,,,,EndorsementPortal
STEND-00002038,STPOLICY00017193,RISK00017193,08-19-2024,Cover Adjustment,Household,"R 3,515,471.99",NULL,SIM-6001,,,,AcquiredBook
STEND-00002039,STPOLICY00017203,RISK00017203,07-27-2023,Address Move,Motor,"2.364.893,98",KwaZulu-Natal,SIM-3001,2004,SIM-REG-00017203,SIM-VIN-0000017203,PolicyAdmin
STEND-00002040,STPOLICY00017206,RISK00017206,23/09/2023,Address Move,Household,2942452.97,KwaZulu-Natal,SIM-3101,,,,EndorsementPortal
STEND-00002041,STPOLICY00017207,RISK00017207,10/05/2024,Vehicle Update,Household,"R 4,825,086.03",KwaZulu-Natal,SIM-3002,,,,AcquiredBook
STEND-00002042,STPOLICY00017214,RISK00017214,2022-10-06,Cover Adjustment,Commercial,"R 3,612,884.29",KwaZulu-Natal,SIM-3101,,,,EndorsementPortal
STEND-00002043,STPOLICY00017242,RISK00017242,11-10-2025,Sum Insured Change,Motor,"1,541,909.67",KwaZulu-Natal,SIM-3001,1998,SIM-REG-00017242,SIM-VIN-0000017242,PolicyAdmin
STEND-00002044,STPOLICY00017269,RISK00017269,2024/08/18,Endorsement,Household,1762083.02,Limpopo,SIM-6001,,,,AcquiredBook
STEND-00002045,STPOLICY00017279,RISK00017279,2023/05/31,Endorsement,Motor,605585.94,Mpumalanga,SIM-7001,2012,SIM-REG-00017279,SIM-VIN-0000017279,PolicyAdmin
STEND-00002046,STPOLICY00017292,RISK00017292,2023/01/07,Cover Adjustment,Commercial,"R 23,165,559.58",Northern Cape,SIM-9001,,,,AcquiredBook
STEND-00002047,STPOLICY00017296,RISK00017296,2021/07/21,Address Move,Motor,"654,243.05",Western Cape,SIM-2101,2027,SIM-REG-00017296,SIM-VIN-0000017296,EndorsementPortal
STEND-00002048,STPOLICY00017305,RISK00017305,31/31/2024,Sum Insured Change,Motor,"1.491.495,14",Limpopo,SIM-6001,2016,SIM-REG-00017305,SIM-VIN-0000017305,PolicyAdmin
STEND-00002049,STPOLICY00017322,RISK00017322,27/03/2023,Sum Insured Change,Commercial,"R 11,190,818.42",KwaZulu-Natal,SIM-3002,,,,PolicyAdmin
STEND-00002050,STPOLICY00017323,RISK00017323,27/11/2023,Vehicle Update,Commercial,24271687.84,Limpopo,SIM-6001,,,,PolicyAdmin
STEND-00002051,STPOLICY00017329,RISK00017329,2023/03/27,Vehicle Update,Commercial,"1,021,010.30",KwaZulu-Natal,SIM-3001,,,,PolicyAdmin
STEND-00002052,STPOLICY00017337,RISK00017337,2024/04/10,Endorsement,Commercial,"R 17,999,500.02",Gauteng,SIM-1001,,,,AcquiredBook
STEND-00002053,STPOLICY00017338,RISK00017338,2022-08-15,Endorsement,Commercial,2422207.38,Gauteng,SIM-1002,,,,PolicyAdmin
STEND-00002054,STPOLICY00017348,RISK00017348,01-16-2023,Endorsement,Household,146.48,Western Cape,SIM-2101,,,,EndorsementPortal
STEND-00002055,STPOLICY00017356,RISK00017356,08-15-2022,Cover Adjustment,Motor,"R 2,413,372.09",North West,SIM-8001,2004,SIM-REG-00017356,SIM-VIN-0000017356,AcquiredBook
STEND-00002056,STPOLICY00017356,RISK00017356,08/10/2022,Sum Insured Change,Motor,"1,981,953.01",North West,N/A,2004,SIM-REG-00017356,SIM-VIN-0000017356,AcquiredBook
STEND-00002057,STPOLICY00017358,RISK00017358,13/11/2022,Endorsement,Motor,"ZAR 1,060,117.36",Free State,SIM-5001,2022,SIM-REG-00017358,SIM-VIN-0000017358,EndorsementPortal
STEND-00002058,STPOLICY00017359,RISK00017359,2023-04-02,Cover Adjustment,Motor,"998,927.55",North West,SIM-8001,2003,SIM-REG-00017359,SIM-VIN-0000017359,EndorsementPortal
STEND-00002059,STPOLICY00017359,RISK00017359,2023/06/01,Cover Adjustment,Motor,"ZAR 880,205.11",North West,SIM-8001,2003,SIM-REG-00017359,SIM-VIN-0000017359,AcquiredBook
STEND-00002060,STPOLICY00017361,RISK00017361,2023/02/12,Address Move,Household,"R 3,590,474.65",Free State,SIM-5001,,,,EndorsementPortal
STEND-00002061,STPOLICY00017376,RISK00017376,2026-03-10,Cover Adjustment,MOTOR,126444.99,Western Cape,SIM-2101,2010,SIM-REG-00017376,SIM-VIN-0000017376,PolicyAdmin
STEND-00002062,STPOLICY00017391,RISK00017391,15/09/2024,Address Move,Motor,ZAR 797.16,Eastern Cape,SIM-4001,2013,SIM-REG-00017391,SIM-VIN-0000017391,PolicyAdmin
STEND-00002063,STPOLICY00017414,RISK00017414,02-25-2023,Vehicle Update,Household,"ZAR 4,799,882.76",KwaZulu-Natal,SIM-3101,,,,PolicyAdmin
STEND-00002064,STPOLICY00017450,RISK00017450,2026-06-11,Address Move,Household,2702420.70,North West,SIM-8001,,,,PolicyAdmin
STEND-00002065,STPOLICY00017466,RISK00017466,2021-09-27,Vehicle Update,Motor,2941280.74,Free State,SIM-5001,1997,SIM-REG-00017466,SIM-VIN-0000017466,PolicyAdmin
STEND-00002066,STPOLICY00017479,RISK00017479,08-06-2023,Endorsement,Motor,4513631.60,Western Cape,SIM-2101,1997,SIM-REG-00017479,SIM-VIN-0000017479,AcquiredBook
STEND-00002067,STPOLICY00017489,RISK00017489,04-18-2023,Endorsement,Motor,"R 1,453,143.34",Gauteng,SIM-1001,1993,SIM-REG-00017489,SIM-VIN-0000017489,PolicyAdmin
STEND-00002068,STPOLICY00017489,RISK00017489,07-10-2023,Cover Adjustment,Motor,"1.620.303,06",Gauteng,SIM-1003,1993,SIM-REG-00017489,SIM-VIN-0000017489,PolicyAdmin
STEND-00002069,STPOLICY00017493,RISK00017493,06/01/2024,Vehicle Update,Motor,"R 3,044,205.33",Limpopo,SIM-6001,2021,SIM-REG-00017493,SIM-VIN-0000017493,PolicyAdmin
STEND-00002070,STPOLICY00017496,RISK00017496,2023/01/11,Sum Insured Change,Motor,"3,227,446.14",Mpumalanga,,2018,SIM-REG-00017496,SIM-VIN-0000017496,PolicyAdmin
STEND-00002071,MISSING-790257,RISK00017498,2025-09-08,Sum Insured Change,Commercial,"7.619.738,93",KwaZulu-Natal,SIM-3002,,,,AcquiredBook
STEND-00002072,STPOLICY00017509,RISK00017509,2023/08/19,Sum Insured Change,Motor,"ZAR 1,792,159.07",Limpopo,SIM-6001,2012,SIM-REG-00017509,SIM-VIN-0000017509,AcquiredBook
STEND-00002073,STPOLICY00017509,RISK00017509,2023/10/25,Vehicle Update,Motor,"ZAR 2,132,878.35",Limpopo,SIM-6001,2012,SIM-REG-00017509,SIM-VIN-0000017509,AcquiredBook
STEND-00002074,STPOLICY00017520,RISK00017520,03-25-2023,Vehicle Update,Motor,"R 1,803,386.05",Northern Cape,SIM-9001,2014,SIM-REG-00017520,SIM-VIN-0000017520,AcquiredBook
STEND-00002075,STPOLICY00017525,RISK00017525,09-18-2023,Sum Insured Change,Motor,"ZAR 2,677,623.71",North West,SIM-8001,2021,SIM-REG-00017525,SIM-VIN-0000017525,AcquiredBook
STEND-00002076,STPOLICY00017527,RISK00017527,10-02-2022,Vehicle Update,Motor,0.00,Northern Cape,SIM-9001,2016,SIM-REG-00017527,SIM-VIN-0000017527,AcquiredBook
STEND-00002077,STPOLICY00017547,RISK00017547,2026/01/29,Cover Adjustment,Motor,"3,299,049.43",Northern Cape,SIM-9001,1945,SIM-REG-00017547,SIM-VIN-0000017547,EndorsementPortal
STEND-00002078,STPOLICY00017564,RISK00017564,12-23-2024,Cover Adjustment,SME Commercial,"ZAR 3,325,588.10",Western Cape,SIM-2002,,,,EndorsementPortal
STEND-00002079,STPOLICY00017568,RISK00017568,2022/05/11,Sum Insured Change,Motor,"78.554,43",Limpopo,SIM-6001,2025,SIM-REG-00017568,SIM-VIN-0000017568,AcquiredBook
STEND-00002080,STPOLICY00017578,RISK00017578,2023/09/11,Vehicle Update,Commercial,"28,787,092.92",Northern Cape,SIM-9001,,,,AcquiredBook
STEND-00002081,STPOLICY00017593,RISK00017593,2023-11-22,Vehicle Update,Household,"ZAR 1,931,086.79",Northern Cape,SIM-9001,,,,PolicyAdmin
STEND-00002082,STPOLICY00017613,RISK00017613,2022/10/08,Cover Adjustment,Household,"ZAR 4,656,001.65",Free State,SIM-5001,,,,EndorsementPortal
STEND-00002083,STPOLICY00017619,RISK00017619,2022-10-12,Address Move,Household,"R 1,762,556.03",North West,SIM-8001,,,,PolicyAdmin
STEND-00002084,STPOLICY00017622,RISK00017622,2022/12/30,Sum Insured Change,Household,"3,906,021.00",Eastern Cape,SIM-4001,,,,EndorsementPortal
STEND-00002085,STPOLICY00017635,RISK00017635,12-11-2023,Cover Adjustment,Motor,"R 3,669,884.47",Western Cape,SIM-2101,1945,SIM-REG-00017635,SIM-VIN-0000017635,EndorsementPortal
STEND-00002086,STPOLICY00017638,RISK00017638,05-29-2023,Vehicle Update,Commercial,"ZAR 8,519,074.42",Western Cape,SIM-2002,,,,AcquiredBook
STEND-00002087,STPOLICY00017649,RISK00017649,07/01/2024,Vehicle Update,Household,"2.527.058,13",North West,SIM-8001,,,,PolicyAdmin
STEND-00002088,STPOLICY00017651,RISK00017651,20/08/2023,Cover Adjustment,Motor,"1.352.472,39",Mpumalanga,SIM-7001,2012,SIM-REG-00017651,SIM-VIN-0000017651,PolicyAdmin
STEND-00002089,STPOLICY00017662,RISK00017662,19/09/2023,Sum Insured Change,Commercial,6001254.52,Free State,SIM-5001,,,,PolicyAdmin
STEND-00002090,STPOLICY00017671,RISK00017671,2023-03-11,Address Move,Motor,"3.119.201,05",Mpumalanga,SIM-7001,2016,SIM-REG-00017671,SIM-VIN-0000017671,AcquiredBook
STEND-00002091,STPOLICY00017691,RISK00017691,2024-04-11,Vehicle Update,Commercial,"R 22,960,469.07",Limpopo,SIM-6001,,,,EndorsementPortal
STEND-00002092,STPOLICY00017693,RISK00017693,2024/01/08,Sum Insured Change,Household,"2.047.743,39",NULL,SIM-6001,,,,PolicyAdmin
STEND-00002093,STPOLICY00017712,RISK00017712,02-14-2023,Sum Insured Change,Household,"3.608.822,14",Gauteng,SIM-1003,,,,PolicyAdmin
STEND-00002094,STPOLICY00017721,RISK00017721,2026-06-11,Address Move,Household,"ZAR 386,796.01",Limpopo,SIM-6001,,,,PolicyAdmin
STEND-00002095,STPOLICY00017724,RISK00017724,2023-11-30,Cover Adjustment,Household,"R 2,256,336.76",Eastern Cape,SIM-4001,,,,PolicyAdmin
STEND-00002096,STPOLICY00017743,RISK00017743,2022-08-29,Address Move,Household,1892016.99,Eastern Cape,SIM-4001,,,,AcquiredBook
STEND-00002097,STPOLICY00017757,RISK00017757,12/02/2023,Vehicle Update,Commercial,"R 10,262,059.25",North West,SIM-8001,,,,PolicyAdmin
STEND-00002098,STPOLICY00017758,RISK00017758,2022-07-29,Cover Adjustment,Motor,"R 3,010,920.14",Northern Cape,SIM-9001,2007,SIM-REG-00017758,SIM-VIN-0000017758,EndorsementPortal
STEND-00002099,STPOLICY00017765,RISK00017765,22/05/2022,Address Move,Commercial,"R 18,769,599.11",Free State,SIM-5001,,,,EndorsementPortal
STEND-00002100,STPOLICY00017785,RISK00017785,29/12/2022,Endorsement,Commercial,20306520.69,Eastern Cape,SIM-4001,,,,AcquiredBook
STEND-00002101,STPOLICY00017786,RISK00017786,2022-05-09,Address Move,Household,1096.75,Free State,SIM-5001,,,,AcquiredBook
STEND-00002102,MISSING-948839,RISK00017788,2023/06/23,Endorsement,Household,"2.615.775,03",North West,SIM-8001,,,,PolicyAdmin
STEND-00002103,STPOLICY00017792,RISK00017792,2023/01/27,Endorsement,Motor,1055.99,Limpopo,SIM-6001,2003,SIM-REG-00017792,SIM-VIN-0000017792,AcquiredBook
STEND-00002104,STPOLICY00017795,RISK00017795,2023/12/11,Endorsement,Commercial,"ZAR 1,692,628.21",Mpumalanga,SIM-7001,,,,EndorsementPortal
STEND-00002105,STPOLICY00017799,RISK00017799,07-10-2022,Endorsement,Motor,"3,299,320.74",KwaZulu-Natal,SIM-3001,2006,SIM-REG-00017799,SIM-VIN-0000017799,EndorsementPortal
STEND-00002106,STPOLICY00017802,RISK00017802,02-11-2022,Endorsement,Household,2919624.77,Gauteng,SIM-1002,,,,AcquiredBook
STEND-00002107,STPOLICY00017822,RISK00017822,2026-02-03,Sum Insured Change,Motor,"ZAR 1,479,899.05",Mpumalanga,SIM-7001,2023,SIM-REG-00017822,SIM-VIN-0000017822,AcquiredBook
STEND-00002108,STPOLICY00017829,RISK00017829,2022-08-12,Sum Insured Change,Commercial,"13,642,859.09",Free State,SIM-5001,,,,EndorsementPortal
STEND-00002109,STPOLICY00017834,RISK00017834,11-12-2023,Address Move,Household,"3,140,280.75",Mpumalanga,SIM-7001,,,,AcquiredBook
STEND-00002110,STPOLICY00017836,RISK00017836,16/06/2023,Endorsement,Motor,"498.545,81",Mpumalanga,,2020,SIM-REG-00017836,SIM-VIN-0000017836,EndorsementPortal
STEND-00002111,STPOLICY00017848,RISK00017848,04-27-2023,Address Move,Commercial,"20,976,999.76",North West,SIM-8001,,,,AcquiredBook
STEND-00002112,STPOLICY00017849,RISK00017849,2023/08/22,Vehicle Update,Household,2409683.91,Mpumalanga,SIM-7001,,,,AcquiredBook
STEND-00002113,STPOLICY00017849,RISK00017849,2023/10/11,Endorsement,Household,"ZAR 2,220,326.24",Mpumalanga,SIM-7001,,,,AcquiredBook
STEND-00002114,STPOLICY00017854,RISK00017854,08-09-2023,Endorsement,Commercial,"3,918,300.69",Eastern Cape,SIM-4001,,,,EndorsementPortal
STEND-00002115,STPOLICY00017857,RISK00017857,2024-08-17,Sum Insured Change,Commercial,"ZAR 25,316,182.76",Limpopo,SIM-6001,,,,EndorsementPortal
STEND-00002116,STPOLICY00017871,RISK00017871,05-24-2023,Sum Insured Change,Motor,2433475.51,North West,SIM-8001,2016,SIM-REG-00017871,SIM-VIN-0000017871,EndorsementPortal
STEND-00002117,STPOLICY00017888,RISK00017888,09/06/2023,Address Move,Household,"ZAR 5,035,381.71",Eastern Cape,SIM-4001,,,,PolicyAdmin
STEND-00002118,MISSING-652250,RISK00017889,05/10/2024,Cover Adjustment,Motor,"1.251.688,99",Northern Cape,SIM-9001,1997,SIM-REG-00017889,SIM-VIN-0000017889,EndorsementPortal
STEND-00002119,STPOLICY00017892,RISK00017892,2023/11/08,Cover Adjustment,Motor,"356,457.27",North West,SIM-8001,2011,SIM-REG-00017892,SIM-VIN-0000017892,AcquiredBook
STEND-00002120,STPOLICY00017894,RISK00017894,04-26-2026,Address Move,Household,"731,764.27",Western Cape,SIM-2001,,,,PolicyAdmin
STEND-00002121,STPOLICY00017896,RISK00017896,04-18-2023,Sum Insured Change,Commercial,"R 24,155,811.01",North West,SIM-8001,,,,AcquiredBook
STEND-00002122,STPOLICY00017897,RISK00017897,2023/07/14,Address Move,Motor,2572559.14,Eastern Cape,SIM-4001,1999,SIM-REG-00005197,SIM-VIN-0000017897,PolicyAdmin
STEND-00002123,STPOLICY00017899,RISK00017899,12-29-2023,Address Move,Household,"ZAR 2,403,158.80",Mpumalanga,SIM-7001,,,,EndorsementPortal
STEND-00002124,STPOLICY00017900,RISK00017900,2023/09/30,Endorsement,Commercial,33520715.48,Northern Cape,SIM-9001,,,,PolicyAdmin
STEND-00002125,STPOLICY00017908,RISK00017908,04/10/2023,Vehicle Update,Household,"106.946,96",Limpopo,SIM-6001,,,,EndorsementPortal
STEND-00002126,STPOLICY00017913,RISK00017913,2024/02/17,Sum Insured Change,Motor,1667366.76,Free State,SIM-5001,2018,SIM-REG-00017913,SIM-VIN-0000017913,PolicyAdmin
STEND-00002127,STPOLICY00017917,RISK00017917,2023/04/28,Endorsement,Household,"R 1,549,856.99",North West,SIM-8001,,,,PolicyAdmin
STEND-00002128,STPOLICY00017943,RISK00017943,10-24-2022,Sum Insured Change,Motor,"ZAR 999,767.99",Western Cape,SIM-2002,2018,SIM-REG-00017943,SIM-VIN-0000017943,PolicyAdmin
STEND-00002129,STPOLICY00017951,RISK00017951,29/08/2022,Sum Insured Change,Household,"295,30",Eastern Cape,SIM-4001,,,,EndorsementPortal
STEND-00002130,STPOLICY00017953,RISK00017953,06-29-2023,Cover Adjustment,Commercial,11043972.78,Gauteng,SIM-1001,,,,AcquiredBook
STEND-00002131,STPOLICY00017955,RISK00017955,2022/11/04,Sum Insured Change,Household,"R 2,558,979.57",Free State,SIM-5001,,,,PolicyAdmin
STEND-00002132,STPOLICY00017957,RISK00017957,23/04/2023,Endorsement,Household,"1.276.540,25",Eastern Cape,SIM-4001,,,,AcquiredBook
STEND-00002133,STPOLICY00017965,RISK00017965,28/08/2022,Endorsement,Motor,"R 2,308,957.25",North West,SIM-8001,2019,SIM-REG-00017965,SIM-VIN-0000017965,AcquiredBook
STEND-00002134,STPOLICY00017979,RISK00017979,04-17-2023,Vehicle Update,Motor,"3.760.662,36",North West,SIM-8001,2002,SIM-REG-00017979,SIM-VIN-0000017979,PolicyAdmin
STEND-00002135,STPOLICY00018018,RISK00018018,2022/06/14,Endorsement,Household,"R 1,777,377.44",Eastern Cape,SIM-4001,,,,AcquiredBook
STEND-00002136,STPOLICY00018019,RISK00018019,2021/06/13,Address Move,Commercial,R 648.16,Mpumalanga,SIM-7001,,,,EndorsementPortal
STEND-00002137,STPOLICY00018022,RISK00018022,31/10/2023,Endorsement,Motor,"R 3,549,807.55",Mpumalanga,SIM-7001,2000,SIM-REG-00018022,SIM-VIN-0000018022,PolicyAdmin
STEND-00002138,STPOLICY00018030,RISK00018030,2023-07-13,Address Move,Motor,2042590.98,Northern Cape,SIM-9001,1995,SIM-REG-00018030,SIM-VIN-0000018030,AcquiredBook
STEND-00002139,STPOLICY00018031,RISK00018031,2025/01/10,Sum Insured Change,Household,R --,Gauteng,SIM-1002,,,,PolicyAdmin
STEND-00002140,STPOLICY00018039,RISK00018039,08-01-2022,Vehicle Update,Commercial,"ZAR 28,396,654.84",Eastern Cape,SIM-4001,,,,PolicyAdmin
STEND-00002141,STPOLICY00018041,RISK00018041,2024/01/27,Address Move,Household,"ZAR 262,708.95",North West,SIM-8001,,,,PolicyAdmin
STEND-00002142,STPOLICY00018053,RISK00018053,2023/10/27,Address Move,MOTOR,1604767.42,North West,SIM-8001,2000,SIM-REG-00018053,SIM-VIN-0000018053,AcquiredBook
STEND-00002143,STPOLICY00018054,RISK00018054,12/06/2022,Cover Adjustment,Motor,"ZAR 2,741,860.41",KwaZulu-Natal,SIM-3101,2007,SIM-REG-00018054,SIM-VIN-0000018054,PolicyAdmin
STEND-00002144,STPOLICY00018070,RISK00018070,2023-01-11,Endorsement,Household,3643702.67,Western Cape,SIM-2002,,,,AcquiredBook
STEND-00002145,STPOLICY00018070,RISK00018070,2023/04/11,Cover Adjustment,Household,"3.759.111,92",Western Cape,SIM-2002,,,,AcquiredBook
STEND-00002146,STPOLICY00018077,RISK00018077,2023/12/05,Sum Insured Change,Motor,"ZAR 1,220,598.46",KwaZulu-Natal,SIM-3101,2000,SIM-REG-00018077,SIM-VIN-0000018077,EndorsementPortal
STEND-00002147,STPOLICY00018085,RISK00018085,11-21-2024,Endorsement,Household,"R 3,239,715.19",Limpopo,SIM-6001,,,,EndorsementPortal
STEND-00002148,STPOLICY00018091,RISK00018091,29/06/2022,Cover Adjustment,Motor,"2.218.340,93",Eastern Cape,SIM-4001,2020,SIM-REG-00018091,SIM-VIN-0000018091,AcquiredBook
STEND-00002149,STPOLICY00018114,RISK00018114,2022/07/13,Endorsement,Commercial,1068261.00,Gauteng,SIM-1003,,,,EndorsementPortal
STEND-00002150,STPOLICY00018114,RISK00018114,2022/09/19,Vehicle Update,Commercial,"R 1,052,764.38",Gauteng,SIM-1001,,,,PolicyAdmin
STEND-00002151,STPOLICY00018119,RISK00018119,07-29-2024,Address Move,Commercial,"6,209,788.21",Western Cape,SIM-2001,,,,PolicyAdmin
STEND-00002152,STPOLICY00018124,RISK00018124,09-03-2023,Cover Adjustment,Motor,"3.951.827,01",Limpopo,SIM-6001,2035,SIM-REG-00018124,SIM-VIN-0000018124,PolicyAdmin
STEND-00002153,STPOLICY00018132,RISK00018132,27/08/2023,Vehicle Update,Motor,"599,450.19",Gauteng,SIM-1002,2024,SIM-REG-00018132,SIM-VIN-0000018132,AcquiredBook
STEND-00002154,STPOLICY00018148,RISK00018148,06-19-2022,Address Move,Motor,"725.157,67",North West,SIM-8001,2018,SIM-REG-00018148,SIM-VIN-0000018148,AcquiredBook
STEND-00002155,STPOLICY00018166,RISK00018166,2026/04/24,Endorsement,Household,270793.57,Eastern Cape,SIM-4001,,,,PolicyAdmin
STEND-00002156,STPOLICY00018175,RISK00018175,2023-08-07,Endorsement,Household,"563,96",Mpumalanga,SIM-7001,,,,PolicyAdmin
STEND-00002157,STPOLICY00018177,RISK00018177,2023-09-19,Cover Adjustment,Commercial,"ZAR 2,490,825.44",Eastern Cape,SIM-4001,,,,AcquiredBook
STEND-00002158,STPOLICY00018191,RISK00018191,2023/03/29,Sum Insured Change,Household,"281,847.73",North West,SIM-8001,,,,EndorsementPortal
STEND-00002159,STPOLICY00018194,RISK00018194,2022-03-03,Vehicle Update,Household,285.94,North West,SIM-8001,,,,PolicyAdmin
STEND-00002160,STPOLICY00018203,RISK00018203,2026-01-20,Cover Adjustment,Household,"R 2,823,317.87",Northern Cape,SIM-9001,,,,EndorsementPortal
STEND-00002161,STPOLICY00018204,RISK00018204,2022/06/18,Address Move,Household,"R 2,020,751.02",KwaZulu-Natal,SIM-3101,,,,AcquiredBook
STEND-00002162,STPOLICY00018227,RISK00018227,2025/09/07,Endorsement,Motor,"R 634,526.05",Limpopo,SIM-6001,2016,SIM-REG-00018227,SIM-VIN-0000018227,EndorsementPortal
STEND-00002163,STPOLICY00018234,RISK00018234,2023/12/30,Cover Adjustment,Household,4194714.83,Limpopo,SIM-6001,,,,PolicyAdmin
STEND-00002164,STPOLICY00018237,RISK00018237,2022/05/18,Sum Insured Change,Motor,"R 1,490,755.93",Northern Cape,SIM-9001,2006,SIM-REG-00018237,SIM-VIN-0000018237,EndorsementPortal
STEND-00002165,STPOLICY00018267,RISK00018267,2022-06-14,Address Move,Household,"R 741,277.04",Gauteng,SIM-1003,,,,EndorsementPortal
STEND-00002166,STPOLICY00018276,RISK00018276,2024/01/30,Endorsement,Motor,"R 1,326,847.16",KwaZulu-Natal,SIM-3101,2024,SIM-REG-00018276,SIM-VIN-0000018276,EndorsementPortal
STEND-00002167,STPOLICY00018279,RISK00018279,14/09/2023,Vehicle Update,Commercial,"20.985.105,73",Northern Cape,SIM-9001,,,,PolicyAdmin
STEND-00002168,STPOLICY00018281,RISK00018281,24/09/2023,Vehicle Update,Commercial,32814423.75,Gauteng,SIM-1001,,,,PolicyAdmin
STEND-00002169,STPOLICY00018289,RISK00018289,2023-02-05,Vehicle Update,Commercial,"4,803,345.95",North West,SIM-8001,,,,EndorsementPortal
STEND-00002170,STPOLICY00018293,RISK00018293,2021/06/01,Cover Adjustment,Commercial,"3,755,509.33",Eastern Cape,SIM-4001,,,,AcquiredBook
STEND-00002171,STPOLICY00018309,RISK00018309,2023-07-15,Cover Adjustment,Motor,"ZAR 210,231.26",Northern Cape,SIM-9001,2003,SIM-REG-00018309,SIM-VIN-0000018309,AcquiredBook
STEND-00002172,STPOLICY00018321,RISK00018321,2023/12/01,Vehicle Update,Motor,"1,356,811.04",Western Cape,SIM-2002,2020,SIM-REG-00018321,SIM-VIN-0000018321,AcquiredBook
STEND-00002173,STPOLICY00018321,RISK00018321,2024/02/14,Sum Insured Change,Motor,"R 1,508,525.92",Western Cape,SIM-2101,2020,SIM-REG-00018321,SIM-VIN-0000018321,PolicyAdmin
STEND-00002174,STPOLICY00018330,RISK00018330,23/05/2023,Endorsement,Household,"3.150.981,98",Gauteng,SIM-1003,,,,AcquiredBook
STEND-00002175,STPOLICY00018334,RISK00018334,01/12/2023,Vehicle Update,MOTOR,"2.373.025,99",Northern Cape,SIM-9001,2015,SIM-REG-00018334,SIM-VIN-0000018334,EndorsementPortal
STEND-00002176,STPOLICY00018334,RISK00018334,2024-11-16,Vehicle Update,MOTOR,"R 2,955,959.21",Northern Cape,SIM-9001,2015,SIM-REG-00018334,SIM-VIN-0000018334,EndorsementPortal
STEND-00002177,STPOLICY00018351,RISK00018351,2023-01-04,Cover Adjustment,Commercial,"ZAR 25,383,135.49",Gauteng,SIM-1002,,,,PolicyAdmin
STEND-00002178,STPOLICY00018351,RISK00018351,2023/03/31,Vehicle Update,Commercial,20112454.24,Gauteng,SIM-1003,,,,EndorsementPortal
STEND-00002179,STPOLICY00018353,RISK00018353,2024-03-21,Sum Insured Change,Household,"973,187.01",KwaZulu-Natal,SIM-3001,,,,AcquiredBook
STEND-00002180,STPOLICY00018361,RISK00018361,26/10/2023,Endorsement,Household,"ZAR 3,724,990.94",Limpopo,SIM-6001,,,,PolicyAdmin
STEND-00002181,STPOLICY00018398,RISK00018398,2023-11-09,Endorsement,Motor,"1,972,878.55",Northern Cape,SIM-9001,2004,SIM-REG-00018398,SIM-VIN-0000018398,AcquiredBook
STEND-00002182,STPOLICY00018404,RISK00018404,2024/10/15,Cover Adjustment,Commercial,"33,666,133.48",North West,SIM-8001,,,,AcquiredBook
STEND-00002183,STPOLICY00018420,RISK00018420,2022-08-15,Cover Adjustment,Commercial,"R 18,090,890.19",KwaZulu-Natal,SIM-3101,,,,EndorsementPortal
STEND-00002184,STPOLICY00018437,RISK00018437,2022-12-17,Endorsement,Motor,"R 2,031,431.91",Western Cape,SIM-2101,1994,SIM-REG-00018437,SIM-VIN-0000018437,EndorsementPortal
STEND-00002185,STPOLICY00018439,RISK00018439,02/01/2024,Address Move,Household,"4,733,652.33",Eastern Cape,SIM-4001,,,,AcquiredBook
STEND-00002186,STPOLICY00018452,RISK00018452,2023-08-28,Vehicle Update,Motor,"ZAR 2,311,858.87",Eastern Cape,SIM-4001,2020,SIM-REG-00018452,SIM-VIN-0000018452,EndorsementPortal
STEND-00002187,STPOLICY00018454,RISK00018454,12/04/2022,Sum Insured Change,Household,"1.128.601,78",KwaZulu-Natal,SIM-3101,,,,PolicyAdmin
STEND-00002188,STPOLICY00018462,RISK00018462,05-22-2023,Vehicle Update,Commercial,13767111.17,Free State,SIM-5001,,,,EndorsementPortal
STEND-00002189,STPOLICY00018464,RISK00018464,2024-06-16,Sum Insured Change,Household,1108349.57,Free State,SIM-5001,,,,PolicyAdmin
STEND-00002190,STPOLICY00018478,RISK00018478,06/07/2024,Cover Adjustment,Commercial,"384.080,44",Limpopo,SIM-6001,,,,PolicyAdmin
STEND-00002191,STPOLICY00018482,RISK00018482,2024-06-08,Cover Adjustment,Motor,"ZAR 985,571.20",Mpumalanga,SIM-7001,2015,SIM-REG-00018482,SIM-VIN-0000018482,PolicyAdmin
STEND-00002192,STPOLICY00018486,RISK00018486,12/09/2023,Sum Insured Change,Motor,1710978.47,Limpopo,SIM-6001,2007,SIM-REG-00018486,SIM-VIN-0000018486,PolicyAdmin
STEND-00002193,STPOLICY00018492,RISK00018492,2023/08/06,Cover Adjustment,Commercial,"ZAR 25,975,603.63",North West,SIM-8001,,,,EndorsementPortal
STEND-00002194,STPOLICY00018497,RISK00018497,2022-12-16,Address Move,Motor,"1,404,474.84",North West,SIM-8001,2002,SIM-REG-00018497,SIM-VIN-0000018497,AcquiredBook
STEND-00002195,STPOLICY00018500,RISK00018500,02-18-2023,Vehicle Update,Household,"ZAR 300,196.86",Northern Cape,SIM-9001,,,,EndorsementPortal
STEND-00002196,STPOLICY00018523,RISK00018523,25/04/2024,Address Move,Motor,"R 1,182,064.64",Limpopo,SIM-6001,0,SIM-REG-00018523,SIM-VIN-0000018523,PolicyAdmin
STEND-00002197,STPOLICY00018536,RISK00018536,04-26-2023,Endorsement,Commercial,"R 2,718,969.23",Gauteng,SIM-1002,,,,EndorsementPortal
STEND-00002198,STPOLICY00018546,RISK00018546,2023-11-27,Vehicle Update,Commercial,"32.723.309,60",Western Cape,SIM-2002,,,,AcquiredBook
STEND-00002199,STPOLICY00018546,RISK00018546,02-02-2024,Sum Insured Change,Commercial,"ZAR 31,345,633.97",Western Cape,SIM-2101,,,,AcquiredBook
STEND-00002200,MISSING-943466,RISK00018547,12-13-2023,Address Move,Commercial,"1.831.179,72",Free State,SIM-5001,,,,EndorsementPortal
STEND-00002201,STPOLICY00018556,RISK00018556,08/06/2023,Cover Adjustment,Motor,"R 1,101,169.47",Western Cape,SIM-2101,1995,SIM-REG-00018556,SIM-VIN-0000018556,PolicyAdmin
STEND-00002202,STPOLICY00018563,RISK00018563,2022/06/04,Sum Insured Change,MOTOR,"476,988.66",Mpumalanga,SIM-7001,2005,SIM-REG-00018563,SIM-VIN-0000018563,EndorsementPortal
STEND-00002203,STPOLICY00018577,RISK00018577,2022-06-08,Address Move,Commercial,"22,469,566.81",Gauteng,SIM-1001,,,,AcquiredBook
STEND-00002204,STPOLICY00018582,RISK00018582,02/08/2026,Cover Adjustment,Commercial,10606618.30,Mpumalanga,SIM-7001,,,,EndorsementPortal
STEND-00002205,STPOLICY00018584,RISK00018584,05-11-2026,Sum Insured Change,Motor,"R 4,349,357.18",Western Cape,SIM-2101,2018,SIM-REG-00018584,SIM-VIN-0000018584,AcquiredBook
STEND-00002206,STPOLICY00018586,RISK00018586,28/12/2022,Cover Adjustment,Commercial,"R 13,039,113.81",Eastern Cape,SIM-4001,,,,EndorsementPortal
STEND-00002207,STPOLICY00018589,RISK00018589,30/08/2022,Endorsement,Commercial,"18.767.436,66",Eastern Cape,SIM-4001,,,,EndorsementPortal
STEND-00002208,STPOLICY00018590,RISK00018590,12/03/2022,Cover Adjustment,Household,"R 929,631.56",Eastern Cape,SIM-4001,,,,AcquiredBook
STEND-00002209,STPOLICY00018595,RISK00018595,02/09/2023,Address Move,Commercial,"26,985,696.68",Gauteng,SIM-1002,,,,PolicyAdmin
STEND-00002210,STPOLICY00018597,RISK00018597,2023-05-13,Cover Adjustment,Commercial,"ZAR 2,188,912.98",Mpumalanga,SIM-7001,,,,EndorsementPortal
STEND-00002211,STPOLICY00018605,RISK00018605,16/08/2023,Vehicle Update,Commercial,"774,745.09",KwaZulu-Natal,SIM-3002,,,,PolicyAdmin
STEND-00002212,STPOLICY00018606,RISK00018606,2023/03/20,Cover Adjustment,Household,"4,340,409.64",Gauteng,SIM-1001,,,,PolicyAdmin
STEND-00002213,STPOLICY00018622,RISK00018622,02-03-2023,Cover Adjustment,Motor,872.28,Eastern Cape,SIM-4001,1992,SIM-REG-00018622,SIM-VIN-0000018622,AcquiredBook
STEND-00002214,STPOLICY00018629,RISK00018629,2023/01/03,Endorsement,Commercial,"2.173.952,18",Western Cape,SIM-2001,,,,AcquiredBook
STEND-00002215,STPOLICY00018636,RISK00018636,09-12-2023,Endorsement,Household,"1.683.595,94",Western Cape,SIM-2002,,,,EndorsementPortal
STEND-00002216,STPOLICY00018636,RISK00018636,09/11/2023,Endorsement,Household,1624998.97,Western Cape,SIM-2002,,,,PolicyAdmin
STEND-00002217,STPOLICY00018645,RISK00018645,05/05/2023,Address Move,Commercial,"ZAR 29,195,743.73",Limpopo,SIM-6001,,,,EndorsementPortal
STEND-00002218,STPOLICY00018658,RISK00018658,01-10-2024,Address Move,Commercial,"14,290,173.04",KwaZulu-Natal,SIM-3001,,,,PolicyAdmin
STEND-00002219,STPOLICY00018661,RISK00018661,2025/03/30,Endorsement,Motor,1785760.01,Mpumalanga,SIM-7001,2018,SIM-REG-00018661,SIM-VIN-0000018661,PolicyAdmin
STEND-00002220,STPOLICY00018661,RISK00018661,2025/06/05,Cover Adjustment,Motor,1741200.37,Mpumalanga,SIM-7001,2018,SIM-REG-00018661,SIM-VIN-0000018661,AcquiredBook
STEND-00002221,STPOLICY00018662,RISK00018662,2023/09/27,Endorsement,Household,"1,873,116.88",Gauteng,SIM-1003,,,,EndorsementPortal
STEND-00002222,STPOLICY00018664,RISK00018664,2026/05/04,Endorsement,Household,"3.505.173,09",Limpopo,SIM-6001,,,,AcquiredBook
STEND-00002223,STPOLICY00018687,RISK00018687,23/02/2023,Address Move,Motor,"1,669,465.80",Free State,SIM-5001,2000,SIM-REG-00018687,SIM-VIN-0000018687,AcquiredBook
STEND-00002224,STPOLICY00018723,RISK00018723,2022/04/13,Endorsement,Household,"R 3,655,092.72",Mpumalanga,SIM-7001,,,,PolicyAdmin
STEND-00002225,STPOLICY00018725,RISK00018725,10-31-2023,Endorsement,Household,"2.412.858,43",Mpumalanga,SIM-7001,,,,AcquiredBook
STEND-00002226,STPOLICY00018728,RISK00018728,04-27-2024,Endorsement,Commercial,681942.73,Northern Cape,NULL,,,,AcquiredBook
STEND-00002227,STPOLICY00018794,RISK00018794,2023/06/24,Cover Adjustment,Household,"ZAR 3,600,899.02",Western Cape,SIM-2001,,,,AcquiredBook
STEND-00002228,STPOLICY00018797,RISK00018797,10-29-2024,Sum Insured Change,Motor,"ZAR 2,253,647.95",Northern Cape,SIM-9001,2011,SIM-REG-00018797,SIM-VIN-0000018797,AcquiredBook
STEND-00002229,STPOLICY00018805,RISK00018805,08/02/2023,Endorsement,Commercial,"R 6,824,263.00",NULL,SIM-7001,,,,PolicyAdmin
STEND-00002230,STPOLICY00018806,RISK00018806,2023/05/08,Vehicle Update,Household,1392235.00,Limpopo,SIM-6001,,,,AcquiredBook
STEND-00002231,STPOLICY00018817,RISK00018817,08-19-2025,Vehicle Update,Commercial,1930869.18,Gauteng,SIM-1003,,,,PolicyAdmin
STEND-00002232,STPOLICY00018838,RISK00018838,11-12-2025,Address Move,Household,"2,313,694.49",North West,SIM-8001,,,,PolicyAdmin
STEND-00002233,STPOLICY00018841,RISK00018841,2021-08-15,Address Move,Motor,"1.651.260,79",Gauteng,SIM-1002,2004,SIM-REG-00018841,SIM-VIN-0000018841,PolicyAdmin
STEND-00002234,STPOLICY00018848,RISK00018848,2023-10-19,Cover Adjustment,Household,4084763.18,Western Cape,NULL,,,,AcquiredBook
STEND-00002235,STPOLICY00018854,RISK00018854,2023/05/16,Sum Insured Change,Commercial,4047224.57,Gauteng,SIM-1002,,,,PolicyAdmin
STEND-00002236,STPOLICY00018855,RISK00018855,2024/01/03,Address Move,Commercial,"R 18,144,243.92",Mpumalanga,SIM-7001,,,,PolicyAdmin
STEND-00002237,STPOLICY00018863,RISK00018863,2025-02-13,Endorsement,Motor,"ZAR 1,442,374.65",Eastern Cape,SIM-4001,2011,SIM-REG-00018863,SIM-VIN-0000018863,PolicyAdmin
STEND-00002238,STPOLICY00018867,RISK00018867,05-06-2023,Vehicle Update,Household,"R 1,396,342.95",Northern Cape,SIM-9001,,,,AcquiredBook
STEND-00002239,STPOLICY00018878,RISK00018878,2022-08-18,Endorsement,Household,R 606.56,Gauteng,SIM-1001,,,,PolicyAdmin
STEND-00002240,STPOLICY00018878,RISK00018878,10/11/2022,Endorsement,Household,ZAR 654.22,Gauteng,SIM-1001,,,,AcquiredBook
STEND-00002241,STPOLICY00018884,RISK00018884,11/04/2022,Sum Insured Change,Commercial,"R 11,723,396.53",Gauteng,SIM-1002,,,,EndorsementPortal
STEND-00002242,STPOLICY00018886,RISK00018886,2023-11-19,Sum Insured Change,Household,1618933.00,Free State,SIM-5001,,,,PolicyAdmin
STEND-00002243,STPOLICY00018888,RISK00018888,09/01/2024,Sum Insured Change,Commercial,"R 24,007,932.12",Northern Cape,SIM-9001,,,,AcquiredBook
STEND-00002244,STPOLICY00018889,RISK00018889,2022/09/23,Sum Insured Change,Household,"2.100.904,23",Eastern Cape,SIM-4001,,,,EndorsementPortal
STEND-00002245,STPOLICY00018892,RISK00018892,2022-10-01,Vehicle Update,Commercial,"1.228.144,66",Limpopo,SIM-6001,,,,EndorsementPortal
STEND-00002246,STPOLICY00018893,RISK00018893,09-14-2022,Vehicle Update,Motor,"514.782,97",Free State,SIM-5001,2011,SIM-REG-00018893,SIM-VIN-0000018893,AcquiredBook
STEND-00002247,STPOLICY00018893,RISK00018893,2022/10/28,Vehicle Update,Motor,"ZAR 471,773.49",Free State,SIM-5001,2011,SIM-REG-00018893,SIM-VIN-0000018893,EndorsementPortal
STEND-00002248,STPOLICY00018906,RISK00018906,24/07/2023,Sum Insured Change,Commercial,"R 641,174.73",Limpopo,SIM-6001,,,,AcquiredBook
STEND-00002249,STPOLICY00018913,RISK00018913,2024-19-42,Sum Insured Change,Household,2399299.40,Northern Cape,SIM-9001,,,,EndorsementPortal
STEND-00002250,STPOLICY00018914,RISK00018914,2021-10-09,Sum Insured Change,Household,"1.743.996,10",Western Cape,SIM-2101,,,,EndorsementPortal
STEND-00002251,STPOLICY00018914,RISK00018914,12-08-2021,Sum Insured Change,Household,"2.791.176,92",Western Cape,SIM-2101,,,,EndorsementPortal
STEND-00002252,STPOLICY00018920,RISK00018920,2024/10/06,Vehicle Update,Motor,"602,568.28",Mpumalanga,SIM-7001,2004,SIM-REG-00018920,SIM-VIN-0000018920,EndorsementPortal
STEND-00002253,STPOLICY00018928,RISK00018928,2024/05/02,Address Move,Commercial,"ZAR 2,042,930.54",North West,SIM-8001,,,,PolicyAdmin
STEND-00002254,STPOLICY00018933,RISK00018933,2023-11-13,Vehicle Update,Motor,"R 1,512,123.07",Western Cape,SIM-2001,2012,SIM-REG-00018933,SIM-VIN-0000018933,EndorsementPortal
STEND-00002255,STPOLICY00018959,RISK00018959,2023/02/26,Vehicle Update,Household,"862.458,01",Western Cape,SIM-2002,,,,PolicyAdmin
STEND-00002256,STPOLICY00018964,RISK00018964,not-a-date,Endorsement,Motor,621134.99,Mpumalanga,SIM-7001,2003,SIM-REG-00018964,SIM-VIN-0000018964,AcquiredBook
STEND-00002257,STPOLICY00018964,RISK00018964,06-27-2023,Vehicle Update,Motor,622286.97,Mpumalanga,SIM-7001,2003,SIM-REG-00018964,SIM-VIN-0000018964,EndorsementPortal
STEND-00002258,STPOLICY00018989,RISK00018989,2023-06-15,Address Move,Commercial,"2.959.404,17",Northern Cape,SIM-9001,,,,AcquiredBook
STEND-00002259,STPOLICY00019017,RISK00019017,2023-09-13,Address Move,Household,R --,Mpumalanga,SIM-7001,,,,PolicyAdmin
STEND-00002260,STPOLICY00019018,RISK00019018,2023/06/12,Sum Insured Change,Household,"642,385.81",KwaZulu-Natal,SIM-3002,,,,EndorsementPortal
STEND-00002261,STPOLICY00019047,RISK00019047,05-24-2023,Cover Adjustment,Commercial,"9,938,079.35",Gauteng,SIM-1002,,,,PolicyAdmin
STEND-00002262,STPOLICY00019059,RISK00019059,2022-12-21,Endorsement,Household,"ZAR 1,625,542.83",Western Cape,SIM-2001,,,,AcquiredBook
STEND-00002263,STPOLICY00019104,RISK00019104,2023/12/30,Vehicle Update,Commercial,"10.562.118,47",Western Cape,SIM-2001,,,,EndorsementPortal
STEND-00002264,STPOLICY00019121,RISK00019121,2022/11/18,Vehicle Update,Household,"2,629,931.08",KwaZulu-Natal,SIM-3002,,,,EndorsementPortal
STEND-00002265,STPOLICY00019138,RISK00019138,03-17-2023,Sum Insured Change,Home Contents,2024863.66,Gauteng,SIM-1002,,,,AcquiredBook
STEND-00002266,STPOLICY00019141,RISK00019141,2023-04-21,Endorsement,Commercial,"10,547,822.08",Mpumalanga,SIM-7001,,,,AcquiredBook
STEND-00002267,STPOLICY00019145,RISK00019145,22/01/2023,Vehicle Update,Commercial,"17.721.959,64",Western Cape,N/A,,,,AcquiredBook
STEND-00002268,STPOLICY00019149,RISK00019149,2023-04-01,Address Move,Household,1956476.21,Limpopo,SIM-6001,,,,AcquiredBook
STEND-00002269,STPOLICY00019154,RISK00019154,12-14-2022,Endorsement,Motor,"ZAR 2,904,171.98",Eastern Cape,SIM-4001,2002,SIM-REG-00019154,SIM-VIN-0000019154,EndorsementPortal
STEND-00002270,STPOLICY00019163,RISK00019163,2023-11-02,Address Move,Motor,"2,716,541.85",Gauteng,SIM-1001,2014,SIM-REG-00019163,SIM-VIN-0000019163,EndorsementPortal
STEND-00002271,STPOLICY00019163,RISK00019163,2024-01-02,Vehicle Update,Motor,"ZAR 2,945,577.99",Gauteng,SIM-1001,2014,SIM-REG-00019163,SIM-VIN-0000019163,AcquiredBook
STEND-00002272,STPOLICY00019170,RISK00019170,2022-01-22,Address Move,Commercial,not recorded,Gauteng,SIM-1002,,,,EndorsementPortal
STEND-00002273,STPOLICY00019193,RISK00019193,2024/05/29,Vehicle Update,Motor,"R 2,034,897.80",Eastern Cape,SIM-4001,2022,SIM-REG-00019193,SIM-VIN-0000019193,EndorsementPortal
STEND-00002274,STPOLICY00019203,RISK00019203,08-25-2023,Address Move,Household,"1.524.253,52",Gauteng,SIM-1001,,,,AcquiredBook
STEND-00002275,STPOLICY00019209,RISK00019209,2023-04-25,Sum Insured Change,Commercial,"ZAR 8,141,957.67",North West,SIM-8001,,,,PolicyAdmin
STEND-00002276,STPOLICY00019215,RISK00019215,2021/11/26,Cover Adjustment,Commercial,"R 1,096,790.53",Eastern Cape,SIM-4001,,,,AcquiredBook
STEND-00002277,STPOLICY00019225,RISK00019225,11-29-2022,Sum Insured Change,Commercial,"36.697.901,30",North West,SIM-8001,,,,AcquiredBook
STEND-00002278,STPOLICY00019226,RISK00019226,05-27-2023,Cover Adjustment,Household,"1.293.246,46",Western Cape,SIM-2101,,,,EndorsementPortal
STEND-00002279,STPOLICY00019228,RISK00019228,2022/08/25,Cover Adjustment,Commercial,"ZAR 3,117,527.41",KwaZulu-Natal,SIM-3002,,,,PolicyAdmin
STEND-00002280,STPOLICY00019231,RISK00019231,11-08-2023,Sum Insured Change,Household,"654,559.39",Free State,SIM-5001,,,,EndorsementPortal
STEND-00002281,STPOLICY00019233,RISK00019233,18/06/2022,Address Move,Motor,"R 791,458.99",Western Cape,SIM-2001,2023,SIM-REG-00019233,SIM-VIN-0000019233,AcquiredBook
STEND-00002282,STPOLICY00019239,RISK00019239,2022/11/19,Vehicle Update,Household,135848.49,North West,SIM-8001,,,,PolicyAdmin
STEND-00002283,STPOLICY00019262,RISK00019262,2024-02-22,Sum Insured Change,Motor,"R 3,000,532.18",Eastern Cape,SIM-4001,2023,SIM-REG-00019262,SIM-VIN-0000019262,PolicyAdmin
STEND-00002284,STPOLICY00019263,RISK00019263,19/07/2025,Cover Adjustment,Household,3118793.82,Eastern Cape,SIM-4001,,,,EndorsementPortal
STEND-00002285,STPOLICY00019264,RISK00019264,10-28-2022,Address Move,Motor,1110902.19,Mpumalanga,SIM-7001,2002,SIM-REG-00019264,SIM-VIN-0000019264,PolicyAdmin
STEND-00002286,STPOLICY00019268,RISK00019268,07-24-2024,Sum Insured Change,Household,"ZAR 341,864.38",Western Cape,SIM-2002,,,,EndorsementPortal
STEND-00002287,STPOLICY00019277,RISK00019277,2022/09/12,Vehicle Update,Motor,"185,603.03",Gauteng,SIM-1002,1991,SIM-REG-00019277,SIM-VIN-0000019277,PolicyAdmin
STEND-00002288,STPOLICY00019278,RISK00019278,2022/07/12,Address Move,Motor,"R 4,508,409.45",Western Cape,SIM-2101,1996,SIM-REG-00019278,SIM-VIN-0000019278,PolicyAdmin
STEND-00002289,STPOLICY00019287,RISK00019287,2023/03/19,Endorsement,Household,"R 2,062,156.50",Mpumalanga,SIM-7001,,,,PolicyAdmin
STEND-00002290,STPOLICY00019296,RISK00019296,2023-07-15,Cover Adjustment,Motor,1009343.95,Limpopo,SIM-6001,2011,SIM-REG-00019296,SIM-VIN-0000019296,EndorsementPortal
STEND-00002291,STPOLICY00019301,RISK00019301,2023/05/21,Sum Insured Change,Commercial,"R 32,608,022.01",North West,SIM-8001,,,,EndorsementPortal
STEND-00002292,STPOLICY00019306,RISK00019306,15/08/2024,Endorsement,Commercial,"ZAR 134,385.76",Limpopo,SIM-6001,,,,AcquiredBook
STEND-00002293,STPOLICY00019325,RISK00019325,2024-03-25,Sum Insured Change,Household,"3,230,605.16",North West,SIM-8001,,,,AcquiredBook
STEND-00002294,STPOLICY00019362,RISK00019362,2023/06/12,Vehicle Update,Motor,"1.323.068,91",Free State,SIM-5001,1996,SIM-REG-00019362,SIM-VIN-0000019362,PolicyAdmin
STEND-00002295,STPOLICY00019364,RISK00019364,2023/07/27,Sum Insured Change,Household,ZAR 366.71,Free State,SIM-5001,,,,AcquiredBook
STEND-00002296,STPOLICY00019369,RISK00019369,2023/08/19,Cover Adjustment,Commercial,1500086.35,Western Cape,SIM-2002,,,,AcquiredBook
STEND-00002297,STPOLICY00019375,RISK00019375,2023/08/26,Vehicle Update,Commercial,20544226.34,Western Cape,SIM-2101,,,,PolicyAdmin
STEND-00002298,STPOLICY00019380,RISK00019380,02-11-2023,Cover Adjustment,SME Commercial,"R 662,347.18",North West,SIM-8001,,,,PolicyAdmin
STEND-00002299,STPOLICY00019380,RISK00019380,2023-04-05,Vehicle Update,SME Commercial,"R 719,374.07",North West,SIM-8001,,,,EndorsementPortal
STEND-00002300,STPOLICY00019388,RISK00019388,2022-02-02,Vehicle Update,Commercial,"24.771.520,80",Gauteng,SIM-1003,,,,PolicyAdmin
STEND-00002301,STPOLICY00019390,RISK00019390,03-18-2023,Endorsement,Commercial,"R 2,557,610.55",Mpumalanga,SIM-7001,,,,AcquiredBook
STEND-00002302,STPOLICY00019390,RISK00019390,01/05/2023,Address Move,Commercial,"2,932,772.08",Mpumalanga,SIM-7001,,,,AcquiredBook
STEND-00002303,STPOLICY00019397,RISK00019397,07-13-2023,Endorsement,Commercial,"ZAR 35,994,016.03",Mpumalanga,SIM-7001,,,,PolicyAdmin
STEND-00002304,STPOLICY00019398,RISK00019398,2022/10/05,Endorsement,Household,"R 832,615.37",North West,SIM-8001,,,,AcquiredBook
STEND-00002305,STPOLICY00019432,RISK00019432,2025-03-26,Sum Insured Change,Commercial,20924322.69,Limpopo,SIM-6001,,,,EndorsementPortal
STEND-00002306,STPOLICY00019435,RISK00019435,2023/10/21,Address Move,Motor,"2.319.486,17",,SIM-3101,2025,SIM-REG-00019435,SIM-VIN-0000019435,EndorsementPortal
STEND-00002307,STPOLICY00019443,RISK00019443,2022/09/25,Cover Adjustment,Motor,"2,134,990.88",North West,SIM-8001,1998,SIM-REG-00019443,SIM-VIN-0000019443,AcquiredBook
STEND-00002308,STPOLICY00019443,RISK00019443,18/12/2022,Sum Insured Change,Motor,"2.778.757,37",North West,SIM-8001,1998,SIM-REG-00019443,SIM-VIN-0000019443,AcquiredBook
STEND-00002309,STPOLICY00019478,RISK00019478,08-18-2023,Endorsement,Commercial,"15,745,492.10",KwaZulu-Natal,SIM-3101,,,,PolicyAdmin
STEND-00002310,STPOLICY00019506,RISK00019506,2023-09-08,Endorsement,Commercial,"R 15,510,088.44",North West,SIM-8001,,,,EndorsementPortal
STEND-00002311,STPOLICY00019507,RISK00019507,2024/03/15,Vehicle Update,SME Commercial,453115.09,Eastern Cape,SIM-4001,,,,PolicyAdmin
STEND-00002312,STPOLICY00019533,RISK00019533,08-18-2024,Cover Adjustment,Motor,"1.777.926,66",North West,SIM-8001,1997,SIM-REG-00019533,SIM-VIN-0000019533,EndorsementPortal
STEND-00002313,STPOLICY00019547,RISK00019547,02-28-2023,Sum Insured Change,Motor,"1,133,414.35",Northern Cape,SIM-9001,2022,SIM-REG-00019547,SIM-VIN-0000019547,AcquiredBook
STEND-00002314,STPOLICY00019550,RISK00019550,2023/03/22,Endorsement,Household,"2,733,599.91",Limpopo,SIM-6001,,,,PolicyAdmin
STEND-00002315,STPOLICY00019559,RISK00019559,07-07-2021,Sum Insured Change,Motor,1548861.90,Eastern Cape,SIM-4001,2014,SIM-REG-00019559,SIM-VIN-0000019559,EndorsementPortal
STEND-00002316,STPOLICY00019568,RISK00019568,02-19-2024,Address Move,Commercial,"ZAR 16,732,774.94",KwaZulu-Natal,SIM-3101,,,,EndorsementPortal
STEND-00002317,STPOLICY00019570,RISK00019570,2021-06-05,Endorsement,Commercial,"R 669,085.77",Gauteng,SIM-1003,,,,AcquiredBook
STEND-00002318,STPOLICY00019574,RISK00019574,07-04-2024,Vehicle Update,Household,"R 1,300,399.47",Mpumalanga,SIM-7001,,,,PolicyAdmin
STEND-00002319,STPOLICY00019602,RISK00019602,2024/01/29,Sum Insured Change,Household,3844884.66,Northern Cape,SIM-9001,,,,AcquiredBook
STEND-00002320,STPOLICY00019613,RISK00019613,2025-07-06,Endorsement,Commercial,"R 7,290,278.64",Eastern Cape,SIM-4001,,,,EndorsementPortal
STEND-00002321,STPOLICY00019613,RISK00019613,09-26-2025,Sum Insured Change,Commercial,"6,147,714.32",Eastern Cape,SIM-4001,,,,AcquiredBook
STEND-00002322,STPOLICY00019623,RISK00019623,2022-08-01,Sum Insured Change,Motor,"ZAR 2,068,002.57",Free State,SIM-5001,2019,,SIM-VIN-0000019623,EndorsementPortal
STEND-00002323,STPOLICY00019651,RISK00019651,2023-07-18,Endorsement,Motor,"1,668,943.73",Free State,SIM-5001,2000,SIM-REG-00019651,SIM-VIN-0000019651,AcquiredBook
STEND-00002324,STPOLICY00019654,RISK00019654,2022-10-08,Sum Insured Change,MOTOR,"1.848.636,39",Free State,SIM-5001,2005,SIM-REG-00019654,SIM-VIN-0000019654,EndorsementPortal
STEND-00002325,STPOLICY00019654,RISK00019654,2022-11-08,Address Move,MOTOR,"2.374.504,63",Free State,SIM-5001,2005,SIM-REG-00019654,SIM-VIN-0000019654,AcquiredBook
STEND-00002326,STPOLICY00019657,RISK00019657,2023/09/26,Vehicle Update,Motor,"ZAR 1,924,242.45",Eastern Cape,SIM-4001,2002,SIM-REG-00019657,SIM-VIN-0000019657,AcquiredBook
STEND-00002327,STPOLICY00019674,RISK00019674,07-19-2023,Endorsement,Household,"R 1,772,284.39",Eastern Cape,SIM-4001,,,,AcquiredBook
STEND-00002328,STPOLICY00019678,RISK00019678,2023-05-29,Sum Insured Change,Motor,"ZAR 1,196,224.44",KwaZulu-Natal,SIM-3001,2008,SIM-REG-00019678,SIM-VIN-0000019678,AcquiredBook
STEND-00002329,STPOLICY00019688,RISK00019688,2023-10-18,Address Move,Household,"1,482,346.01",North West,SIM-8001,,,,EndorsementPortal
STEND-00002330,STPOLICY00019694,RISK00019694,26/09/2022,Endorsement,Household,"1,341,740.90",Limpopo,SIM-6001,,,,PolicyAdmin
STEND-00002331,STPOLICY00019703,RISK00019703,2024/04/24,Sum Insured Change,Motor,1549614.73,Mpumalanga,SIM-7001,2015,,SIM-VIN-0000019703,AcquiredBook
STEND-00002332,STPOLICY00019703,RISK00019703,2024-06-18,Cover Adjustment,Motor,"R 1,208,008.83",Mpumalanga,SIM-7001,2015,SIM-REG-00019703,SIM-VIN-0000019703,PolicyAdmin
STEND-00002333,STPOLICY00019739,RISK00019739,2024/09/05,Sum Insured Change,Household,207501.95,Western Cape,SIM-2002,,,,AcquiredBook
STEND-00002334,STPOLICY00019766,RISK00019766,09-24-2023,Vehicle Update,Motor,"R 2,914,985.01",Limpopo,SIM-6001,2001,SIM-REG-00019766,SIM-VIN-0000019766,AcquiredBook
STEND-00002335,STPOLICY00019770,RISK00019770,22/11/2023,Vehicle Update,Household,"3,426,548.47",Eastern Cape,SIM-4001,,,,AcquiredBook
STEND-00002336,STPOLICY00019779,RISK00019779,2022/08/16,Cover Adjustment,Household,2808176.63,Mpumalanga,SIM-7001,,,,EndorsementPortal
STEND-00002337,STPOLICY00019781,RISK00019781,18/12/2022,Sum Insured Change,Motor,"R 2,060,972.97",Limpopo,SIM-6001,2014,SIM-REG-00019781,SIM-VIN-0000019781,PolicyAdmin
STEND-00002338,STPOLICY00019787,RISK00019787,2022/04/07,Address Move,Motor,2310516.67,Free State,SIM-5001,2008,SIM-REG-00019787,SIM-VIN-0000019787,PolicyAdmin
STEND-00002339,STPOLICY00019796,RISK00019796,01-18-2022,Address Move,Commercial,"28.846.610,87",Western Cape,SIM-2002,,,,AcquiredBook
STEND-00002340,STPOLICY00019802,RISK00019802,08-28-2023,Address Move,Commercial,8489745.41,Free State,SIM-5001,,,,AcquiredBook
STEND-00002341,STPOLICY00019802,RISK00019802,22/10/2023,Sum Insured Change,Commercial,"ZAR 11,967,993.22",Free State,SIM-5001,,,,PolicyAdmin
STEND-00002342,STPOLICY00019807,RISK00019807,2023-12-11,Endorsement,Commercial,"556.061,42",Limpopo,SIM-6001,,,,EndorsementPortal
STEND-00002343,STPOLICY00019824,RISK00019824,03-05-2023,Vehicle Update,Commercial,1872810.76,Western Cape,SIM-2001,,,,PolicyAdmin
STEND-00002344,STPOLICY00019825,RISK00019825,2022/12/31,Vehicle Update,SME Commercial,"ZAR 3,554,346.89",Northern Cape,SIM-9001,,,,PolicyAdmin
STEND-00002345,STPOLICY00019830,RISK00019830,2023-03-22,Address Move,Commercial,"ZAR 8,340,411.39",Mpumalanga,SIM-7001,,,,AcquiredBook
STEND-00002346,STPOLICY00019830,RISK00019830,2024-19-42,Endorsement,Commercial,9906270.79,Mpumalanga,SIM-7001,,,,AcquiredBook
STEND-00002347,STPOLICY00019835,RISK00019835,2023/08/12,Cover Adjustment,Motor,"R 3,220,598.38",Eastern Cape,SIM-4001,1999,SIM-REG-00019835,SIM-VIN-0000019835,AcquiredBook
STEND-00002348,STPOLICY00019846,RISK00019846,12-24-2022,Address Move,Motor,"ZAR 1,930,281.24",KwaZulu-Natal,SIM-3001,1998,SIM-REG-00019846,SIM-VIN-0000019846,AcquiredBook
STEND-00002349,STPOLICY00019848,RISK00019848,20/04/2023,Vehicle Update,Motor,"2,712,034.20",Eastern Cape,SIM-4001,2008,SIM-REG-00019848,SIM-VIN-0000019848,PolicyAdmin
STEND-00002350,STPOLICY00019857,RISK00019857,06-21-2023,Address Move,Household,"ZAR 69,858.86",Western Cape,SIM-2001,,,,EndorsementPortal
STEND-00002351,STPOLICY00019860,RISK00019860,08-24-2023,Endorsement,Motor,"2.078.989,24",Limpopo,SIM-6001,2001,SIM-REG-00019860,SIM-VIN-0000019860,AcquiredBook
STEND-00002352,STPOLICY00019864,RISK00019864,10-19-2021,Cover Adjustment,Motor,"1,375,880.61",KwaZulu-Natal,SIM-3101,2028,SIM-REG-00019864,SIM-VIN-0000019864,AcquiredBook
STEND-00002353,STPOLICY00019869,RISK00019869,2026/02/28,Endorsement,Commercial,"ZAR 1,186,947.13",North West,SIM-8001,,,,PolicyAdmin
STEND-00002354,STPOLICY00019870,RISK00019870,2024-02-02,Endorsement,Motor,"1.062.363,63",Western Cape,NULL,2016,SIM-REG-00019870,SIM-VIN-0000019870,AcquiredBook
STEND-00002355,STPOLICY00019871,RISK00019871,17/09/2025,Sum Insured Change,Motor,"R 2,338,675.67",Limpopo,SIM-6001,2007,,SIM-VIN-0000019871,EndorsementPortal
STEND-00002356,STPOLICY00019872,RISK00019872,2023-09-11,Cover Adjustment,Motor,1395938.36,Limpopo,SIM-6001,2017,SIM-REG-00019872,SIM-VIN-0000019872,EndorsementPortal
STEND-00002357,STPOLICY00019872,RISK00019872,2023/11/28,Sum Insured Change,Motor,1922447.77,Limpopo,SIM-6001,2017,SIM-REG-00019872,SIM-VIN-0000019872,EndorsementPortal
STEND-00002358,STPOLICY00019899,RISK00019899,2024/03/27,Vehicle Update,Motor,"157.766,96",Mpumalanga,,2012,SIM-REG-00019899,SIM-VIN-0000019899,EndorsementPortal
STEND-00002359,STPOLICY00019915,RISK00019915,2024-11-28,Cover Adjustment,MOTOR,"ZAR 198,628.64",Free State,SIM-5001,2008,SIM-REG-00019915,SIM-VIN-0000019915,PolicyAdmin
STEND-00002360,STPOLICY00019919,RISK00019919,2021-04-12,Cover Adjustment,Household,"951,251.36",Limpopo,SIM-6001,,,,AcquiredBook
STEND-00002361,STPOLICY00019929,RISK00019929,25/07/2025,Endorsement,Household,"4.266.415,05",Northern Cape,SIM-9001,,,,PolicyAdmin
STEND-00002362,STPOLICY00019932,RISK00019932,05-09-2022,Endorsement,Commercial,"ZAR 2,452,122.16",Western Cape,SIM-2101,,,,AcquiredBook
STEND-00002363,STPOLICY00019955,RISK00019955,27/08/2022,Address Move,Commercial,"4,758,162.62",Gauteng,SIM-1002,,,,PolicyAdmin
STEND-00002364,STPOLICY00019966,RISK00019966,09-29-2023,Sum Insured Change,Motor,"2.168.052,97",Northern Cape,SIM-9001,2007,SIM-REG-00019966,SIM-VIN-0000019966,PolicyAdmin
STEND-00002365,STPOLICY00019967,RISK00019967,2023/06/23,Endorsement,Commercial,"R 2,303,844.31",Mpumalanga,SIM-7001,,,,EndorsementPortal
STEND-00002366,STPOLICY00019979,RISK00019979,17/11/2022,Address Move,Commercial,"27,533,764.11",Northern Cape,SIM-9001,,,,EndorsementPortal
STEND-00002367,STPOLICY00019981,RISK00019981,2023/08/02,Vehicle Update,Commercial,"R 2,508,117.48",KwaZulu-Natal,SIM-3101,,,,PolicyAdmin
STEND-00002368,STPOLICY00019983,RISK00019983,2022-05-21,Sum Insured Change,Commercial,"15.883.927,41",Limpopo,SIM-6001,,,,AcquiredBook
STEND-00002369,STPOLICY00019993,RISK00019993,2023-02-18,Endorsement,Commercial,1265072.11,Free State,SIM-5001,,,,AcquiredBook
STEND-00002370,STPOLICY00019995,RISK00019995,2023-06-12,Address Move,Commercial,"791.595,76",Eastern Cape,SIM-4001,,,,PolicyAdmin
STEND-00002371,STPOLICY00020006,RISK00020006,2024/07/08,Address Move,Motor,"ZAR 971,563.03",Mpumalanga,SIM-7001,1999,SIM-REG-00020006,SIM-VIN-0000020006,EndorsementPortal
STEND-00002372,STPOLICY00020021,RISK00020021,2022/06/08,Address Move,Household,345451.66,Free State,SIM-5001,,,,AcquiredBook
STEND-00002373,STPOLICY00020022,RISK00020022,2023-05-08,Cover Adjustment,Commercial,15135680.15,Eastern Cape,SIM-4001,,,,AcquiredBook
STEND-00002374,STPOLICY00020028,RISK00020028,2024-09-03,Sum Insured Change,Motor,734.67,Gauteng,SIM-1001,2011,SIM-REG-00020028,SIM-VIN-0000020028,EndorsementPortal
STEND-00002375,STPOLICY00020031,RISK00020031,28/03/2024,Cover Adjustment,Commercial,"26.430.430,74",Gauteng,SIM-1002,,,,AcquiredBook
STEND-00002376,STPOLICY00020034,RISK00020034,2023-12-18,Cover Adjustment,Motor,3092071.73,Western Cape,NULL,2023,SIM-REG-00020034,SIM-VIN-0000020034,AcquiredBook
STEND-00002377,STPOLICY00020034,RISK00020034,02-23-2024,Sum Insured Change,Motor,"R 3,641,492.56",Western Cape,SIM-2001,2023,SIM-REG-00020034,SIM-VIN-0000020034,AcquiredBook
STEND-00002378,STPOLICY00020039,RISK00020039,2023-10-26,Vehicle Update,Household,2623551.12,KwaZulu-Natal,SIM-3001,,,,EndorsementPortal
STEND-00002379,STPOLICY00020046,RISK00020046,25/10/2022,Endorsement,Commercial,20591048.21,Western Cape,SIM-2002,,,,EndorsementPortal
STEND-00002380,STPOLICY00020054,RISK00020054,12-11-2025,Address Move,Commercial,"R 2,804,916.84",Western Cape,SIM-2101,,,,EndorsementPortal
STEND-00002381,STPOLICY00020060,RISK00020060,2022-11-16,Endorsement,Household,"736.112,54",Mpumalanga,SIM-7001,,,,EndorsementPortal
STEND-00002382,STPOLICY00020063,RISK00020063,2022/11/08,Endorsement,Household,2523328.59,KwaZulu-Natal,SIM-3001,,,,EndorsementPortal
STEND-00002383,STPOLICY00020081,RISK00020081,2025/01/11,Cover Adjustment,Household,"R 2,879,902.53",Eastern Cape,SIM-4001,,,,EndorsementPortal
STEND-00002384,STPOLICY00020098,RISK00020098,12/11/2023,Sum Insured Change,Motor,"1.909.904,96",Northern Cape,SIM-9001,2007,SIM-REG-00020098,SIM-VIN-0000020098,PolicyAdmin
STEND-00002385,STPOLICY00020115,RISK00020115,04/12/2023,Vehicle Update,Household,"ZAR 2,919,702.10",Mpumalanga,SIM-7001,,,,PolicyAdmin
STEND-00002386,STPOLICY00020125,RISK00020125,2024/03/04,Vehicle Update,Motor,"682.804,00",Mpumalanga,SIM-7001,2006,SIM-REG-00020125,SIM-VIN-0000020125,AcquiredBook
STEND-00002387,STPOLICY00020127,RISK00020127,2023/04/14,Vehicle Update,Commercial,27432937.76,Limpopo,SIM-6001,,,,EndorsementPortal
STEND-00002388,STPOLICY00020144,RISK00020144,26/01/2024,Endorsement,Household,"ZAR 3,677,465.58",Western Cape,SIM-2101,,,,PolicyAdmin
STEND-00002389,STPOLICY00020148,RISK00020148,12-21-2022,Sum Insured Change,Commercial,"22.246.710,01",Western Cape,,,,,EndorsementPortal
STEND-00002390,STPOLICY00020152,RISK00020152,07-08-2024,Sum Insured Change,Commercial,"ZAR 20,849,957.23",Free State,SIM-5001,,,,EndorsementPortal
STEND-00002391,STPOLICY00020153,RISK00020153,03-05-2023,Sum Insured Change,Commercial,2102797.13,Limpopo,SIM-6001,,,,EndorsementPortal
STEND-00002392,STPOLICY00020157,RISK00020157,31/03/2023,Address Move,Motor,3768323.24,Western Cape,SIM-2101,2004,SIM-REG-00020157,SIM-VIN-0000020157,EndorsementPortal
STEND-00002393,STPOLICY00020189,RISK00020189,01/06/2024,Cover Adjustment,Commercial,"ZAR 2,682,653.47",NULL,SIM-2101,,,,AcquiredBook
STEND-00002394,STPOLICY00020194,RISK00020194,02-07-2023,Endorsement,Household,594215.13,Eastern Cape,SIM-4001,,,,AcquiredBook
STEND-00002395,STPOLICY00020194,RISK00020194,2023/05/01,Sum Insured Change,Household,"443,447.68",Eastern Cape,SIM-4001,,,,PolicyAdmin
STEND-00002396,STPOLICY00020216,RISK00020216,09-05-2022,Address Move,Motor,R 80.29,Limpopo,SIM-6001,2004,SIM-REG-00020216,SIM-VIN-0000020216,PolicyAdmin
STEND-00002397,STPOLICY00020224,RISK00020224,12-24-2023,Cover Adjustment,Commercial,"474.805,87",KwaZulu-Natal,SIM-3101,,,,EndorsementPortal
STEND-00002398,STPOLICY00020237,RISK00020237,2022/04/03,Sum Insured Change,Motor,"ZAR 3,399,643.05",Western Cape,SIM-2002,2001,SIM-REG-00020237,SIM-VIN-0000020237,AcquiredBook
STEND-00002399,STPOLICY00020242,RISK00020242,2025-04-03,Address Move,Motor,"ZAR 384,139.93",KwaZulu-Natal,SIM-3001,2008,SIM-REG-00020242,SIM-VIN-0000020242,AcquiredBook
STEND-00002400,STPOLICY00020264,RISK00020264,2024/11/17,Address Move,Motor,"2.523.026,06",Free State,SIM-5001,1992,SIM-REG-00020264,SIM-VIN-0000020264,AcquiredBook
STEND-00002401,STPOLICY00020268,RISK00020268,2022/12/16,Sum Insured Change,Household,3902162.41,Limpopo,SIM-6001,,,,AcquiredBook
STEND-00002402,STPOLICY00020270,RISK00020270,04/10/2023,Endorsement,Motor,"ZAR 3,027,716.61",Free State,SIM-5001,1994,SIM-REG-00020270,SIM-VIN-0000020270,EndorsementPortal
STEND-00002403,STPOLICY00020278,RISK00020278,21/12/2023,Endorsement,Household,"ZAR 1,567,402.14",Mpumalanga,SIM-7001,,,,PolicyAdmin
STEND-00002404,STPOLICY00020279,RISK00020279,2024-02-20,Address Move,Household,"ZAR 633,147.04",Limpopo,SIM-6001,,,,EndorsementPortal
STEND-00002405,STPOLICY00020298,RISK00020298,2023/07/01,Vehicle Update,MOTOR,"2,380,961.39",Gauteng,SIM-1001,2022,SIM-REG-00020298,SIM-VIN-0000020298,PolicyAdmin
STEND-00002406,STPOLICY00020300,RISK00020300,05-30-2023,Sum Insured Change,Commercial,"ZAR 1,263,797.26",Western Cape,SIM-2002,,,,EndorsementPortal
STEND-00002407,STPOLICY00020313,RISK00020313,2022-03-21,Address Move,Commercial,"1,533,433.50",Western Cape,SIM-2001,,,,AcquiredBook
STEND-00002408,STPOLICY00020314,RISK00020314,2024/12/25,Address Move,Commercial,"969,25",North West,SIM-8001,,,,AcquiredBook
STEND-00002409,STPOLICY00020321,RISK00020321,2025-12-28,Cover Adjustment,Household,"2,249,558.97",Gauteng,SIM-1003,,,,EndorsementPortal
STEND-00002410,STPOLICY00020330,RISK00020330,15/09/2022,Endorsement,Household,,Northern Cape,SIM-9001,,,,EndorsementPortal
STEND-00002411,STPOLICY00020333,RISK00020333,2023/04/15,Vehicle Update,Household,"ZAR 2,400,576.33",North West,SIM-8001,,,,AcquiredBook
STEND-00002412,STPOLICY00020338,RISK00020338,2022-08-14,Sum Insured Change,Commercial,"29,501,032.20",Mpumalanga,SIM-7001,,,,EndorsementPortal
STEND-00002413,STPOLICY00020339,RISK00020339,01-05-2023,Sum Insured Change,Commercial,"ZAR 14,679,927.20",KwaZulu-Natal,SIM-3002,,,,PolicyAdmin
STEND-00002414,STPOLICY00020344,RISK00020344,2023/08/04,Endorsement,Motor,"R 884,346.73",Western Cape,SIM-2101,2019,SIM-REG-00020344,SIM-VIN-0000020344,EndorsementPortal
STEND-00002415,STPOLICY00020351,RISK00020351,2024-02-18,Vehicle Update,Household,"180,78",Northern Cape,SIM-9001,,,,PolicyAdmin
STEND-00002416,STPOLICY00020351,RISK00020351,04/04/2024,Sum Insured Change,Household,175.82,Northern Cape,SIM-9001,,,,EndorsementPortal
STEND-00002417,MISSING-146682,RISK00020354,2023-04-07,Address Move,Commercial,"281.278,90",Gauteng,SIM-1001,,,,EndorsementPortal
STEND-00002418,STPOLICY00020357,RISK00020357,2024/02/28,Vehicle Update,Household,"394.742,83",Mpumalanga,SIM-7001,,,,PolicyAdmin
STEND-00002419,STPOLICY00020363,RISK00020363,12/07/2025,Endorsement,Household,"R 487,752.04",Mpumalanga,SIM-7001,,,,AcquiredBook
STEND-00002420,STPOLICY00020369,RISK00020369,04/03/2025,Sum Insured Change,Motor,"1.923.342,74",Mpumalanga,SIM-7001,2003,SIM-REG-00020369,SIM-VIN-0000020369,EndorsementPortal
STEND-00002421,STPOLICY00020371,RISK00020371,2024/08/05,Address Move,Motor,1649062.57,Eastern Cape,SIM-4001,2007,SIM-REG-00020371,SIM-VIN-0000020371,PolicyAdmin
STEND-00002422,STPOLICY00020374,RISK00020374,13/05/2024,Cover Adjustment,Household,"3.625.649,26",Mpumalanga,SIM-7001,,,,AcquiredBook
STEND-00002423,STPOLICY00020376,RISK00020376,02-10-2023,Address Move,Motor,"1,755,547.94",Eastern Cape,SIM-4001,2011,SIM-REG-00020376,SIM-VIN-0000020376,AcquiredBook
STEND-00002424,STPOLICY00020384,RISK00020384,2023-03-02,Endorsement,Motor,"256.334,57",Free State,SIM-5001,1991,SIM-REG-00020384,SIM-VIN-0000020384,EndorsementPortal
STEND-00002425,STPOLICY00020388,RISK00020388,2023/06/04,Vehicle Update,Household,1351388.51,Eastern Cape,SIM-4001,,,,PolicyAdmin
STEND-00002426,STPOLICY00020399,RISK00020399,2023-01-14,Cover Adjustment,Commercial,"ZAR 14,760,843.79",Mpumalanga,SIM-7001,,,,PolicyAdmin
STEND-00002427,STPOLICY00020407,RISK00020407,2024/04/28,Address Move,Household,"3,053,645.54",Free State,SIM-5001,,,,AcquiredBook
STEND-00002428,STPOLICY00020410,RISK00020410,15/10/2024,Cover Adjustment,Commercial,"4.862.823,62",Limpopo,SIM-6001,,,,PolicyAdmin
STEND-00002429,STPOLICY00020423,RISK00020423,10-10-2022,Endorsement,Household,"R 2,215,312.97",North West,SIM-8001,,,,AcquiredBook
STEND-00002430,STPOLICY00020424,RISK00020424,2024/01/11,Cover Adjustment,Household,180.82,Western Cape,SIM-2002,,,,PolicyAdmin
STEND-00002431,STPOLICY00020438,RISK00020438,14/10/2022,Address Move,Commercial,"1,381,966.42",North West,SIM-8001,,,,EndorsementPortal
STEND-00002432,STPOLICY00020442,RISK00020442,2023/11/18,Cover Adjustment,Household,"82,393.37",KwaZulu-Natal,SIM-3101,,,,EndorsementPortal
STEND-00002433,STPOLICY00020461,RISK00020461,2025-09-16,Vehicle Update,Household,"ZAR 800,000.66",Gauteng,SIM-1001,,,,EndorsementPortal
STEND-00002434,STPOLICY00020465,RISK00020465,02-21-2022,Sum Insured Change,Household,"R 3,691,179.04",Free State,SIM-5001,,,,PolicyAdmin
STEND-00002435,STPOLICY00020470,RISK00020470,07-08-2024,Address Move,Commercial,"ZAR 1,731,388.79",Free State,SIM-5001,,,,EndorsementPortal
STEND-00002436,STPOLICY00020482,RISK00020482,08-07-2022,Address Move,Household,"3,569,483.09",Free State,SIM-5001,,,,AcquiredBook
STEND-00002437,STPOLICY00020492,RISK00020492,13/11/2022,Cover Adjustment,Commercial,"2.063.876,98",North West,SIM-8001,,,,PolicyAdmin
STEND-00002438,STPOLICY00020494,RISK00020494,04-12-2024,Endorsement,Motor,3246084.98,KwaZulu-Natal,SIM-3002,1997,SIM-REG-00020494,SIM-VIN-0000020494,EndorsementPortal
STEND-00002439,STPOLICY00020504,RISK00020504,2025/06/12,Cover Adjustment,Household,"R 1,826,165.16",Eastern Cape,SIM-4001,,,,AcquiredBook
STEND-00002440,STPOLICY00020518,RISK00020518,06-29-2023,Sum Insured Change,Commercial,"560.806,60",Eastern Cape,SIM-4001,,,,PolicyAdmin
STEND-00002441,STPOLICY00020522,RISK00020522,2023-11-06,Cover Adjustment,Motor,"R 2,534,948.24",Northern Cape,SIM-9001,2009,SIM-REG-00020522,SIM-VIN-0000020522,PolicyAdmin
STEND-00002442,STPOLICY00020523,RISK00020523,2023/06/19,Cover Adjustment,Motor,"3,996,594.52",Northern Cape,SIM-9001,2006,SIM-REG-00020523,SIM-VIN-0000020523,PolicyAdmin
STEND-00002443,STPOLICY00020538,RISK00020538,2023-09-02,Address Move,Motor,"1.849.211,36",Gauteng,SIM-1001,2003,SIM-REG-00020538,SIM-VIN-0000020538,AcquiredBook
STEND-00002444,STPOLICY00020574,RISK00020574,2024/02/27,Vehicle Update,Motor,57903.91,Limpopo,SIM-6001,2023,SIM-REG-00020574,SIM-VIN-0000020574,AcquiredBook
STEND-00002445,STPOLICY00020576,RISK00020576,2022-11-19,Endorsement,Commercial,"ZAR 32,488,844.50",Mpumalanga,SIM-7001,,,,AcquiredBook
STEND-00002446,STPOLICY00020608,RISK00020608,2023/01/08,Vehicle Update,Commercial,"R 2,619,811.72",Limpopo,SIM-6001,,,,AcquiredBook
STEND-00002447,STPOLICY00020609,RISK00020609,12-27-2022,Cover Adjustment,Motor,"1.800.263,53",North West,SIM-8001,2018,SIM-REG-00020609,SIM-VIN-0000020609,PolicyAdmin
STEND-00002448,STPOLICY00020614,RISK00020614,2023-01-01,Endorsement,Commercial,21502408.90,Free State,SIM-5001,,,,EndorsementPortal
STEND-00002449,STPOLICY00020625,RISK00020625,09/09/2022,Address Move,Household,"33.978,09",North West,SIM-8001,,,,AcquiredBook
STEND-00002450,STPOLICY00020625,RISK00020625,2022/10/27,Sum Insured Change,Household,"ZAR 32,506.51",North West,SIM-8001,,,,EndorsementPortal
STEND-00002451,STPOLICY00020636,RISK00020636,2022-11-19,Vehicle Update,Motor,"ZAR 167,259.70",KwaZulu-Natal,SIM-3002,2017,,SIM-VIN-0000020636,PolicyAdmin
STEND-00002452,STPOLICY00020640,RISK00020640,2023-04-15,Sum Insured Change,Household,"1.452.319,46",Free State,SIM-5001,,,,EndorsementPortal
STEND-00002453,STPOLICY00020645,RISK00020645,2024/02/24,Vehicle Update,Household,"R 2,347,070.64",Northern Cape,SIM-9001,,,,PolicyAdmin
STEND-00002454,STPOLICY00020648,RISK00020648,2022/08/02,Vehicle Update,Household,"R 156,474.15",KwaZulu-Natal,SIM-3101,,,,PolicyAdmin
STEND-00002455,STPOLICY00020648,RISK00020648,2022/09/21,Address Move,Household,"171,061.59",KwaZulu-Natal,SIM-3001,,,,EndorsementPortal
STEND-00002456,STPOLICY00020650,RISK00020650,05-27-2023,Sum Insured Change,Commercial,"23,824,240.85",Mpumalanga,SIM-7001,,,,PolicyAdmin
STEND-00002457,STPOLICY00020650,RISK00020650,07-30-2023,Address Move,Commercial,"17.457.455,53",Mpumalanga,SIM-7001,,,,AcquiredBook
STEND-00002458,STPOLICY00020652,RISK00020652,05-27-2023,Endorsement,Commercial,"10.638.893,47",North West,N/A,,,,EndorsementPortal
STEND-00002459,STPOLICY00020653,RISK00020653,01-15-2023,Cover Adjustment,Commercial,"26.766.497,27",Northern Cape,SIM-9001,,,,AcquiredBook
STEND-00002460,STPOLICY00020658,RISK00020658,2023/09/08,Endorsement,Motor,"R 1,366,351.95",N/A,SIM-4001,1993,SIM-REG-00020658,SIM-VIN-0000020658,AcquiredBook
STEND-00002461,STPOLICY00020659,RISK00020659,2023/10/30,Endorsement,Commercial,"R 3,907,131.90",Mpumalanga,SIM-7001,,,,PolicyAdmin
STEND-00002462,STPOLICY00020663,RISK00020663,2021-11-05,Vehicle Update,Commercial,763722.31,Eastern Cape,SIM-4001,,,,EndorsementPortal
STEND-00002463,STPOLICY00020663,RISK00020663,12-26-2021,Endorsement,Commercial,975481.02,Eastern Cape,SIM-4001,,,,PolicyAdmin
STEND-00002464,STPOLICY00020672,RISK00020672,2023/10/03,Address Move,MOTOR,"3,110,262.06",Free State,SIM-5001,1990,SIM-REG-00020672,SIM-VIN-0000020672,EndorsementPortal
STEND-00002465,STPOLICY00020679,RISK00020679,03/03/2024,Cover Adjustment,Commercial,"R 1,254,539.02",Free State,N/A,,,,EndorsementPortal
STEND-00002466,STPOLICY00020681,RISK00020681,2021/12/10,Vehicle Update,Household,"59.700,15",Western Cape,SIM-2001,,,,EndorsementPortal
STEND-00002467,STPOLICY00020693,RISK00020693,27/09/2025,Vehicle Update,Motor,"753.989,49",Gauteng,SIM-1001,1945,SIM-REG-00020693,SIM-VIN-0000020693,EndorsementPortal
STEND-00002468,STPOLICY00020707,RISK00020707,09/02/2023,Vehicle Update,Household,"1.297.050,64",Mpumalanga,SIM-7001,,,,EndorsementPortal
STEND-00002469,STPOLICY00020708,RISK00020708,2023-03-21,Cover Adjustment,Motor,"2.078.248,54",Mpumalanga,SIM-7001,1940,SIM-REG-00020708,SIM-VIN-0000020708,PolicyAdmin
STEND-00002470,STPOLICY00020710,RISK00020710,06-25-2023,Vehicle Update,Motor,215996.73,Mpumalanga,SIM-7001,2002,SIM-REG-00020710,SIM-VIN-0000020710,EndorsementPortal
STEND-00002471,STPOLICY00020711,RISK00020711,2024/03/02,Vehicle Update,Household,"R 2,493,872.28",Gauteng,SIM-1001,,,,EndorsementPortal
STEND-00002472,STPOLICY00020718,RISK00020718,2023/05/26,Vehicle Update,Household,158565.91,Eastern Cape,SIM-4001,,,,AcquiredBook
STEND-00002473,STPOLICY00020718,RISK00020718,2023-07-03,Cover Adjustment,Household,"R 204,662.35",Eastern Cape,SIM-4001,,,,AcquiredBook
STEND-00002474,STPOLICY00020721,RISK00020721,2024-19-42,Endorsement,Commercial,"ZAR 7,498,952.96",Mpumalanga,SIM-7001,,,,AcquiredBook
STEND-00002475,STPOLICY00020731,RISK00020731,04-20-2023,Endorsement,Motor,"115,686.22",Free State,SIM-5001,2000,SIM-REG-00020731,SIM-VIN-0000020731,PolicyAdmin
STEND-00002476,STPOLICY00020741,RISK00020741,2024-05-21,Sum Insured Change,Commercial,"25.869.122,09",North West,SIM-8001,,,,EndorsementPortal
STEND-00002477,STPOLICY00020765,RISK00020765,07-23-2022,Address Move,Household,"490,490.25",Free State,SIM-5001,,,,PolicyAdmin
STEND-00002478,STPOLICY00020765,RISK00020765,2022/09/14,Address Move,Household,"461.248,69",Free State,SIM-5001,,,,EndorsementPortal
STEND-00002479,MISSING-414452,RISK00020776,08/08/2023,Sum Insured Change,Motor,"ZAR 1,266,685.17",KwaZulu-Natal,SIM-3002,2017,SIM-REG-00020776,SIM-VIN-0000020776,PolicyAdmin
STEND-00002480,STPOLICY00020781,RISK00020781,10/08/2025,Sum Insured Change,Household,"4.740.168,46",Gauteng,SIM-1001,,,,EndorsementPortal
STEND-00002481,STPOLICY00020785,RISK00020785,2023/01/07,Sum Insured Change,Household,"ZAR 1,473,940.69",Mpumalanga,SIM-7001,,,,EndorsementPortal
STEND-00002482,STPOLICY00020792,RISK00020792,2024/05/18,Cover Adjustment,Motor,"1.324.262,24",Limpopo,SIM-6001,2020,SIM-REG-00020792,SIM-VIN-0000020792,PolicyAdmin
STEND-00002483,STPOLICY00020797,RISK00020797,25/11/2023,Sum Insured Change,Motor,"ZAR 246,559.63",Eastern Cape,SIM-4001,2017,SIM-REG-00020797,SIM-VIN-0000020797,EndorsementPortal
STEND-00002484,STPOLICY00020798,RISK00020798,14/06/2024,Vehicle Update,Household,"3.921.504,72",North West,SIM-8001,,,,EndorsementPortal
STEND-00002485,STPOLICY00020807,RISK00020807,2022-10-18,Cover Adjustment,Commercial,"27.910.098,95",Western Cape,SIM-2002,,,,AcquiredBook
STEND-00002486,STPOLICY00020819,RISK00020819,2024/04/30,Cover Adjustment,Commercial,"1,147,336.78",Northern Cape,SIM-9001,,,,EndorsementPortal
STEND-00002487,STPOLICY00020822,RISK00020822,19/07/2024,Address Move,Motor,"3.334.925,74",Western Cape,SIM-2002,1992,SIM-REG-00020822,SIM-VIN-0000020822,PolicyAdmin
STEND-00002488,STPOLICY00020839,RISK00020839,06-28-2023,Endorsement,Household,"1,888,183.32",Gauteng,SIM-1002,,,,AcquiredBook
STEND-00002489,STPOLICY00020840,RISK00020840,2024/08/12,Sum Insured Change,Motor,"ZAR 1,394,184.72",Eastern Cape,SIM-4001,2004,SIM-REG-00020840,SIM-VIN-0000020840,EndorsementPortal
STEND-00002490,STPOLICY00020856,RISK00020856,2023-02-06,Cover Adjustment,Motor,1064489.47,Western Cape,SIM-2101,2016,SIM-REG-00020856,SIM-VIN-0000020856,AcquiredBook
STEND-00002491,STPOLICY00020858,RISK00020858,08-02-2023,Address Move,Motor,203938.84,North West,SIM-8001,2016,SIM-REG-00020858,SIM-VIN-0000020858,PolicyAdmin
STEND-00002492,STPOLICY00020884,RISK00020884,2023-01-14,Cover Adjustment,Household,2102894.74,Limpopo,SIM-6001,,,,EndorsementPortal
STEND-00002493,STPOLICY00020884,RISK00020884,03-24-2023,Vehicle Update,Household,"2,297,280.59",Limpopo,SIM-6001,,,,AcquiredBook
STEND-00002494,STPOLICY00020889,RISK00020889,2022-09-09,Vehicle Update,Household,"R 530,425.06",Gauteng,SIM-1003,,,,AcquiredBook
STEND-00002495,STPOLICY00020892,RISK00020892,2024-06-21,Endorsement,Commercial,"36,353,496.92",Northern Cape,SIM-9001,,,,EndorsementPortal
STEND-00002496,STPOLICY00020909,RISK00020909,06-24-2024,Cover Adjustment,Motor,"ZAR 3,450,161.94",KwaZulu-Natal,SIM-3101,2010,SIM-REG-00020909,SIM-VIN-0000020909,AcquiredBook
STEND-00002497,STPOLICY00020910,RISK00020910,28/07/2023,Sum Insured Change,Motor,"1,356,374.02",Eastern Cape,SIM-4001,2006,SIM-REG-00020910,SIM-VIN-0000020910,PolicyAdmin
STEND-00002498,STPOLICY00020910,RISK00020910,09-29-2023,Sum Insured Change,Motor,"ZAR 1,581,500.08",Eastern Cape,SIM-4001,2006,SIM-REG-00020910,SIM-VIN-0000020910,EndorsementPortal
STEND-00002499,STPOLICY00020950,RISK00020950,03-20-2023,Address Move,Household,"2.285.030,13",North West,SIM-8001,,,,EndorsementPortal
STEND-00002500,STPOLICY00020956,RISK00020956,22/07/2023,Address Move,Motor,"2,604,827.40",KwaZulu-Natal,SIM-3002,1990,SIM-REG-00020956,SIM-VIN-0000020956,EndorsementPortal
STEND-00002501,STPOLICY00020961,RISK00020961,09-30-2022,Endorsement,Commercial,"R 1,286,011.72",Limpopo,SIM-6001,,,,AcquiredBook
STEND-00002502,STPOLICY00020961,RISK00020961,2022-12-09,Endorsement,Commercial,"R 1,156,773.98",Limpopo,SIM-6001,,,,EndorsementPortal
STEND-00002503,STPOLICY00020963,RISK00020963,13/10/2021,Sum Insured Change,Household,"R 743,752.48",KwaZulu-Natal,SIM-3001,,,,EndorsementPortal
STEND-00002504,STPOLICY00020984,RISK00020984,11-27-2021,Endorsement,Household,"1.172.011,81",Free State,SIM-5001,,,,PolicyAdmin
STEND-00002505,STPOLICY00020987,RISK00020987,20/11/2024,Endorsement,Commercial,"22,813,418.74",Limpopo,SIM-6001,,,,AcquiredBook
STEND-00002506,STPOLICY00020989,RISK00020989,2022-08-28,Cover Adjustment,Motor,"2,211,133.71",Western Cape,SIM-2001,2010,SIM-REG-00020989,SIM-VIN-0000020989,PolicyAdmin
STEND-00002507,STPOLICY00021010,RISK00021010,2025-12-09,Address Move,Motor,"376,432.47",Free State,SIM-5001,2020,SIM-REG-00021010,SIM-VIN-0000021010,PolicyAdmin
STEND-00002508,STPOLICY00021027,RISK00021027,19/12/2022,Endorsement,Commercial,"2,310,072.15",Eastern Cape,SIM-4001,,,,AcquiredBook
STEND-00002509,STPOLICY00021031,RISK00021031,07-06-2022,Cover Adjustment,Motor,"1,854,654.25",,SIM-1002,1993,SIM-REG-00021031,SIM-VIN-0000021031,AcquiredBook
STEND-00002510,STPOLICY00021065,RISK00021065,2024-08-10,Endorsement,Commercial,"1.909.607,17",Limpopo,SIM-6001,,,,AcquiredBook
STEND-00002511,STPOLICY00021067,RISK00021067,2024/02/13,Sum Insured Change,Commercial,"ZAR 10,543,490.21",Mpumalanga,SIM-7001,,,,EndorsementPortal
STEND-00002512,STPOLICY00021102,RISK00021102,2022/10/25,Vehicle Update,Commercial,"3.067.629,24",Limpopo,SIM-6001,,,,EndorsementPortal
STEND-00002513,STPOLICY00021105,RISK00021105,2022/08/04,Address Move,Commercial,"ZAR 28,949,802.43",Free State,SIM-5001,,,,PolicyAdmin
STEND-00002514,STPOLICY00021107,RISK00021107,04-18-2025,Vehicle Update,Motor,"R 1,082,987.77",Mpumalanga,SIM-7001,1996,SIM-REG-00021107,SIM-VIN-0000021107,EndorsementPortal
STEND-00002515,STPOLICY00021113,RISK00021113,2022/09/15,Sum Insured Change,Motor,"1,313,924.11",Free State,,2020,SIM-REG-00021113,SIM-VIN-0000021113,AcquiredBook
STEND-00002516,STPOLICY00021121,RISK00021121,2022/09/02,Vehicle Update,Commercial,"659,897.65",North West,SIM-8001,,,,EndorsementPortal
STEND-00002517,STPOLICY00021124,RISK00021124,11-15-2022,Sum Insured Change,Commercial,21905282.01,Western Cape,SIM-2001,,,,AcquiredBook
STEND-00002518,STPOLICY00021126,RISK00021126,06-19-2022,Cover Adjustment,Commercial,"R 2,501,148.38",Free State,SIM-5001,,,,EndorsementPortal
STEND-00002519,STPOLICY00021162,RISK00021162,2023-11-23,Vehicle Update,Motor,2523738.43,Free State,SIM-5001,2014,SIM-REG-00021162,SIM-VIN-0000021162,AcquiredBook
STEND-00002520,STPOLICY00021164,RISK00021164,01-21-2023,Endorsement,Motor,126899.04,Western Cape,SIM-2001,2025,SIM-REG-00021164,SIM-VIN-0000021164,AcquiredBook
STEND-00002521,STPOLICY00021176,RISK00021176,07-19-2023,Vehicle Update,Motor,421786.21,Northern Cape,SIM-9001,1990,SIM-REG-00021176,SIM-VIN-0000021176,PolicyAdmin
STEND-00002522,STPOLICY00021176,RISK00021176,2023/08/21,Sum Insured Change,Motor,"586.229,15",Northern Cape,SIM-9001,1990,SIM-REG-00021176,SIM-VIN-0000021176,PolicyAdmin
STEND-00002523,STPOLICY00021178,RISK00021178,2022/08/10,Sum Insured Change,Commercial,13279372.83,Northern Cape,SIM-9001,,,,PolicyAdmin
STEND-00002524,STPOLICY00021188,RISK00021188,2022-04-13,Address Move,Motor,551850.50,Free State,SIM-5001,2013,SIM-REG-00021188,SIM-VIN-0000021188,EndorsementPortal
STEND-00002525,STPOLICY00021195,RISK00021195,06-08-2024,Endorsement,Household,"305,495.94",Western Cape,SIM-2001,,,,EndorsementPortal
STEND-00002526,STPOLICY00021201,RISK00021201,2022/11/19,Vehicle Update,Motor,"1,464,980.52",KwaZulu-Natal,SIM-3101,1990,SIM-REG-00021201,SIM-VIN-0000021201,PolicyAdmin
STEND-00002527,STPOLICY00021224,RISK00021224,17/11/2023,Vehicle Update,Motor,"ZAR 5,082,319.75",Mpumalanga,SIM-7001,2020,SIM-REG-00021224,SIM-VIN-0000021224,PolicyAdmin
STEND-00002528,STPOLICY00021231,RISK00021231,2021-08-29,Cover Adjustment,Motor,333531.02,Mpumalanga,SIM-7001,0,SIM-REG-00021231,SIM-VIN-0000021231,EndorsementPortal
STEND-00002529,STPOLICY00021243,RISK00021243,2024-05-18,Endorsement,Household,281254.48,Limpopo,SIM-6001,,,,AcquiredBook
STEND-00002530,STPOLICY00021246,RISK00021246,2023/11/11,Endorsement,Household,"4,021,983.93",Northern Cape,SIM-9001,,,,PolicyAdmin
STEND-00002531,STPOLICY00021250,RISK00021250,2024/02/21,Endorsement,Household,"ZAR 2,414,896.91",Mpumalanga,SIM-7001,,,,PolicyAdmin
STEND-00002532,STPOLICY00021255,RISK00021255,2023-11-14,Endorsement,Household,"ZAR 970,176.64",Gauteng,SIM-1003,,,,EndorsementPortal
STEND-00002533,STPOLICY00021257,RISK00021257,2024-01-02,Sum Insured Change,Motor,"3,014,717.36",Free State,SIM-5001,1996,SIM-REG-00021257,SIM-VIN-0000021257,AcquiredBook
STEND-00002534,STPOLICY00021269,RISK00021269,2022/09/26,Sum Insured Change,Motor,811139.82,Free State,SIM-5001,1992,SIM-REG-00021269,SIM-VIN-0000021269,PolicyAdmin
STEND-00002535,STPOLICY00021271,RISK00021271,12-15-2023,Vehicle Update,SME Commercial,"ZAR 2,019,137.91",Gauteng,SIM-1001,,,,EndorsementPortal
STEND-00002536,STPOLICY00021274,RISK00021274,01-12-2023,Vehicle Update,Commercial,"R 1,474,142.61",Free State,SIM-5001,,,,EndorsementPortal
STEND-00002537,STPOLICY00021285,RISK00021285,2024/02/07,Endorsement,Household,"ZAR 557,790.78",North West,SIM-8001,,,,PolicyAdmin
STEND-00002538,STPOLICY00021289,RISK00021289,2022/01/21,Address Move,Motor,"2.956.801,97",North West,SIM-8001,2016,SIM-REG-00021289,SIM-VIN-0000021289,EndorsementPortal
STEND-00002539,STPOLICY00021295,RISK00021295,10-22-2022,Endorsement,Household,"R 2,236,023.33",Gauteng,SIM-1002,,,,PolicyAdmin
STEND-00002540,STPOLICY00021303,RISK00021303,02-12-2024,Sum Insured Change,Commercial,2257291.25,Gauteng,SIM-1001,,,,EndorsementPortal
STEND-00002541,STPOLICY00021307,RISK00021307,05-20-2023,Vehicle Update,Commercial,"R 24,930,696.94",Free State,SIM-5001,,,,AcquiredBook
STEND-00002542,STPOLICY00021333,RISK00021333,09-23-2023,Cover Adjustment,Household,1183907.15,North West,SIM-8001,,,,AcquiredBook
STEND-00002543,STPOLICY00021339,RISK00021339,2023-11-04,Address Move,Commercial,"R 29,082,199.42",Gauteng,SIM-1002,,,,AcquiredBook
STEND-00002544,STPOLICY00021340,RISK00021340,2026/03/15,Sum Insured Change,Household,"2.779.383,81",North West,SIM-8001,,,,EndorsementPortal
STEND-00002545,STPOLICY00021340,RISK00021340,03/05/2026,Sum Insured Change,Household,"ZAR 2,745,510.27",,SIM-8001,,,,AcquiredBook
STEND-00002546,STPOLICY00021344,RISK00021344,2023/03/24,Sum Insured Change,Household,"R 296,515.98",Free State,SIM-5001,,,,AcquiredBook
STEND-00002547,STPOLICY00021351,RISK00021351,2024/02/17,Endorsement,Commercial,"ZAR 1,303,200.63",Eastern Cape,SIM-4001,,,,EndorsementPortal
STEND-00002548,STPOLICY00021368,RISK00021368,2022-09-09,Endorsement,Commercial,"20.828.588,39",Northern Cape,SIM-9001,,,,AcquiredBook
STEND-00002549,STPOLICY00021370,RISK00021370,2023/06/15,Address Move,Motor,"2.511.747,69",Gauteng,SIM-1001,2027,SIM-REG-00021370,SIM-VIN-0000021370,AcquiredBook
STEND-00002550,STPOLICY00021376,RISK00021376,06/03/2024,Vehicle Update,Household,"3.270.047,46",North West,SIM-8001,,,,AcquiredBook
STEND-00002551,STPOLICY00021393,RISK00021393,03/05/2022,Sum Insured Change,Motor,"2,686,902.91",North West,SIM-8001,2008,SIM-REG-00021393,SIM-VIN-0000021393,AcquiredBook
STEND-00002552,STPOLICY00021418,RISK00021418,2023-03-12,Address Move,Motor,"1.627.147,70",Western Cape,SIM-2002,2013,SIM-REG-00021418,SIM-VIN-0000021418,AcquiredBook
STEND-00002553,STPOLICY00021441,RISK00021441,2022-03-06,Sum Insured Change,Motor,"ZAR 1,780,724.08",Gauteng,SIM-1003,2008,SIM-REG-00021441,SIM-VIN-0000021441,EndorsementPortal
STEND-00002554,STPOLICY00021441,RISK00021441,2022/05/07,Endorsement,Motor,"2.787.714,63",Gauteng,SIM-1003,2008,SIM-REG-00021441,SIM-VIN-0000021441,EndorsementPortal
STEND-00002555,STPOLICY00021442,RISK00021442,01-16-2023,Sum Insured Change,Commercial,"16.301.256,69",Limpopo,SIM-6001,,,,EndorsementPortal
STEND-00002556,STPOLICY00021477,RISK00021477,04-16-2025,Address Move,Motor,"ZAR 1,278,533.97",Eastern Cape,SIM-4001,1993,SIM-REG-00021477,SIM-VIN-0000021477,EndorsementPortal
STEND-00002557,MISSING-514130,RISK00021482,25/01/2023,Sum Insured Change,Motor,"R 1,074,048.22",Northern Cape,SIM-9001,1992,SIM-REG-00021482,SIM-VIN-0000021482,PolicyAdmin
STEND-00002558,STPOLICY00021485,RISK00021485,20/08/2022,Vehicle Update,Motor,"ZAR 2,784,547.71",Free State,SIM-5001,2014,SIM-REG-00021485,SIM-VIN-0000021485,AcquiredBook
STEND-00002559,STPOLICY00021487,RISK00021487,2022/04/18,Address Move,Commercial,"ZAR 13,284,291.34",Eastern Cape,SIM-4001,,,,EndorsementPortal
STEND-00002560,STPOLICY00021490,RISK00021490,2025/10/15,Vehicle Update,MOTOR,"2.372.191,95",Mpumalanga,SIM-7001,2012,SIM-REG-00021490,SIM-VIN-0000021490,AcquiredBook
STEND-00002561,MISSING-861221,RISK00021508,2025/06/01,Sum Insured Change,Household,1880897.79,KwaZulu-Natal,SIM-3101,,,,AcquiredBook
STEND-00002562,MISSING-776376,RISK00021509,26/08/2023,Endorsement,Household,2707248.30,Northern Cape,SIM-9001,,,,EndorsementPortal
STEND-00002563,STPOLICY00021512,RISK00021512,2026/01/17,Sum Insured Change,Motor,"ZAR 2,704,186.89",Western Cape,SIM-2002,2005,SIM-REG-00021512,SIM-VIN-0000021512,EndorsementPortal
STEND-00002564,STPOLICY00021513,RISK00021513,2023-11-07,Endorsement,Household,"R 4,405,577.85",Northern Cape,SIM-9001,,,,PolicyAdmin
STEND-00002565,STPOLICY00021516,RISK00021516,2022-11-22,Address Move,Commercial,"ZAR 12,983,567.58",KwaZulu-Natal,SIM-3002,,,,PolicyAdmin
STEND-00002566,STPOLICY00021516,RISK00021516,10/02/2023,Address Move,Commercial,"R 13,872,582.29",KwaZulu-Natal,SIM-3002,,,,AcquiredBook
STEND-00002567,STPOLICY00021524,RISK00021524,25/07/2023,Endorsement,Household,337392.39,Gauteng,SIM-1001,,,,PolicyAdmin
STEND-00002568,STPOLICY00021536,RISK00021536,2022-08-09,Vehicle Update,Household,ZAR 402.36,Northern Cape,SIM-9001,,,,EndorsementPortal
STEND-00002569,STPOLICY00021547,RISK00021547,2022-05-26,Endorsement,Commercial,"12.520.181,65",Limpopo,SIM-6001,,,,PolicyAdmin
STEND-00002570,STPOLICY00021549,RISK00021549,2024/02/02,Address Move,Commercial,"ZAR 2,736,855.50",Northern Cape,SIM-9001,,,,PolicyAdmin
STEND-00002571,STPOLICY00021553,RISK00021553,07-11-2023,Endorsement,Household,"R 539,640.67",Mpumalanga,SIM-7001,,,,EndorsementPortal
STEND-00002572,STPOLICY00021554,RISK00021554,07/06/2022,Vehicle Update,Motor,"2,100,639.00",Eastern Cape,SIM-4001,1998,SIM-REG-00021554,SIM-VIN-0000021554,AcquiredBook
STEND-00002573,STPOLICY00021564,RISK00021564,01-09-2023,Endorsement,Motor,"4,098,670.09",Free State,SIM-5001,2002,SIM-REG-00021564,SIM-VIN-0000021564,EndorsementPortal
STEND-00002574,STPOLICY00021568,RISK00021568,12-04-2025,Cover Adjustment,Household,"2,678,278.01",Mpumalanga,SIM-7001,,,,EndorsementPortal
STEND-00002575,STPOLICY00021581,RISK00021581,2024-11-08,Vehicle Update,Motor,"1,841,404.98",Gauteng,SIM-1003,2028,SIM-REG-00021581,SIM-VIN-0000021581,EndorsementPortal
STEND-00002576,STPOLICY00021584,RISK00021584,04-02-2023,Cover Adjustment,Commercial,"20,631,324.42",Eastern Cape,SIM-4001,,,,PolicyAdmin
STEND-00002577,STPOLICY00021586,RISK00021586,2025/10/29,Address Move,Household,496.74,Gauteng,SIM-1001,,,,AcquiredBook
STEND-00002578,STPOLICY00021618,RISK00021618,2023-10-01,Cover Adjustment,Household,"ZAR 2,647,026.37",Gauteng,SIM-1001,,,,EndorsementPortal
STEND-00002579,STPOLICY00021625,RISK00021625,2021-09-12,Address Move,Household,"4.848.043,79",Limpopo,SIM-6001,,,,EndorsementPortal
STEND-00002580,STPOLICY00021625,RISK00021625,2021/11/30,Vehicle Update,Household,"ZAR 3,963,642.41",Limpopo,SIM-6001,,,,AcquiredBook
STEND-00002581,STPOLICY00021626,RISK00021626,2025/01/21,Sum Insured Change,Motor,"R 473,882.25",Western Cape,SIM-2001,2023,SIM-REG-00021626,SIM-VIN-0000021626,EndorsementPortal
STEND-00002582,STPOLICY00021630,RISK00021630,03-15-2024,Sum Insured Change,Household,"R 2,664,904.76",Limpopo,SIM-6001,,,,EndorsementPortal
STEND-00002583,STPOLICY00021640,RISK00021640,2023/10/13,Vehicle Update,Commercial,"R 18,998,554.77",Gauteng,SIM-1002,,,,AcquiredBook
STEND-00002584,STPOLICY00021646,RISK00021646,,Endorsement,Motor,"ZAR 2,999,498.97",Mpumalanga,SIM-7001,1999,SIM-REG-00021646,SIM-VIN-0000021646,EndorsementPortal
STEND-00002585,STPOLICY00021654,RISK00021654,01-22-2024,Address Move,Commercial,"ZAR 12,541,865.43",Western Cape,SIM-2101,,,,EndorsementPortal
STEND-00002586,STPOLICY00021663,RISK00021663,2025-05-20,Cover Adjustment,Household,1929009.69,Free State,SIM-5001,,,,EndorsementPortal
STEND-00002587,STPOLICY00021682,RISK00021682,12-31-2023,Sum Insured Change,Household,"R 671,070.59",KwaZulu-Natal,SIM-3002,,,,PolicyAdmin
STEND-00002588,STPOLICY00021691,RISK00021691,2023-05-11,Endorsement,Home Contents,"R 1,736,156.95",Free State,SIM-5001,,,,PolicyAdmin
STEND-00002589,STPOLICY00021695,RISK00021695,2024-02-16,Cover Adjustment,Household,"1,179,278.70",Northern Cape,SIM-9001,,,,EndorsementPortal
STEND-00002590,STPOLICY00021699,RISK00021699,06/06/2024,Endorsement,Motor,"ZAR 1,615,409.43",Eastern Cape,SIM-4001,1990,SIM-REG-00021699,SIM-VIN-0000021699,PolicyAdmin
STEND-00002591,STPOLICY00021716,RISK00021716,2023-01-03,Address Move,Commercial,24731593.16,Gauteng,SIM-1002,,,,PolicyAdmin
STEND-00002592,MISSING-109873,RISK00021723,2022/07/30,Address Move,Commercial,"586,594.11",Free State,SIM-5001,,,,EndorsementPortal
STEND-00002593,STPOLICY00021730,RISK00021730,2023-09-16,Endorsement,SME Commercial,"2,273,423.09",Limpopo,SIM-6001,,,,EndorsementPortal
STEND-00002594,STPOLICY00021735,RISK00021735,2025/07/16,Endorsement,Commercial,"35.452.651,03",North West,SIM-8001,,,,PolicyAdmin
STEND-00002595,STPOLICY00021744,RISK00021744,17/03/2023,Vehicle Update,Motor,"251.743,21",Mpumalanga,SIM-7001,2008,SIM-REG-00021744,SIM-VIN-0000021744,EndorsementPortal
STEND-00002596,STPOLICY00021747,RISK00021747,03-24-2023,Address Move,Household,675686.42,Eastern Cape,SIM-4001,,,,AcquiredBook
STEND-00002597,STPOLICY00021766,RISK00021766,06-12-2024,Sum Insured Change,Commercial,"7.562.479,17",North West,SIM-8001,,,,AcquiredBook
STEND-00002598,STPOLICY00021769,RISK00021769,15/07/2023,Sum Insured Change,Household,"2,532,101.34",Free State,SIM-5001,,,,EndorsementPortal
STEND-00002599,STPOLICY00021772,RISK00021772,2023/07/06,Address Move,Household,"R 2,607,135.30",Gauteng,SIM-1001,,,,PolicyAdmin
STEND-00002600,STPOLICY00021775,RISK00021775,05/10/2023,Sum Insured Change,Commercial,984583.27,Western Cape,SIM-2001,,,,PolicyAdmin
STEND-00002601,STPOLICY00021781,RISK00021781,20/08/2022,Vehicle Update,Motor,"ZAR 2,018,755.44",Northern Cape,SIM-9001,2013,SIM-REG-00021781,SIM-VIN-0000021781,EndorsementPortal
STEND-00002602,STPOLICY00021785,RISK00021785,2022-03-29,Address Move,Household,"R 2,398,950.92",KwaZulu-Natal,SIM-3101,,,,AcquiredBook
STEND-00002603,STPOLICY00021785,RISK00021785,2022/06/27,Sum Insured Change,Household,1711280.48,KwaZulu-Natal,SIM-3101,,,,PolicyAdmin
STEND-00002604,STPOLICY00021786,RISK00021786,11-03-2022,Endorsement,Motor,"ZAR 51,614.32",Western Cape,SIM-2001,1990,SIM-REG-00021786,SIM-VIN-0000021786,PolicyAdmin
STEND-00002605,STPOLICY00021790,RISK00021790,07/09/2021,Sum Insured Change,Motor,"R 2,303,543.64",Western Cape,SIM-2101,2003,SIM-REG-00021790,SIM-VIN-0000021790,EndorsementPortal
STEND-00002606,STPOLICY00021799,RISK00021799,27/08/2026,Address Move,Household,"1.213.039,69",KwaZulu-Natal,SIM-3101,,,,PolicyAdmin
STEND-00002607,STPOLICY00021809,RISK00021809,2026-12-08,Vehicle Update,Motor,"R 2,836,153.34",North West,SIM-8001,2013,SIM-REG-00021809,SIM-VIN-0000021809,PolicyAdmin
STEND-00002608,STPOLICY00021814,RISK00021814,17/02/2023,Sum Insured Change,Household,"ZAR 1,193,456.24",Mpumalanga,SIM-7001,,,,PolicyAdmin
STEND-00002609,STPOLICY00021818,RISK00021818,09-14-2022,Sum Insured Change,Household,"ZAR 337,611.30",Gauteng,SIM-1002,,,,PolicyAdmin
STEND-00002610,STPOLICY00021822,RISK00021822,2023/02/27,Cover Adjustment,Commercial,"ZAR 3,300,041.11",Limpopo,SIM-6001,,,,EndorsementPortal
STEND-00002611,STPOLICY00021858,RISK00021858,07-05-2023,Cover Adjustment,Household,"ZAR 2,223,197.17",North West,SIM-8001,,,,PolicyAdmin
STEND-00002612,STPOLICY00021859,RISK00021859,2022/06/30,Sum Insured Change,Motor,"R 2,188,743.81",Western Cape,SIM-2101,0,SIM-REG-00021859,SIM-VIN-0000021859,EndorsementPortal
STEND-00002613,STPOLICY00021861,RISK00021861,2023/10/18,Sum Insured Change,Commercial,"25,604,156.48",Northern Cape,SIM-9001,,,,PolicyAdmin
STEND-00002614,STPOLICY00021869,RISK00021869,21/11/2022,Endorsement,Motor,"R 3,488,183.92",Northern Cape,SIM-9001,2025,SIM-REG-00021869,SIM-VIN-0000021869,EndorsementPortal
STEND-00002615,STPOLICY00021870,RISK00021870,2023/10/05,Sum Insured Change,Household,"ZAR 3,068,261.56",Western Cape,SIM-2001,,,,EndorsementPortal
STEND-00002616,STPOLICY00021875,RISK00021875,2023-10-21,Vehicle Update,Commercial,1841519.34,North West,SIM-8001,,,,EndorsementPortal
STEND-00002617,STPOLICY00021875,RISK00021875,08/12/2023,Sum Insured Change,Commercial,"2.070.203,27",North West,SIM-8001,,,,AcquiredBook
STEND-00002618,STPOLICY00021880,RISK00021880,2022/12/06,Cover Adjustment,Commercial,4719250.48,Eastern Cape,SIM-4001,,,,PolicyAdmin
STEND-00002619,STPOLICY00021898,RISK00021898,01-15-2023,Address Move,Motor,"ZAR 606,775.49",Mpumalanga,SIM-7001,2025,SIM-REG-00021898,SIM-VIN-0000021898,AcquiredBook
STEND-00002620,STPOLICY00021899,RISK00021899,04-09-2022,Sum Insured Change,Motor,"ZAR 227,573.27",Limpopo,SIM-6001,2003,SIM-REG-00021899,SIM-VIN-0000021899,AcquiredBook
STEND-00002621,STPOLICY00021902,RISK00021902,2022-10-21,Endorsement,Commercial,21139727.86,Free State,SIM-5001,,,,PolicyAdmin
STEND-00002622,STPOLICY00021908,RISK00021908,13/02/2024,Address Move,Motor,"ZAR 1,323,664.38",Northern Cape,SIM-9001,1996,SIM-REG-00021908,SIM-VIN-0000021908,AcquiredBook
STEND-00002623,STPOLICY00021912,RISK00021912,2023/04/11,Cover Adjustment,Commercial,24414073.37,NULL,SIM-4001,,,,AcquiredBook
STEND-00002624,STPOLICY00021928,RISK00021928,2023-10-31,Endorsement,Commercial,21287131.03,NULL,SIM-4001,,,,EndorsementPortal
STEND-00002625,STPOLICY00021928,RISK00021928,09/12/2023,Address Move,Commercial,23306018.56,Eastern Cape,SIM-4001,,,,AcquiredBook
STEND-00002626,STPOLICY00021931,RISK00021931,12-18-2023,Sum Insured Change,Commercial,"610.186,04",Western Cape,SIM-2002,,,,EndorsementPortal
STEND-00002627,STPOLICY00021931,RISK00021931,2024/01/24,Vehicle Update,Commercial,"R 666,729.09",Western Cape,SIM-2001,,,,PolicyAdmin
STEND-00002628,STPOLICY00021934,RISK00021934,2022/05/21,Address Move,Commercial,"630.843,19",Mpumalanga,SIM-7001,,,,EndorsementPortal
STEND-00002629,STPOLICY00021934,RISK00021934,06-23-2022,Vehicle Update,Commercial,"R 812,831.89",Mpumalanga,SIM-7001,,,,EndorsementPortal
STEND-00002630,STPOLICY00021936,RISK00021936,2023/10/12,Address Move,Motor,"3,290,702.43",North West,SIM-8001,2024,SIM-REG-00021936,SIM-VIN-0000021936,EndorsementPortal
STEND-00002631,STPOLICY00021942,RISK00021942,09-22-2022,Cover Adjustment,Motor,"520.443,97",Limpopo,SIM-6001,2035,SIM-REG-00021942,SIM-VIN-0000021942,PolicyAdmin
STEND-00002632,STPOLICY00021951,RISK00021951,2022-10-18,Sum Insured Change,Commercial,"1,690,093.61",Eastern Cape,SIM-4001,,,,EndorsementPortal
STEND-00002633,STPOLICY00021963,RISK00021963,10-29-2024,Vehicle Update,Commercial,"19.782.820,81",Mpumalanga,SIM-7001,,,,AcquiredBook
STEND-00002634,STPOLICY00021968,RISK00021968,2022/07/11,Address Move,Commercial,"ZAR 21,880,941.73",Gauteng,SIM-1002,,,,AcquiredBook
STEND-00002635,STPOLICY00021978,RISK00021978,2022/10/17,Address Move,Household,"3.426.491,22",Eastern Cape,SIM-4001,,,,EndorsementPortal
STEND-00002636,STPOLICY00021978,RISK00021978,2022-11-17,Cover Adjustment,Household,"2.802.343,20",Eastern Cape,SIM-4001,,,,EndorsementPortal
STEND-00002637,STPOLICY00021990,RISK00021990,17/07/2023,Sum Insured Change,Household,"ZAR 782,884.51",North West,SIM-8001,,,,PolicyAdmin
STEND-00002638,STPOLICY00022000,RISK00022000,2025-11-27,Cover Adjustment,Motor,"3,001,567.31",Eastern Cape,SIM-4001,1996,SIM-REG-00022000,SIM-VIN-0000022000,PolicyAdmin
STEND-00002639,STPOLICY00022028,RISK00022028,2023-02-10,Endorsement,Household,756862.75,Northern Cape,,,,,EndorsementPortal
STEND-00002640,STPOLICY00022043,RISK00022043,2023/01/08,Endorsement,Household,"1,690,418.24",North West,SIM-8001,,,,AcquiredBook
STEND-00002641,STPOLICY00022043,RISK00022043,2023/02/27,Sum Insured Change,Household,1292329.92,North West,SIM-8001,,,,PolicyAdmin
STEND-00002642,STPOLICY00022064,RISK00022064,2023/12/29,Address Move,Commercial,"1,807,152.27",Eastern Cape,SIM-4001,,,,AcquiredBook
STEND-00002643,STPOLICY00022077,RISK00022077,2024/07/10,Address Move,Household,1429451.31,KwaZulu-Natal,SIM-3101,,,,AcquiredBook
STEND-00002644,STPOLICY00022077,RISK00022077,04/09/2024,Sum Insured Change,Household,"ZAR 1,754,836.36",N/A,SIM-3001,,,,PolicyAdmin
STEND-00002645,STPOLICY00022078,RISK00022078,01-14-2023,Sum Insured Change,Motor,"227.143,30",KwaZulu-Natal,SIM-3001,2019,SIM-REG-00022078,SIM-VIN-0000022078,EndorsementPortal
STEND-00002646,STPOLICY00022079,RISK00022079,2024/05/16,Endorsement,Motor,111975.64,Western Cape,SIM-2002,2003,SIM-REG-00022079,SIM-VIN-0000022079,EndorsementPortal
STEND-00002647,STPOLICY00022083,RISK00022083,02-14-2024,Sum Insured Change,Motor,"2,709,710.65",Gauteng,SIM-1003,2003,SIM-REG-00022083,SIM-VIN-0000022083,PolicyAdmin
STEND-00002648,STPOLICY00022108,RISK00022108,2024-10-23,Vehicle Update,Household,"3,227,986.60",Western Cape,SIM-2002,,,,EndorsementPortal
STEND-00002649,STPOLICY00022138,RISK00022138,2024-06-13,Vehicle Update,Commercial,"11.559.622,63",KwaZulu-Natal,SIM-3001,,,,PolicyAdmin
STEND-00002650,STPOLICY00022154,RISK00022154,2024/02/27,Address Move,MOTOR,2377141.48,North West,SIM-8001,2004,SIM-REG-00022154,SIM-VIN-0000022154,EndorsementPortal
STEND-00002651,STPOLICY00022159,RISK00022159,2022-10-28,Cover Adjustment,Household,2216803.45,Northern Cape,SIM-9001,,,,AcquiredBook
STEND-00002652,STPOLICY00022166,RISK00022166,10-05-2022,Endorsement,Motor,"ZAR 4,603,340.90",Free State,SIM-5001,1999,SIM-REG-00022166,SIM-VIN-0000022166,AcquiredBook
STEND-00002653,STPOLICY00022177,RISK00022177,29/01/2024,Sum Insured Change,Motor,"ZAR 309,476.67",North West,,2016,SIM-REG-00022177,SIM-VIN-0000022177,EndorsementPortal
STEND-00002654,STPOLICY00022188,RISK00022188,06-03-2023,Sum Insured Change,Motor,"ZAR 2,305,537.11",Gauteng,SIM-1003,2008,SIM-REG-00022188,SIM-VIN-0000022188,AcquiredBook
STEND-00002655,STPOLICY00022189,RISK00022189,2025/06/12,Endorsement,Household,150253.25,Gauteng,SIM-1001,,,,AcquiredBook
STEND-00002656,STPOLICY00022190,RISK00022190,16/10/2023,Sum Insured Change,Household,"941,088.08",Mpumalanga,SIM-7001,,,,PolicyAdmin
STEND-00002657,STPOLICY00022204,RISK00022204,2024/08/06,Sum Insured Change,Household,69582.31,Free State,SIM-5001,,,,EndorsementPortal
STEND-00002658,STPOLICY00022221,RISK00022221,2024/06/28,Sum Insured Change,Motor,"R 2,861,576.23",Eastern Cape,SIM-4001,2008,SIM-REG-00022221,SIM-VIN-0000022221,EndorsementPortal
STEND-00002659,STPOLICY00022236,RISK00022236,03-06-2023,Endorsement,Commercial,"13.734.593,57",Eastern Cape,SIM-4001,,,,PolicyAdmin
STEND-00002660,MISSING-642361,RISK00022262,2024-07-18,Sum Insured Change,Motor,"R 2,338,964.63",Limpopo,SIM-6001,1993,SIM-REG-00022262,SIM-VIN-0000022262,AcquiredBook
STEND-00002661,STPOLICY00022267,RISK00022267,10-25-2024,Vehicle Update,Commercial,"ZAR 1,997,942.40",Eastern Cape,SIM-4001,,,,PolicyAdmin
STEND-00002662,STPOLICY00022274,RISK00022274,2024/05/20,Sum Insured Change,Motor,"R 3,158,926.71",Mpumalanga,SIM-7001,2028,SIM-REG-00022274,SIM-VIN-0000022274,EndorsementPortal
STEND-00002663,STPOLICY00022288,RISK00022288,2023-02-26,Cover Adjustment,Household,"2,142,870.21",KwaZulu-Natal,SIM-3101,,,,EndorsementPortal
STEND-00002664,STPOLICY00022290,RISK00022290,07-17-2023,Cover Adjustment,SME Commercial,"252,402.33",North West,SIM-8001,,,,EndorsementPortal
STEND-00002665,STPOLICY00022311,RISK00022311,11/12/2023,Vehicle Update,Motor,"1,183,228.22",Northern Cape,SIM-9001,2011,SIM-REG-00022311,SIM-VIN-0000022311,EndorsementPortal
STEND-00002666,STPOLICY00022314,RISK00022314,2022-08-02,Endorsement,Commercial,21741615.87,North West,SIM-8001,,,,EndorsementPortal
STEND-00002667,STPOLICY00022314,RISK00022314,25/09/2022,Endorsement,Commercial,"ZAR 21,322,545.58",North West,SIM-8001,,,,EndorsementPortal
STEND-00002668,STPOLICY00022315,RISK00022315,24/02/2024,Cover Adjustment,Motor,1341959.68,Free State,SIM-5001,1992,SIM-REG-00022315,SIM-VIN-0000022315,PolicyAdmin
STEND-00002669,STPOLICY00022319,RISK00022319,2024-06-25,Vehicle Update,Household,"60,973.82",Northern Cape,SIM-9001,,,,AcquiredBook
STEND-00002670,STPOLICY00022325,RISK00022325,22/07/2022,Sum Insured Change,Motor,"1,591,271.37",Gauteng,SIM-1001,2003,SIM-REG-00022325,SIM-VIN-0000022325,AcquiredBook
STEND-00002671,STPOLICY00022336,RISK00022336,2023-11-09,Vehicle Update,Motor,"R 3,128,984.35",Limpopo,SIM-6001,2004,SIM-REG-00022336,SIM-VIN-0000022336,PolicyAdmin
STEND-00002672,STPOLICY00022343,RISK00022343,2022/07/06,Endorsement,Motor,"1.943.024,53",KwaZulu-Natal,SIM-3001,2023,SIM-REG-00022343,SIM-VIN-0000022343,AcquiredBook
STEND-00002673,STPOLICY00022355,RISK00022355,2024-03-15,Vehicle Update,Commercial,2389225.66,Northern Cape,SIM-9001,,,,AcquiredBook
STEND-00002674,STPOLICY00022356,RISK00022356,03-29-2023,Vehicle Update,Commercial,"ZAR 36,627,489.49",Western Cape,SIM-2001,,,,AcquiredBook
STEND-00002675,STPOLICY00022359,RISK00022359,2024/08/29,Cover Adjustment,Household,"R 3,014,205.97",Gauteng,SIM-1001,,,,PolicyAdmin
STEND-00002676,STPOLICY00022365,RISK00022365,2023-03-12,Cover Adjustment,Household,"ZAR 1,762,689.15",Limpopo,SIM-6001,,,,PolicyAdmin
STEND-00002677,STPOLICY00022375,RISK00022375,2023-11-18,Address Move,Household,"R 1,604,129.35",Gauteng,SIM-1003,,,,PolicyAdmin
STEND-00002678,STPOLICY00022375,RISK00022375,27/12/2023,Vehicle Update,Household,"1.468.460,68",Gauteng,SIM-1003,,,,PolicyAdmin
STEND-00002679,STPOLICY00022381,RISK00022381,24/10/2022,Sum Insured Change,Commercial,"22.076.729,71",Western Cape,SIM-2001,,,,AcquiredBook
STEND-00002680,STPOLICY00022383,RISK00022383,2025/04/27,Sum Insured Change,Household,"263.606,30",Eastern Cape,SIM-4001,,,,AcquiredBook
STEND-00002681,STPOLICY00022391,RISK00022391,2023-10-01,Vehicle Update,Household,"R 2,920,151.02",Mpumalanga,SIM-7001,,,,AcquiredBook
STEND-00002682,STPOLICY00022394,RISK00022394,11/03/2024,Address Move,Motor,3354683.62,KwaZulu-Natal,SIM-3002,2000,SIM-REG-00022394,SIM-VIN-0000022394,EndorsementPortal
STEND-00002683,STPOLICY00022416,RISK00022416,10-01-2022,Sum Insured Change,Motor,"3.118.951,58",Eastern Cape,SIM-4001,1994,SIM-REG-00022416,SIM-VIN-0000022416,PolicyAdmin
STEND-00002684,STPOLICY00022438,RISK00022438,20/09/2022,Cover Adjustment,Household,R 598.28,KwaZulu-Natal,SIM-3002,,,,PolicyAdmin
STEND-00002685,STPOLICY00022459,RISK00022459,18/08/2023,Endorsement,Commercial,"R 723,087.69",Free State,SIM-5001,,,,PolicyAdmin
STEND-00002686,STPOLICY00022485,RISK00022485,2022/12/28,Vehicle Update,Motor,not recorded,Northern Cape,SIM-9001,2019,SIM-REG-00022485,SIM-VIN-0000022485,EndorsementPortal
STEND-00002687,STPOLICY00022493,RISK00022493,04-16-2023,Endorsement,Motor,"2.878.553,66",Mpumalanga,SIM-7001,1998,SIM-REG-00022493,SIM-VIN-0000022493,EndorsementPortal
STEND-00002688,STPOLICY00022502,RISK00022502,05-17-2023,Vehicle Update,Household,739710.96,Mpumalanga,SIM-7001,,,,PolicyAdmin
STEND-00002689,STPOLICY00022504,RISK00022504,13/02/2024,Cover Adjustment,Motor,"R 1,390,288.33",Mpumalanga,SIM-7001,2005,SIM-REG-00022504,SIM-VIN-0000022504,PolicyAdmin
STEND-00002690,STPOLICY00022511,RISK00022511,11-28-2022,Endorsement,Motor,"959.346,69",Gauteng,SIM-1001,2007,,SIM-VIN-0000022511,AcquiredBook
STEND-00002691,STPOLICY00022520,RISK00022520,2023-06-05,Vehicle Update,Household,2943365.32,Western Cape,SIM-2001,,,,PolicyAdmin
STEND-00002692,STPOLICY00022526,RISK00022526,10/07/2022,Cover Adjustment,Household,"596.659,18",Mpumalanga,SIM-7001,,,,EndorsementPortal
STEND-00002693,STPOLICY00022529,RISK00022529,2023-12-26,Sum Insured Change,Motor,"853.979,43",Gauteng,SIM-1003,1991,,SIM-VIN-0000022529,AcquiredBook
STEND-00002694,STPOLICY00022539,RISK00022539,2024-08-11,Address Move,Commercial,"ZAR 29,026,405.13",Eastern Cape,SIM-4001,,,,PolicyAdmin
STEND-00002695,STPOLICY00022540,RISK00022540,11-30-2022,Cover Adjustment,Commercial,30315791.72,Western Cape,SIM-2001,,,,PolicyAdmin
STEND-00002696,STPOLICY00022541,RISK00022541,2023/07/20,Cover Adjustment,Motor,"1,118,135.80",KwaZulu-Natal,SIM-3001,2007,SIM-REG-00022541,SIM-VIN-0000022541,PolicyAdmin
STEND-00002697,STPOLICY00022557,RISK00022557,not-a-date,Cover Adjustment,Household,"ZAR 2,060,491.98",Mpumalanga,N/A,,,,AcquiredBook
STEND-00002698,STPOLICY00022564,RISK00022564,2022/05/20,Endorsement,Motor,"1,894,062.50",Gauteng,SIM-1003,2003,SIM-REG-00022564,SIM-VIN-0000022564,PolicyAdmin
STEND-00002699,STPOLICY00022578,RISK00022578,2023/12/09,Vehicle Update,Commercial,"ZAR 14,326,461.98",Northern Cape,SIM-9001,,,,AcquiredBook
STEND-00002700,STPOLICY00022581,RISK00022581,01-28-2024,Cover Adjustment,Commercial,"ZAR 18,717,414.32",Gauteng,SIM-1002,,,,EndorsementPortal
STEND-00002701,STPOLICY00022581,RISK00022581,05/03/2024,Address Move,Commercial,"17.230.942,39",Gauteng,SIM-1001,,,,EndorsementPortal
STEND-00002702,STPOLICY00022583,RISK00022583,06-02-2024,Sum Insured Change,Motor,"3.690.439,94",Gauteng,SIM-1002,2023,SIM-REG-00022583,SIM-VIN-0000022583,PolicyAdmin
STEND-00002703,STPOLICY00022591,RISK00022591,2024/02/28,Endorsement,Commercial,"ZAR 31,342,462.49",North West,SIM-8001,,,,AcquiredBook
STEND-00002704,STPOLICY00022594,RISK00022594,08-10-2022,Sum Insured Change,Household,"2,984,867.83",KwaZulu-Natal,SIM-3101,,,,EndorsementPortal
STEND-00002705,STPOLICY00022603,RISK00022603,06-21-2022,Address Move,Commercial,"ZAR 17,953,575.29",KwaZulu-Natal,NULL,,,,EndorsementPortal
STEND-00002706,STPOLICY00022613,RISK00022613,03-27-2023,Sum Insured Change,Household,2846102.60,Free State,SIM-5001,,,,PolicyAdmin
STEND-00002707,STPOLICY00022619,RISK00022619,2022-03-23,Endorsement,Motor,"2,836,547.26",Northern Cape,SIM-9001,2013,SIM-REG-00022619,SIM-VIN-0000022619,AcquiredBook
STEND-00002708,STPOLICY00022633,RISK00022633,22/07/2025,Sum Insured Change,Commercial,"21.713.696,16",Northern Cape,SIM-9001,,,,EndorsementPortal
STEND-00002709,STPOLICY00022652,RISK00022652,23/04/2023,Endorsement,Commercial,12609206.38,KwaZulu-Natal,SIM-3002,,,,PolicyAdmin
STEND-00002710,STPOLICY00022676,RISK00022676,18/04/2024,Endorsement,Household,"3,277,283.50",Western Cape,SIM-2101,,,,AcquiredBook
STEND-00002711,STPOLICY00022686,RISK00022686,2023/11/24,Address Move,Commercial,325638.55,North West,SIM-8001,,,,EndorsementPortal
STEND-00002712,STPOLICY00022693,RISK00022693,2023/07/19,Vehicle Update,Commercial,"3,511,555.00",Gauteng,SIM-1003,,,,PolicyAdmin
STEND-00002713,STPOLICY00022700,RISK00022700,16/10/2022,Endorsement,Motor,,Northern Cape,SIM-9001,2000,SIM-REG-00022700,SIM-VIN-0000022700,AcquiredBook
STEND-00002714,STPOLICY00022707,RISK00022707,04-27-2023,Vehicle Update,Commercial,"R 3,908,109.14",North West,SIM-8001,,,,EndorsementPortal
STEND-00002715,STPOLICY00022709,RISK00022709,25/01/2023,Cover Adjustment,Commercial,"R 9,895,462.49",KwaZulu-Natal,SIM-3002,,,,PolicyAdmin
STEND-00002716,STPOLICY00022723,RISK00022723,05-16-2023,Sum Insured Change,Household,"ZAR 1,962,124.58",Northern Cape,SIM-9001,,,,EndorsementPortal
STEND-00002717,STPOLICY00022734,RISK00022734,18/03/2024,Endorsement,Household,"R 1,896,424.81",Eastern Cape,SIM-4001,,,,PolicyAdmin
STEND-00002718,STPOLICY00022744,RISK00022744,21/10/2023,Address Move,Commercial,26786476.87,Free State,SIM-5001,,,,PolicyAdmin
STEND-00002719,STPOLICY00022768,RISK00022768,2022-07-14,Vehicle Update,Motor,"R 4,578,150.79",Northern Cape,SIM-9001,2022,SIM-REG-00022768,SIM-VIN-0000022768,AcquiredBook
STEND-00002720,STPOLICY00022772,RISK00022772,21/07/2024,Endorsement,Commercial,ZAR -13.48,Gauteng,SIM-1003,,,,AcquiredBook
STEND-00002721,STPOLICY00022775,RISK00022775,12/02/2024,Address Move,Motor,"R 4,321,246.81",Northern Cape,SIM-9001,1998,SIM-REG-00022775,SIM-VIN-0000022775,AcquiredBook
STEND-00002722,STPOLICY00022777,RISK00022777,05-19-2022,Endorsement,Household,"ZAR 2,184,973.19",Mpumalanga,SIM-7001,,,,AcquiredBook
STEND-00002723,STPOLICY00022778,RISK00022778,2023/03/05,Address Move,Household,"1.012.832,60",Free State,SIM-5001,,,,AcquiredBook
STEND-00002724,STPOLICY00022779,RISK00022779,2022/11/29,Cover Adjustment,Motor,"1.850.674,85",Eastern Cape,SIM-4001,2011,SIM-REG-00022779,SIM-VIN-0000022779,PolicyAdmin
STEND-00002725,STPOLICY00022782,RISK00022782,2025-06-07,Endorsement,Motor,2246913.88,KwaZulu-Natal,SIM-3002,2019,SIM-REG-00022782,SIM-VIN-0000022782,AcquiredBook
STEND-00002726,STPOLICY00022784,RISK00022784,07-26-2023,Cover Adjustment,Motor,"1.637.297,46",Gauteng,SIM-1003,2001,SIM-REG-00022784,SIM-VIN-0000022784,EndorsementPortal
STEND-00002727,STPOLICY00022791,RISK00022791,2023-07-02,Cover Adjustment,Household,"R 1,413,536.56",North West,SIM-8001,,,,AcquiredBook
STEND-00002728,STPOLICY00022802,RISK00022802,06-12-2024,Address Move,Household,"R 412,839.55",KwaZulu-Natal,SIM-3001,,,,EndorsementPortal
STEND-00002729,STPOLICY00022804,RISK00022804,2023/11/08,Address Move,Commercial,467949.05,Free State,SIM-5001,,,,AcquiredBook
STEND-00002730,STPOLICY00022813,RISK00022813,04-26-2024,Endorsement,Commercial,"ZAR 29,938,399.96",Mpumalanga,SIM-7001,,,,AcquiredBook
STEND-00002731,STPOLICY00022818,RISK00022818,16/06/2022,Vehicle Update,Household,1849556.04,Western Cape,SIM-2101,,,,EndorsementPortal
STEND-00002732,STPOLICY00022831,RISK00022831,2022/08/31,Endorsement,Household,"ZAR 86,911.72",Western Cape,SIM-2001,,,,EndorsementPortal
STEND-00002733,STPOLICY00022833,RISK00022833,2024/06/16,Cover Adjustment,Commercial,"ZAR 1,111,424.45",Western Cape,SIM-2002,,,,PolicyAdmin
STEND-00002734,STPOLICY00022835,RISK00022835,09-21-2022,Endorsement,Commercial,"18.639.522,14",KwaZulu-Natal,SIM-3002,,,,EndorsementPortal
STEND-00002735,STPOLICY00022847,RISK00022847,2023-05-17,Endorsement,Motor,"1.004,31",Western Cape,SIM-2002,2008,SIM-REG-00022847,SIM-VIN-0000022847,AcquiredBook
STEND-00002736,STPOLICY00022847,RISK00022847,2023-08-10,Cover Adjustment,Motor,ZAR 789.77,Western Cape,SIM-2002,2008,SIM-REG-00022847,SIM-VIN-0000022847,PolicyAdmin
STEND-00002737,STPOLICY00022851,RISK00022851,2024-07-04,Vehicle Update,Household,"2.041.207,00",Limpopo,SIM-6001,,,,AcquiredBook
STEND-00002738,STPOLICY00022857,RISK00022857,07-05-2023,Sum Insured Change,Household,"R 2,499,889.55",KwaZulu-Natal,SIM-3002,,,,EndorsementPortal
STEND-00002739,STPOLICY00022866,RISK00022866,08/11/2023,Vehicle Update,Motor,"ZAR 2,240,953.24",Eastern Cape,SIM-4001,2014,SIM-REG-00022866,SIM-VIN-0000022866,EndorsementPortal
STEND-00002740,STPOLICY00022866,RISK00022866,2024-01-23,Cover Adjustment,Motor,2777016.92,Eastern Cape,SIM-4001,2014,SIM-REG-00022866,SIM-VIN-0000022866,PolicyAdmin
STEND-00002741,STPOLICY00022868,RISK00022868,2022-09-25,Endorsement,Motor,"R 2,557,804.52",Limpopo,SIM-6001,1991,SIM-REG-00022868,SIM-VIN-0000022868,EndorsementPortal
STEND-00002742,MISSING-203576,RISK00022875,2024/07/07,Endorsement,MOTOR,"3,911,122.58",KwaZulu-Natal,SIM-3101,2022,SIM-REG-00022875,SIM-VIN-0000022875,EndorsementPortal
STEND-00002743,STPOLICY00022897,RISK00022897,2023-12-29,Sum Insured Change,Motor,2291795.95,Northern Cape,SIM-9001,1999,SIM-REG-00022897,SIM-VIN-0000022897,PolicyAdmin
STEND-00002744,STPOLICY00022897,RISK00022897,2024/02/26,Endorsement,Motor,1700747.84,Northern Cape,SIM-9001,1999,SIM-REG-00022897,SIM-VIN-0000022897,PolicyAdmin
STEND-00002745,STPOLICY00022904,RISK00022904,2023/04/13,Cover Adjustment,Household,"2.671.906,58",Eastern Cape,SIM-4001,,,,AcquiredBook
STEND-00002746,STPOLICY00022909,RISK00022909,30/12/2021,Address Move,Commercial,15062411.09,North West,SIM-8001,,,,EndorsementPortal
STEND-00002747,STPOLICY00022929,RISK00022929,24/01/2024,Vehicle Update,Commercial,905906.67,Northern Cape,SIM-9001,,,,PolicyAdmin
STEND-00002748,STPOLICY00022929,RISK00022929,2024/03/22,Endorsement,Commercial,"1,090,072.49",Northern Cape,SIM-9001,,,,PolicyAdmin
STEND-00002749,STPOLICY00022934,RISK00022934,16/03/2025,Endorsement,Home Contents,ZAR 248.03,Gauteng,SIM-1001,,,,EndorsementPortal
STEND-00002750,STPOLICY00022942,RISK00022942,30/06/2023,Sum Insured Change,Commercial,3708495.60,,SIM-3101,,,,PolicyAdmin
STEND-00002751,STPOLICY00022967,RISK00022967,01-30-2026,Cover Adjustment,Commercial,"ZAR 27,563,889.64",Free State,SIM-5001,,,,AcquiredBook
STEND-00002752,STPOLICY00022982,RISK00022982,02/11/2024,Endorsement,Commercial,"ZAR 23,187,434.71",Free State,SIM-5001,,,,AcquiredBook
STEND-00002753,STPOLICY00022987,RISK00022987,2024-04-26,Vehicle Update,Household,"3,891,653.71",Eastern Cape,SIM-4001,,,,PolicyAdmin
STEND-00002754,MISSING-112660,RISK00022988,2024/03/15,Address Move,Commercial,1360811.23,Gauteng,SIM-1003,,,,PolicyAdmin
STEND-00002755,STPOLICY00022990,RISK00022990,02-05-2022,Endorsement,SME Commercial,"ZAR 367,707.68",Mpumalanga,SIM-7001,,,,EndorsementPortal
STEND-00002756,STPOLICY00023000,RISK00023000,31/05/2023,Address Move,Motor,"2,020,512.84",Limpopo,SIM-6001,2001,SIM-REG-00019822,SIM-VIN-0000023000,EndorsementPortal
STEND-00002757,STPOLICY00023005,RISK00023005,11/02/2023,Vehicle Update,Motor,3412505.99,Gauteng,SIM-1003,1993,SIM-REG-00023005,SIM-VIN-0000023005,EndorsementPortal
STEND-00002758,STPOLICY00023016,RISK00023016,2024-06-27,Sum Insured Change,Commercial,"24.827.464,15",Northern Cape,SIM-9001,,,,AcquiredBook
STEND-00002759,STPOLICY00023017,RISK00023017,2022-09-30,Endorsement,Motor,"1.971.735,80",Free State,SIM-5001,2023,SIM-REG-00023017,SIM-VIN-0000023017,EndorsementPortal
STEND-00002760,STPOLICY00023029,RISK00023029,2023/04/08,Cover Adjustment,Motor,3845017.17,Limpopo,SIM-6001,1997,SIM-REG-00023029,SIM-VIN-0000023029,EndorsementPortal
STEND-00002761,STPOLICY00023029,RISK00023029,2023-05-26,Endorsement,Motor,"4,741,968.30",Limpopo,SIM-6001,1997,SIM-REG-00023029,SIM-VIN-0000023029,AcquiredBook
STEND-00002762,STPOLICY00023033,RISK00023033,10-14-2023,Address Move,Motor,"ZAR 2,833,247.82",Limpopo,SIM-6001,2010,SIM-REG-00023033,SIM-VIN-0000023033,EndorsementPortal
STEND-00002763,STPOLICY00023039,RISK00023039,03/09/2022,Address Move,SME Commercial,"ZAR 3,478,486.23",KwaZulu-Natal,SIM-3001,,,,EndorsementPortal
STEND-00002764,STPOLICY00023043,RISK00023043,30/04/2023,Vehicle Update,Household,"1,343,477.23",Gauteng,SIM-1002,,,,PolicyAdmin
STEND-00002765,STPOLICY00023047,RISK00023047,2024/01/10,Vehicle Update,Motor,3286787.61,Northern Cape,SIM-9001,1998,SIM-REG-00023047,SIM-VIN-0000023047,EndorsementPortal
STEND-00002766,STPOLICY00023072,RISK00023072,23/05/2023,Cover Adjustment,Household,"899,591.93",Limpopo,SIM-6001,,,,AcquiredBook
STEND-00002767,STPOLICY00023100,RISK00023100,08/09/2023,Sum Insured Change,Motor,1697037.65,North West,SIM-8001,2000,SIM-REG-00023100,SIM-VIN-0000023100,PolicyAdmin
STEND-00002768,STPOLICY00023102,RISK00023102,2023-10-05,Cover Adjustment,Motor,1077989.30,Northern Cape,SIM-9001,2023,SIM-REG-00023102,SIM-VIN-0000023102,PolicyAdmin
STEND-00002769,STPOLICY00023110,RISK00023110,01-18-2023,Cover Adjustment,Household,"R 4,508,091.95",NULL,SIM-7001,,,,AcquiredBook
STEND-00002770,STPOLICY00023113,RISK00023113,28/07/2022,Sum Insured Change,Commercial,"R 14,814,952.81",North West,SIM-8001,,,,EndorsementPortal
STEND-00002771,STPOLICY00023116,RISK00023116,01-03-2023,Endorsement,Household,895601.48,Eastern Cape,SIM-4001,,,,EndorsementPortal
STEND-00002772,STPOLICY00023116,RISK00023116,27/02/2023,Sum Insured Change,Household,"ZAR 854,573.60",Eastern Cape,SIM-4001,,,,EndorsementPortal
STEND-00002773,STPOLICY00023127,RISK00023127,2024-02-27,Cover Adjustment,Commercial,"ZAR 14,715,455.21",Eastern Cape,SIM-4001,,,,EndorsementPortal
STEND-00002774,STPOLICY00023133,RISK00023133,17/12/2023,Cover Adjustment,Motor,"ZAR 2,058,548.51",Free State,SIM-5001,2020,SIM-REG-00023133,SIM-VIN-0000023133,PolicyAdmin
STEND-00002775,STPOLICY00023135,RISK00023135,18/03/2023,Sum Insured Change,Motor,"R 4,926,877.81",Limpopo,SIM-6001,2007,SIM-REG-00023135,SIM-VIN-0000023135,AcquiredBook
STEND-00002776,STPOLICY00023145,RISK00023145,2022/09/08,Vehicle Update,Commercial,"35,240,346.66",Northern Cape,SIM-9001,,,,EndorsementPortal
STEND-00002777,STPOLICY00023160,RISK00023160,02-21-2021,Cover Adjustment,Commercial,"ZAR 21,296,781.58",Free State,SIM-5001,,,,AcquiredBook
STEND-00002778,STPOLICY00023163,RISK00023163,2023/03/17,Endorsement,Motor,"R 326,215.60",Gauteng,SIM-1003,2009,SIM-REG-00023163,SIM-VIN-0000023163,EndorsementPortal
STEND-00002779,STPOLICY00023166,RISK00023166,2022-09-02,Endorsement,Motor,"R 2,097,717.79",KwaZulu-Natal,SIM-3002,1998,SIM-REG-00023166,SIM-VIN-0000023166,EndorsementPortal
STEND-00002780,STPOLICY00023171,RISK00023171,01/10/2021,Address Move,Motor,"104,677.28",Eastern Cape,SIM-4001,2014,SIM-REG-00023171,SIM-VIN-0000023171,EndorsementPortal
STEND-00002781,STPOLICY00023186,RISK00023186,2026-08-27,Vehicle Update,Motor,"2.901.389,38",Western Cape,SIM-2001,2010,SIM-REG-00023186,SIM-VIN-0000023186,PolicyAdmin
STEND-00002782,STPOLICY00023191,RISK00023191,2022/04/02,Address Move,Household,"R 994,431.81",Eastern Cape,SIM-4001,,,,EndorsementPortal
STEND-00002783,STPOLICY00023201,RISK00023201,15/04/2023,Endorsement,Commercial,"623.742,60",KwaZulu-Natal,SIM-3002,,,,AcquiredBook
STEND-00002784,STPOLICY00023219,RISK00023219,2022/07/17,Vehicle Update,Motor,"3,207,130.23",Western Cape,SIM-2001,2022,SIM-REG-00023219,SIM-VIN-0000023219,PolicyAdmin
STEND-00002785,STPOLICY00023234,RISK00023234,2024-04-29,Vehicle Update,Motor,"ZAR 85,184.81",KwaZulu-Natal,SIM-3002,2008,SIM-REG-00023234,SIM-VIN-0000023234,AcquiredBook
STEND-00002786,STPOLICY00023235,RISK00023235,2023-08-15,Address Move,Household,"2.022.990,38",Eastern Cape,SIM-4001,,,,EndorsementPortal
STEND-00002787,STPOLICY00023240,RISK00023240,2026-05-18,Sum Insured Change,Motor,"R 755,425.34",Mpumalanga,SIM-7001,2015,SIM-REG-00023240,SIM-VIN-0000023240,PolicyAdmin
STEND-00002788,STPOLICY00023245,RISK00023245,26/07/2022,Sum Insured Change,Household,"ZAR 1,148,326.50",Western Cape,SIM-2101,,,,PolicyAdmin
STEND-00002789,STPOLICY00023249,RISK00023249,14/06/2023,Address Move,Commercial,"5,524,263.30",Gauteng,SIM-1003,,,,EndorsementPortal
STEND-00002790,STPOLICY00023256,RISK00023256,21/01/2024,Address Move,Commercial,"ZAR 21,577,793.04",Western Cape,SIM-2001,,,,AcquiredBook
STEND-00002791,STPOLICY00023261,RISK00023261,2022-07-09,Cover Adjustment,Motor,"3.888.051,54",Free State,SIM-5001,0,SIM-REG-00023261,SIM-VIN-0000023261,EndorsementPortal
STEND-00002792,STPOLICY00023275,RISK00023275,11/10/2023,Endorsement,Household,"R 1,784,623.98",Mpumalanga,SIM-7001,,,,PolicyAdmin
STEND-00002793,STPOLICY00023280,RISK00023280,2021-12-22,Address Move,Household,"2.150.007,05",Mpumalanga,SIM-7001,,,,EndorsementPortal
STEND-00002794,STPOLICY00023289,RISK00023289,2022-08-11,Sum Insured Change,Motor,"ZAR 2,223,030.96",Gauteng,SIM-1002,2002,SIM-REG-00023289,SIM-VIN-0000023289,EndorsementPortal
STEND-00002795,STPOLICY00023295,RISK00023295,13/08/2025,Sum Insured Change,Commercial,22528241.90,Mpumalanga,SIM-7001,,,,AcquiredBook
STEND-00002796,STPOLICY00023312,RISK00023312,08-07-2025,Vehicle Update,Household,"R 313,984.90",Northern Cape,SIM-9001,,,,AcquiredBook
STEND-00002797,STPOLICY00023324,RISK00023324,16/01/2024,Address Move,Household,"368.903,24",Free State,SIM-5001,,,,AcquiredBook
STEND-00002798,STPOLICY00023327,RISK00023327,10-12-2022,Cover Adjustment,Commercial,"ZAR 9,603,746.45",Limpopo,SIM-6001,,,,EndorsementPortal
STEND-00002799,STPOLICY00023360,RISK00023360,2022/11/07,Endorsement,Motor,"3.924.807,74",Western Cape,SIM-2002,2005,SIM-REG-00023360,SIM-VIN-0000023360,AcquiredBook
STEND-00002800,STPOLICY00023360,RISK00023360,19/12/2022,Endorsement,Motor,"R 4,231,976.06",Western Cape,SIM-2002,2005,SIM-REG-00023360,SIM-VIN-0000023360,EndorsementPortal
STEND-00002801,STPOLICY00023368,RISK00023368,28/09/2023,Sum Insured Change,Commercial,"ZAR 34,300,200.32",Western Cape,SIM-2001,,,,PolicyAdmin
STEND-00002802,STPOLICY00023383,RISK00023383,01-27-2023,Endorsement,Commercial,"ZAR 88,361.74",Western Cape,SIM-2001,,,,EndorsementPortal
STEND-00002803,STPOLICY00023399,RISK00023399,2024-01-28,Cover Adjustment,Household,"2.373.907,15",Limpopo,SIM-6001,,,,AcquiredBook
STEND-00002804,STPOLICY00023402,RISK00023402,05/08/2022,Vehicle Update,Household,"86,289.01",North West,SIM-8001,,,,AcquiredBook
STEND-00002805,STPOLICY00023424,RISK00023424,2022-09-27,Address Move,Motor,"2.285.079,21",Western Cape,SIM-2101,1991,SIM-REG-00023424,SIM-VIN-0000023424,EndorsementPortal
STEND-00002806,STPOLICY00023433,RISK00023433,07-14-2024,Endorsement,Motor,2474901.81,KwaZulu-Natal,SIM-3001,1993,SIM-REG-00023433,SIM-VIN-0000023433,EndorsementPortal
STEND-00002807,STPOLICY00023434,RISK00023434,2026-01-12,Sum Insured Change,Motor,"3,853,165.25",Eastern Cape,SIM-4001,1995,SIM-REG-00023434,SIM-VIN-0000023434,PolicyAdmin
STEND-00002808,STPOLICY00023438,RISK00023438,2022-04-29,Endorsement,Commercial,22197573.85,Gauteng,SIM-1003,,,,EndorsementPortal
STEND-00002809,STPOLICY00023484,RISK00023484,03-11-2024,Sum Insured Change,Household,1698676.21,North West,SIM-8001,,,,PolicyAdmin
STEND-00002810,STPOLICY00023487,RISK00023487,10-08-2022,Vehicle Update,Commercial,"15,189,724.78",KwaZulu-Natal,SIM-3002,,,,EndorsementPortal
STEND-00002811,STPOLICY00023489,RISK00023489,2025-09-03,Sum Insured Change,Household,"2.394.640,85",KwaZulu-Natal,SIM-3101,,,,AcquiredBook
STEND-00002812,STPOLICY00023494,RISK00023494,01-24-2023,Cover Adjustment,Motor,"ZAR 988,654.91",Eastern Cape,NULL,1994,SIM-REG-00023494,SIM-VIN-0000023494,AcquiredBook
STEND-00002813,STPOLICY00023497,RISK00023497,27/10/2022,Sum Insured Change,Commercial,"3,719,691.30",Eastern Cape,SIM-4001,,,,PolicyAdmin
STEND-00002814,MISSING-235982,RISK00023498,2022-06-14,Endorsement,Household,"87,517.23",Limpopo,SIM-6001,,,,AcquiredBook
STEND-00002815,STPOLICY00023500,RISK00023500,2024/01/12,Address Move,Household,"2.285.531,63",Free State,SIM-5001,,,,AcquiredBook
STEND-00002816,STPOLICY00023509,RISK00023509,01-30-2023,Address Move,Commercial,25967990.86,Gauteng,SIM-1003,,,,AcquiredBook
STEND-00002817,STPOLICY00023512,RISK00023512,2022/09/02,Address Move,Motor,"ZAR 2,630,906.57",North West,N/A,2001,SIM-REG-00023512,SIM-VIN-0000023512,EndorsementPortal
STEND-00002818,STPOLICY00023515,RISK00023515,05-24-2023,Cover Adjustment,Commercial,"R 8,658,027.68",KwaZulu-Natal,SIM-3101,,,,EndorsementPortal
STEND-00002819,STPOLICY00023516,RISK00023516,08-15-2023,Vehicle Update,Commercial,"30,644,976.90",KwaZulu-Natal,SIM-3002,,,,AcquiredBook
STEND-00002820,STPOLICY00023517,RISK00023517,16/04/2023,Sum Insured Change,Commercial,19227349.90,Eastern Cape,SIM-4001,,,,AcquiredBook
STEND-00002821,STPOLICY00023529,RISK00023529,2023/10/05,Cover Adjustment,Motor,"1,859,578.70",Limpopo,SIM-6001,2010,SIM-REG-00023529,SIM-VIN-0000023529,AcquiredBook
STEND-00002822,STPOLICY00023542,RISK00023542,2024-06-29,Vehicle Update,Commercial,13449140.87,Limpopo,SIM-6001,,,,EndorsementPortal
STEND-00002823,STPOLICY00023543,RISK00023543,2022/06/02,Cover Adjustment,Commercial,"R 26,605,661.63",Western Cape,SIM-2001,,,,AcquiredBook
STEND-00002824,STPOLICY00023548,RISK00023548,2023-11-09,Vehicle Update,Motor,1733385.41,Northern Cape,SIM-9001,2021,,SIM-VIN-0000023548,AcquiredBook
STEND-00002825,STPOLICY00023550,RISK00023550,2023-10-05,Vehicle Update,Household,"R 1,570,925.14",Free State,SIM-5001,,,,PolicyAdmin
STEND-00002826,STPOLICY00023568,RISK00023568,10-13-2024,Cover Adjustment,Household,"1,035,011.71",Limpopo,SIM-6001,,,,EndorsementPortal
STEND-00002827,STPOLICY00023574,RISK00023574,19/05/2023,Endorsement,Commercial,"9.688.941,17",Eastern Cape,SIM-4001,,,,AcquiredBook
STEND-00002828,STPOLICY00023580,RISK00023580,08/09/2023,Endorsement,Commercial,"R 29,042,336.56",Western Cape,SIM-2001,,,,AcquiredBook
STEND-00002829,STPOLICY00023589,RISK00023589,04-27-2023,Vehicle Update,Household,"ZAR 43,209.20",North West,SIM-8001,,,,PolicyAdmin
STEND-00002830,STPOLICY00023597,RISK00023597,2024-06-11,Cover Adjustment,Motor,"R 4,327,796.43",Gauteng,SIM-1001,1999,,SIM-VIN-0000023597,AcquiredBook
STEND-00002831,STPOLICY00023613,RISK00023613,2023-06-17,Address Move,Motor,"R 3,201,402.50",Gauteng,SIM-1003,1998,SIM-REG-00023613,SIM-VIN-0000023613,AcquiredBook
STEND-00002832,STPOLICY00023619,RISK00023619,24/09/2022,Endorsement,Household,"ZAR 68,843.05",Free State,SIM-5001,,,,AcquiredBook
STEND-00002833,STPOLICY00023619,RISK00023619,11-26-2022,Endorsement,Household,"R 51,857.97",Free State,SIM-5001,,,,PolicyAdmin
STEND-00002834,STPOLICY00023625,RISK00023625,01/01/2024,Sum Insured Change,Commercial,not recorded,North West,SIM-8001,,,,PolicyAdmin
STEND-00002835,STPOLICY00023626,RISK00023626,02/02/2024,Vehicle Update,Motor,"1.829.881,71",Eastern Cape,SIM-4001,1945,SIM-REG-00023626,SIM-VIN-0000023626,PolicyAdmin
STEND-00002836,STPOLICY00023663,RISK00023663,2023-09-25,Address Move,Commercial,"R 11,210,514.46",Gauteng,SIM-1003,,,,AcquiredBook
STEND-00002837,STPOLICY00023681,RISK00023681,01-01-2024,Address Move,Household,"308,970.93",North West,SIM-8001,,,,PolicyAdmin
STEND-00002838,STPOLICY00023683,RISK00023683,2022-03-30,Address Move,Commercial,"2,315,562.90",Mpumalanga,SIM-7001,,,,AcquiredBook
STEND-00002839,STPOLICY00023688,RISK00023688,22/10/2023,Endorsement,Commercial,2236300.89,Western Cape,SIM-2101,,,,AcquiredBook
STEND-00002840,STPOLICY00023719,RISK00023719,08-20-2023,Vehicle Update,Household,2761926.66,Western Cape,SIM-2001,,,,EndorsementPortal
STEND-00002841,STPOLICY00023723,RISK00023723,05/03/2023,Cover Adjustment,Commercial,"19.047.882,67",Mpumalanga,SIM-7001,,,,PolicyAdmin
STEND-00002842,STPOLICY00023726,RISK00023726,03-09-2023,Address Move,Household,"423,16",North West,SIM-8001,,,,PolicyAdmin
STEND-00002843,STPOLICY00023742,RISK00023742,2021-08-26,Sum Insured Change,Commercial,"R 19,789,725.70",Mpumalanga,SIM-7001,,,,EndorsementPortal
STEND-00002844,STPOLICY00023743,RISK00023743,05-15-2026,Sum Insured Change,Household,"3.670.329,62",Mpumalanga,SIM-7001,,,,AcquiredBook
STEND-00002845,STPOLICY00023749,RISK00023749,08-06-2025,Endorsement,Motor,"2.700.586,28",Northern Cape,SIM-9001,1998,SIM-REG-00023749,SIM-VIN-0000023749,AcquiredBook
STEND-00002846,STPOLICY00023749,RISK00023749,30/09/2025,Endorsement,Motor,"3,398,857.79",Northern Cape,SIM-9001,1998,,SIM-VIN-0000023749,AcquiredBook
STEND-00002847,MISSING-719932,RISK00023759,09-04-2023,Address Move,Commercial,2795388.23,Northern Cape,SIM-9001,,,,PolicyAdmin
STEND-00002848,STPOLICY00023760,RISK00023760,21/11/2022,Cover Adjustment,Commercial,18335465.10,Free State,SIM-5001,,,,PolicyAdmin
STEND-00002849,STPOLICY00023762,RISK00023762,2025-08-27,Cover Adjustment,Commercial,"2,139,171.25",Western Cape,SIM-2001,,,,EndorsementPortal
STEND-00002850,STPOLICY00023764,RISK00023764,30/03/2023,Address Move,Motor,"1.494.510,24",Free State,SIM-5001,1998,SIM-REG-00023764,SIM-VIN-0000023764,PolicyAdmin
STEND-00002851,STPOLICY00023780,RISK00023780,02-05-2022,Cover Adjustment,Household,"3.172.288,33",Northern Cape,SIM-9001,,,,AcquiredBook
STEND-00002852,STPOLICY00023788,RISK00023788,09-27-2023,Endorsement,Motor,"622.316,07",North West,SIM-8001,2015,SIM-REG-00023788,SIM-VIN-0000023788,PolicyAdmin
STEND-00002853,STPOLICY00023799,RISK00023799,14/01/2024,Cover Adjustment,Motor,"R 2,044,087.31",Northern Cape,SIM-9001,1990,SIM-REG-00023799,SIM-VIN-0000023799,EndorsementPortal
STEND-00002854,STPOLICY00023803,RISK00023803,29/10/2022,Vehicle Update,Household,"2.284.357,20",Mpumalanga,SIM-7001,,,,AcquiredBook
STEND-00002855,STPOLICY00023809,RISK00023809,07/02/2024,Sum Insured Change,Household,"1,843,126.79",Eastern Cape,SIM-4001,,,,PolicyAdmin
STEND-00002856,STPOLICY00023820,RISK00023820,2024-09-23,Cover Adjustment,Motor,"1.078.731,52",Northern Cape,SIM-9001,2018,SIM-REG-00023820,SIM-VIN-0000023820,EndorsementPortal
STEND-00002857,STPOLICY00023846,RISK00023846,2023/05/05,Vehicle Update,Household,"ZAR 2,440,257.35",Western Cape,SIM-2101,,,,PolicyAdmin
STEND-00002858,STPOLICY00023847,RISK00023847,2022/05/03,Cover Adjustment,Motor,2327818.33,Eastern Cape,SIM-4001,2018,SIM-REG-00023847,SIM-VIN-0000023847,AcquiredBook
STEND-00002859,STPOLICY00023853,RISK00023853,2023/07/05,Address Move,Commercial,"120.122,64",Mpumalanga,SIM-7001,,,,EndorsementPortal
STEND-00002860,STPOLICY00023857,RISK00023857,05-29-2024,Cover Adjustment,Commercial,32514053.29,North West,SIM-8001,,,,AcquiredBook
STEND-00002861,STPOLICY00023876,RISK00023876,2023-08-12,Endorsement,Household,"1.294.114,28",Limpopo,SIM-6001,,,,EndorsementPortal
STEND-00002862,STPOLICY00023879,RISK00023879,2024-05-09,Address Move,Commercial,"R 1,990,354.71",Eastern Cape,SIM-4001,,,,EndorsementPortal
STEND-00002863,STPOLICY00023884,RISK00023884,08-03-2022,Address Move,Commercial,"R 1,871,717.56",North West,SIM-8001,,,,PolicyAdmin
STEND-00002864,STPOLICY00023888,RISK00023888,2024/08/15,Cover Adjustment,Household,"260,949.44",KwaZulu-Natal,SIM-3101,,,,EndorsementPortal
STEND-00002865,STPOLICY00023888,RISK00023888,25/09/2024,Sum Insured Change,Household,"168.390,79",KwaZulu-Natal,SIM-3101,,,,AcquiredBook
STEND-00002866,STPOLICY00023893,RISK00023893,2023/12/26,Endorsement,Commercial,"27.588.750,38",Northern Cape,SIM-9001,,,,AcquiredBook
STEND-00002867,STPOLICY00023935,RISK00023935,2022/09/11,Address Move,Commercial,1129286.27,Limpopo,SIM-6001,,,,AcquiredBook
STEND-00002868,STPOLICY00023939,RISK00023939,11-11-2021,Cover Adjustment,Household,"R 626,589.54",KwaZulu-Natal,SIM-3002,,,,EndorsementPortal
STEND-00002869,STPOLICY00023948,RISK00023948,01-29-2024,Address Move,Commercial,"28.133.700,30",Eastern Cape,SIM-4001,,,,EndorsementPortal
STEND-00002870,STPOLICY00023952,RISK00023952,2023/06/20,Vehicle Update,Motor,"3,666,285.95",KwaZulu-Natal,SIM-3001,2021,SIM-REG-00023952,SIM-VIN-0000023952,EndorsementPortal
STEND-00002871,STPOLICY00023963,RISK00023963,2022/10/18,Sum Insured Change,Commercial,260262.05,North West,SIM-8001,,,,PolicyAdmin
STEND-00002872,STPOLICY00023963,RISK00023963,11-20-2022,Vehicle Update,Commercial,"ZAR 217,759.85",North West,SIM-8001,,,,EndorsementPortal
STEND-00002873,STPOLICY00023965,RISK00023965,24/04/2024,Sum Insured Change,Household,1858787.69,North West,SIM-8001,,,,PolicyAdmin
STEND-00002874,STPOLICY00023981,RISK00023981,2022-06-30,Cover Adjustment,Motor,3108869.33,Mpumalanga,SIM-7001,2011,SIM-REG-00023981,SIM-VIN-0000023981,EndorsementPortal
STEND-00002875,MISSING-614336,RISK00023981,20/09/2022,Cover Adjustment,Motor,"3.144.231,95",Mpumalanga,SIM-7001,2011,SIM-REG-00023981,SIM-VIN-0000023981,PolicyAdmin
STEND-00002876,STPOLICY00023994,RISK00023994,2025/10/09,Endorsement,Motor,"ZAR 2,187,455.34",Free State,SIM-5001,1991,SIM-REG-00023994,SIM-VIN-0000023994,AcquiredBook
STEND-00002877,STPOLICY00023997,RISK00023997,2023-05-26,Vehicle Update,Motor,"3,582,658.35",Mpumalanga,SIM-7001,2022,SIM-REG-00023997,SIM-VIN-0000023997,PolicyAdmin
STEND-00002878,STPOLICY00024010,RISK00024010,2024/07/26,Cover Adjustment,Commercial,"R 8,120,529.24",Mpumalanga,SIM-7001,,,,AcquiredBook
STEND-00002879,STPOLICY00024018,RISK00024018,02/03/2026,Cover Adjustment,Motor,ZAR 892.65,Free State,SIM-5001,1996,SIM-REG-00024018,SIM-VIN-0000024018,PolicyAdmin
STEND-00002880,STPOLICY00024035,RISK00024035,06-23-2023,Vehicle Update,SME Commercial,"ZAR 3,782,448.05",North West,SIM-8001,,,,EndorsementPortal
STEND-00002881,STPOLICY00024056,RISK00024056,02-23-2025,Endorsement,Motor,"2.444.635,30",North West,SIM-8001,2027,SIM-REG-00024056,SIM-VIN-0000024056,PolicyAdmin
STEND-00002882,STPOLICY00024068,RISK00024068,2025/09/19,Address Move,Commercial,"8.441.063,72",Mpumalanga,SIM-7001,,,,PolicyAdmin
STEND-00002883,STPOLICY00024069,RISK00024069,14/08/2022,Address Move,Household,"2,878,040.46",Free State,SIM-5001,,,,PolicyAdmin
STEND-00002884,STPOLICY00024071,RISK00024071,05-08-2024,Address Move,Commercial,"13,419,911.61",Northern Cape,NULL,,,,EndorsementPortal
STEND-00002885,STPOLICY00024096,RISK00024096,01-24-2023,Cover Adjustment,Household,4025080.11,Gauteng,SIM-1002,,,,PolicyAdmin
STEND-00002886,STPOLICY00024096,RISK00024096,02-28-2023,Address Move,Household,"3,334,090.31",Gauteng,SIM-1002,,,,EndorsementPortal
STEND-00002887,STPOLICY00024097,RISK00024097,2024/01/15,Endorsement,Commercial,"R 12,695,683.62",Mpumalanga,SIM-7001,,,,AcquiredBook
STEND-00002888,STPOLICY00024109,RISK00024109,31/07/2023,Address Move,Commercial,"17,209,150.84",North West,SIM-8001,,,,PolicyAdmin
STEND-00002889,STPOLICY00024113,RISK00024113,23/06/2025,Vehicle Update,Motor,"2.881.815,17",Free State,SIM-5001,2011,SIM-REG-00024113,SIM-VIN-0000024113,PolicyAdmin
STEND-00002890,STPOLICY00024148,RISK00024148,18/12/2023,Endorsement,Motor,"ZAR 3,080,925.60",Mpumalanga,SIM-7001,2025,SIM-REG-00024148,SIM-VIN-0000024148,PolicyAdmin
STEND-00002891,STPOLICY00024154,RISK00024154,17/07/2023,Endorsement,Commercial,3064349.68,Northern Cape,SIM-9001,,,,EndorsementPortal
STEND-00002892,STPOLICY00024162,RISK00024162,2022/06/06,Sum Insured Change,Household,"R 1,260,250.50",Limpopo,SIM-6001,,,,AcquiredBook
STEND-00002893,STPOLICY00024193,RISK00024193,2021-08-18,Vehicle Update,Household,972039.74,Gauteng,SIM-1003,,,,AcquiredBook
STEND-00002894,STPOLICY00024193,RISK00024193,2021-11-15,Cover Adjustment,Household,"1.391.316,79",Gauteng,SIM-1003,,,,PolicyAdmin
STEND-00002895,STPOLICY00024200,RISK00024200,2022-01-03,Cover Adjustment,Commercial,"R 2,095,316.68",Gauteng,SIM-1001,,,,AcquiredBook
STEND-00002896,STPOLICY00024208,RISK00024208,2024/08/13,Cover Adjustment,Household,"ZAR 1,507,071.05",Free State,SIM-5001,,,,PolicyAdmin
STEND-00002897,STPOLICY00024210,RISK00024210,2022/11/18,Address Move,Commercial,"R 26,925,863.85",Mpumalanga,SIM-7001,,,,PolicyAdmin
STEND-00002898,STPOLICY00024218,RISK00024218,2023-07-24,Vehicle Update,Motor,"209,189.47",Gauteng,SIM-1001,1999,SIM-REG-00024218,SIM-VIN-0000024218,PolicyAdmin
STEND-00002899,STPOLICY00024218,RISK00024218,09-29-2023,Address Move,Motor,"R 225,035.67",Gauteng,SIM-1002,1999,SIM-REG-00024218,SIM-VIN-0000024218,AcquiredBook
STEND-00002900,STPOLICY00024224,RISK00024224,2023/11/05,Sum Insured Change,Commercial,28269477.23,Limpopo,SIM-6001,,,,AcquiredBook
STEND-00002901,STPOLICY00024225,RISK00024225,2023/04/07,Endorsement,Household,"2.864.108,61",Free State,SIM-5001,,,,PolicyAdmin
STEND-00002902,STPOLICY00024228,RISK00024228,2024/06/01,Address Move,Commercial,"ZAR 1,524,237.60",Free State,SIM-5001,,,,EndorsementPortal
STEND-00002903,STPOLICY00024229,RISK00024229,2022/11/02,Address Move,Motor,"212.972,79",Gauteng,SIM-1003,2024,SIM-REG-00024229,SIM-VIN-0000024229,EndorsementPortal
STEND-00002904,STPOLICY00024230,RISK00024230,04-18-2025,Address Move,Commercial,"23.928.190,01",Western Cape,SIM-2101,,,,EndorsementPortal
STEND-00002905,MISSING-214309,RISK00024239,30/07/2021,Vehicle Update,Commercial,"R 20,591,778.29",KwaZulu-Natal,SIM-3101,,,,AcquiredBook
STEND-00002906,STPOLICY00024249,RISK00024249,2024/04/13,Cover Adjustment,Household,"1,121,751.73",Mpumalanga,SIM-7001,,,,PolicyAdmin
STEND-00002907,STPOLICY00024250,RISK00024250,2022-12-08,Endorsement,Commercial,"24.051.167,99",Eastern Cape,SIM-4001,,,,AcquiredBook
STEND-00002908,STPOLICY00024253,RISK00024253,2022-03-31,Sum Insured Change,Motor,"ZAR 2,118,276.57",KwaZulu-Natal,SIM-3101,1992,SIM-REG-00024253,SIM-VIN-0000024253,EndorsementPortal
STEND-00002909,STPOLICY00024261,RISK00024261,2023-03-10,Sum Insured Change,Commercial,"ZAR 11,340,390.92",Northern Cape,SIM-9001,,,,PolicyAdmin
STEND-00002910,STPOLICY00024262,RISK00024262,2023/03/11,Vehicle Update,Household,"3,366,323.56",Western Cape,SIM-2001,,,,PolicyAdmin
STEND-00002911,STPOLICY00024273,RISK00024273,2024/05/11,Cover Adjustment,Commercial,"2,826,381.94",KwaZulu-Natal,SIM-3001,,,,EndorsementPortal
STEND-00002912,STPOLICY00024274,RISK00024274,14/12/2023,Endorsement,Motor,"1,872,419.20",Mpumalanga,SIM-7001,2007,SIM-REG-00024274,SIM-VIN-0000024274,PolicyAdmin
STEND-00002913,STPOLICY00024282,RISK00024282,03-22-2023,Endorsement,Household,"721,457.96",North West,SIM-8001,,,,AcquiredBook
STEND-00002914,STPOLICY00024286,RISK00024286,03/09/2022,Address Move,Household,"ZAR 481,414.25",Western Cape,SIM-2101,,,,AcquiredBook
STEND-00002915,STPOLICY00024321,RISK00024321,08-01-2023,Vehicle Update,Commercial,"8,278,689.00",Northern Cape,SIM-9001,,,,PolicyAdmin
STEND-00002916,STPOLICY00024323,RISK00024323,2024/05/13,Sum Insured Change,Commercial,"ZAR 4,696,929.73",Northern Cape,SIM-9001,,,,AcquiredBook
STEND-00002917,STPOLICY00024325,RISK00024325,08-07-2024,Endorsement,Household,"1.872.193,95",Western Cape,SIM-2001,,,,PolicyAdmin
STEND-00002918,STPOLICY00024333,RISK00024333,29/09/2023,Endorsement,Commercial,"R 30,851,319.38",Limpopo,SIM-6001,,,,PolicyAdmin
STEND-00002919,STPOLICY00024363,RISK00024363,15/01/2023,Cover Adjustment,Household,"678,85",North West,SIM-8001,,,,EndorsementPortal
STEND-00002920,STPOLICY00024370,RISK00024370,2024-07-19,Cover Adjustment,Household,"3,772,951.58",Northern Cape,SIM-9001,,,,PolicyAdmin
STEND-00002921,STPOLICY00024372,RISK00024372,02/05/2023,Cover Adjustment,Motor,3656022.33,Western Cape,SIM-2101,2015,SIM-REG-00024372,SIM-VIN-0000024372,PolicyAdmin
STEND-00002922,STPOLICY00024372,RISK00024372,2023/07/30,Address Move,Motor,3721526.92,Western Cape,SIM-2101,2015,SIM-REG-00024372,SIM-VIN-0000024372,AcquiredBook
STEND-00002923,STPOLICY00024375,RISK00024375,2023/05/03,Vehicle Update,Household,"702.700,52",Western Cape,,,,,EndorsementPortal
STEND-00002924,STPOLICY00024400,RISK00024400,2022-11-17,Sum Insured Change,Household,"R 3,763,714.73",North West,SIM-8001,,,,PolicyAdmin
STEND-00002925,STPOLICY00024406,RISK00024406,2023/01/10,Endorsement,Commercial,"R 1,242,235.47",KwaZulu-Natal,SIM-3001,,,,EndorsementPortal
STEND-00002926,STPOLICY00024407,RISK00024407,2022-11-03,Cover Adjustment,Household,"1.456.105,44",Western Cape,SIM-2101,,,,AcquiredBook
STEND-00002927,STPOLICY00024420,RISK00024420,2023/05/03,Sum Insured Change,Home Contents,"555,983.82",Eastern Cape,SIM-4001,,,,AcquiredBook
STEND-00002928,STPOLICY00024424,RISK00024424,2024-07-23,Cover Adjustment,Household,"493,842.86",Mpumalanga,SIM-7001,,,,PolicyAdmin
STEND-00002929,STPOLICY00024433,RISK00024433,17/08/2024,Vehicle Update,Motor,"R 1,883,614.35",Eastern Cape,SIM-4001,2007,SIM-REG-00024433,SIM-VIN-0000024433,AcquiredBook
STEND-00002930,STPOLICY00024455,RISK00024455,2024-08-23,Address Move,Motor,"3.290.497,80",N/A,SIM-8001,1997,SIM-REG-00024455,SIM-VIN-0000024455,AcquiredBook
STEND-00002931,STPOLICY00024469,RISK00024469,2023/06/22,Endorsement,Commercial,"32,518,677.97",Gauteng,SIM-1002,,,,EndorsementPortal
STEND-00002932,STPOLICY00024470,RISK00024470,2022-06-22,Vehicle Update,Commercial,"R 2,952,308.99",Eastern Cape,SIM-4001,,,,EndorsementPortal
STEND-00002933,STPOLICY00024486,RISK00024486,12-24-2026,Address Move,Motor,"ZAR 119,171.35",Mpumalanga,SIM-7001,2024,SIM-REG-00024486,SIM-VIN-0000024486,PolicyAdmin
STEND-00002934,STPOLICY00024490,RISK00024490,2023-11-14,Address Move,Motor,"R 3,853,557.09",KwaZulu-Natal,SIM-3001,1994,SIM-REG-00024490,SIM-VIN-0000024490,AcquiredBook
STEND-00002935,STPOLICY00024514,RISK00024514,22/08/2023,Cover Adjustment,Commercial,"15,544,632.85",Limpopo,SIM-6001,,,,EndorsementPortal
STEND-00002936,STPOLICY00024516,RISK00024516,07-09-2023,Vehicle Update,Household,"ZAR 3,665,935.36",Free State,SIM-5001,,,,AcquiredBook
STEND-00002937,STPOLICY00024517,RISK00024517,10-23-2022,Address Move,Motor,"ZAR 2,459,380.07",Limpopo,SIM-6001,2002,SIM-REG-00024517,SIM-VIN-0000024517,EndorsementPortal
STEND-00002938,STPOLICY00024521,RISK00024521,05-13-2023,Endorsement,Motor,"ZAR 738,098.02",Western Cape,SIM-2001,2006,SIM-REG-00024521,SIM-VIN-0000024521,EndorsementPortal
STEND-00002939,STPOLICY00024530,RISK00024530,2024/05/01,Sum Insured Change,Motor,4451887.70,Limpopo,SIM-6001,2001,SIM-REG-00024530,SIM-VIN-0000024530,PolicyAdmin
STEND-00002940,STPOLICY00024560,RISK00024560,04/04/2024,Sum Insured Change,Household,"2.164.344,40",North West,SIM-8001,,,,AcquiredBook
STEND-00002941,STPOLICY00024569,RISK00024569,2022-09-20,Endorsement,Motor,"R 1,846,650.31",Free State,SIM-5001,2014,SIM-REG-00024569,SIM-VIN-0000024569,AcquiredBook
STEND-00002942,STPOLICY00024578,RISK00024578,12/08/2023,Endorsement,Household,1440618.80,North West,SIM-8001,,,,PolicyAdmin
STEND-00002943,MISSING-112696,RISK00024591,06-13-2023,Endorsement,SME Commercial,"224.186,56",Limpopo,SIM-6001,,,,EndorsementPortal
STEND-00002944,STPOLICY00024605,RISK00024605,2022-11-27,Cover Adjustment,Commercial,"11.199.074,22",Mpumalanga,SIM-7001,,,,EndorsementPortal
STEND-00002945,STPOLICY00024606,RISK00024606,21/12/2023,Sum Insured Change,Household,"631,40",Limpopo,SIM-6001,,,,PolicyAdmin
STEND-00002946,STPOLICY00024616,RISK00024616,2021/11/05,Cover Adjustment,Motor,"3,250,600.01",Gauteng,SIM-1003,2013,SIM-REG-00024616,SIM-VIN-0000024616,EndorsementPortal
STEND-00002947,STPOLICY00024638,RISK00024638,01/02/2026,Vehicle Update,Commercial,"33.268.211,23",Northern Cape,SIM-9001,,,,AcquiredBook
STEND-00002948,STPOLICY00024648,RISK00024648,28/03/2023,Endorsement,Motor,"2,049,121.45",KwaZulu-Natal,,1997,SIM-REG-00024648,SIM-VIN-0000024648,EndorsementPortal
STEND-00002949,STPOLICY00024649,RISK00024649,02/08/2024,Sum Insured Change,Commercial,"ZAR 19,318,051.58",Mpumalanga,SIM-7001,,,,AcquiredBook
STEND-00002950,STPOLICY00024649,RISK00024649,18/10/2024,Cover Adjustment,Commercial,"R 27,113,862.96",Mpumalanga,SIM-7001,,,,EndorsementPortal
STEND-00002951,STPOLICY00024684,RISK00024684,2022-12-25,Sum Insured Change,Commercial,"ZAR 12,333,160.24",Northern Cape,SIM-9001,,,,AcquiredBook
STEND-00002952,STPOLICY00024699,RISK00024699,17/11/2022,Vehicle Update,Household,155.57,Eastern Cape,SIM-4001,,,,EndorsementPortal
STEND-00002953,STPOLICY00024702,RISK00024702,06/05/2023,Cover Adjustment,Commercial,"2.118.493,84",Mpumalanga,SIM-7001,,,,AcquiredBook
STEND-00002954,STPOLICY00024721,RISK00024721,2023-11-09,Sum Insured Change,Motor,"3.869.004,94",Gauteng,SIM-1003,2001,SIM-REG-00024721,SIM-VIN-0000024721,PolicyAdmin
STEND-00002955,STPOLICY00024723,RISK00024723,19/12/2023,Address Move,Motor,"ZAR 2,753,528.93",Gauteng,SIM-1001,1984,SIM-REG-00024723,SIM-VIN-0000024723,PolicyAdmin
STEND-00002956,STPOLICY00024727,RISK00024727,17/09/2022,Endorsement,Motor,"ZAR 2,042,767.33",Western Cape,SIM-2101,1994,SIM-REG-00024727,SIM-VIN-0000024727,AcquiredBook
STEND-00002957,STPOLICY00024752,RISK00024752,2023/12/29,Sum Insured Change,Commercial,"14,768,086.15",KwaZulu-Natal,SIM-3101,,,,PolicyAdmin
STEND-00002958,STPOLICY00024754,RISK00024754,07/06/2022,Address Move,Commercial,27971088.79,Eastern Cape,SIM-4001,,,,PolicyAdmin
STEND-00002959,STPOLICY00024765,RISK00024765,2022/11/26,Endorsement,MOTOR,"R 179,717.95",North West,SIM-8001,2023,,SIM-VIN-0000024765,PolicyAdmin
STEND-00002960,STPOLICY00024767,RISK00024767,2023-08-03,Sum Insured Change,Motor,"ZAR 2,439,452.34",Gauteng,SIM-1001,2025,SIM-REG-00024767,SIM-VIN-0000024767,PolicyAdmin
STEND-00002961,STPOLICY00024769,RISK00024769,2024/09/18,Endorsement,Household,"ZAR 3,107,149.75",Mpumalanga,SIM-7001,,,,AcquiredBook
STEND-00002962,STPOLICY00024774,RISK00024774,2023/04/20,Sum Insured Change,Commercial,"R 390,353.26",Mpumalanga,SIM-7001,,,,AcquiredBook
STEND-00002963,STPOLICY00024783,RISK00024783,2023/01/28,Endorsement,Household,"ZAR 2,552,401.44",Gauteng,SIM-1001,,,,EndorsementPortal
STEND-00002964,STPOLICY00024794,RISK00024794,2023-01-07,Vehicle Update,Commercial,506429.14,Mpumalanga,SIM-7001,,,,PolicyAdmin
STEND-00002965,STPOLICY00024795,RISK00024795,24/12/2023,Vehicle Update,Commercial,"ZAR 34,672,172.25",Mpumalanga,SIM-7001,,,,EndorsementPortal
STEND-00002966,STPOLICY00024804,RISK00024804,02-02-2026,Endorsement,Household,"R 2,447,914.94",Mpumalanga,SIM-7001,,,,PolicyAdmin
STEND-00002967,STPOLICY00024805,RISK00024805,03/06/2023,Cover Adjustment,Motor,2095836.33,Gauteng,SIM-1003,2019,SIM-REG-00024805,SIM-VIN-0000024805,EndorsementPortal
STEND-00002968,STPOLICY00024806,RISK00024806,17/09/2022,Vehicle Update,Motor,2114297.25,Mpumalanga,SIM-7001,2019,SIM-REG-00024806,SIM-VIN-0000024806,AcquiredBook
STEND-00002969,STPOLICY00024844,RISK00024844,2024/07/21,Sum Insured Change,Household,"2,220,598.86",Limpopo,SIM-6001,,,,AcquiredBook
STEND-00002970,STPOLICY00024848,RISK00024848,30/07/2023,Vehicle Update,Motor,"R 2,352,927.64",Eastern Cape,SIM-4001,1998,SIM-REG-00024848,SIM-VIN-0000024848,AcquiredBook
STEND-00002971,STPOLICY00024855,RISK00024855,2023-09-21,Endorsement,Household,"R 4,001,348.30",Free State,SIM-5001,,,,AcquiredBook
STEND-00002972,STPOLICY00024856,RISK00024856,07-26-2022,Endorsement,Motor,"R 2,087,920.85",Gauteng,SIM-1003,1990,SIM-REG-00024856,SIM-VIN-0000024856,EndorsementPortal
STEND-00002973,STPOLICY00024884,RISK00024884,07/12/2024,Vehicle Update,Commercial,7433656.74,Eastern Cape,SIM-4001,,,,AcquiredBook
STEND-00002974,MISSING-821682,RISK00024888,06/01/2023,Cover Adjustment,Household,"R 3,928,838.86",KwaZulu-Natal,SIM-3101,,,,EndorsementPortal
STEND-00002975,STPOLICY00024903,RISK00024903,2026/04/29,Vehicle Update,Household,"677,885.48",KwaZulu-Natal,SIM-3002,,,,EndorsementPortal
STEND-00002976,STPOLICY00024909,RISK00024909,2022-12-16,Vehicle Update,Motor,"R 77,638.41",North West,SIM-8001,2021,SIM-REG-00024909,SIM-VIN-0000024909,AcquiredBook
STEND-00002977,STPOLICY00024909,RISK00024909,03-12-2023,Endorsement,Motor,124498.25,North West,SIM-8001,2021,SIM-REG-00024909,SIM-VIN-0000024909,PolicyAdmin
STEND-00002978,STPOLICY00024914,RISK00024914,01-15-2023,Vehicle Update,Motor,"272,364.62",Limpopo,SIM-6001,2002,SIM-REG-00024914,SIM-VIN-0000024914,AcquiredBook
STEND-00002979,STPOLICY00024936,RISK00024936,2024-09-08,Address Move,Household,"3.305.768,45",North West,SIM-8001,,,,AcquiredBook
STEND-00002980,STPOLICY00024940,RISK00024940,2022-08-16,Cover Adjustment,Motor,"ZAR 381,233.55",Mpumalanga,SIM-7001,1999,SIM-REG-00024940,SIM-VIN-0000024940,PolicyAdmin
STEND-00002981,STPOLICY00024940,RISK00024940,2022/10/25,Vehicle Update,Motor,"ZAR 350,122.74",Mpumalanga,SIM-7001,1999,SIM-REG-00024940,SIM-VIN-0000024940,EndorsementPortal
STEND-00002982,STPOLICY00024950,RISK00024950,2022/11/10,Vehicle Update,Commercial,734330.94,North West,SIM-8001,,,,EndorsementPortal
STEND-00002983,STPOLICY00024951,RISK00024951,09-22-2022,Sum Insured Change,Household,"R 3,241,221.63",Eastern Cape,SIM-4001,,,,EndorsementPortal
STEND-00002984,STPOLICY00024960,RISK00024960,31/03/2023,Endorsement,Motor,"70,172.05",Northern Cape,SIM-9001,2000,SIM-REG-00024960,SIM-VIN-0000024960,PolicyAdmin
STEND-00002985,STPOLICY00024976,RISK00024976,03/08/2023,Sum Insured Change,Household,"493.207,48",Northern Cape,SIM-9001,,,,EndorsementPortal
STEND-00002986,STPOLICY00024977,RISK00024977,2023/09/06,Address Move,Household,"R 939,631.78",KwaZulu-Natal,SIM-3101,,,,AcquiredBook
STEND-00002987,STPOLICY00024996,RISK00024996,2023-07-15,Sum Insured Change,Commercial,"ZAR 4,104,221.41",Eastern Cape,SIM-4001,,,,PolicyAdmin
STEND-00002988,STPOLICY00025010,RISK00025010,2023/11/11,Vehicle Update,Motor,"R 1,961,570.21",Gauteng,SIM-1001,2017,SIM-REG-00004706,SIM-VIN-0000025010,PolicyAdmin
STEND-00002989,STPOLICY00025018,RISK00025018,2025-03-04,Vehicle Update,Commercial,5955615.90,Eastern Cape,SIM-4001,,,,AcquiredBook
STEND-00002990,STPOLICY00025032,RISK00025032,2023-12-29,Sum Insured Change,Motor,"R 1,820,766.24",North West,SIM-8001,2009,SIM-REG-00025032,SIM-VIN-0000025032,PolicyAdmin
STEND-00002991,STPOLICY00025044,RISK00025044,28/09/2023,Address Move,Commercial,"R 30,133,979.92",Mpumalanga,,,,,AcquiredBook
STEND-00002992,STPOLICY00025044,RISK00025044,2023-11-12,Vehicle Update,Commercial,"R 27,231,482.91",Mpumalanga,SIM-7001,,,,AcquiredBook
STEND-00002993,STPOLICY00025045,RISK00025045,19/12/2021,Cover Adjustment,Motor,0.00,KwaZulu-Natal,SIM-3001,2012,SIM-REG-00025045,SIM-VIN-0000025045,PolicyAdmin
STEND-00002994,STPOLICY00025050,RISK00025050,21/03/2026,Vehicle Update,Motor,"R 188,442.20",Northern Cape,SIM-9001,1992,SIM-REG-00025050,SIM-VIN-0000025050,AcquiredBook
STEND-00002995,STPOLICY00025051,RISK00025051,08/01/2023,Address Move,Commercial,"2,572,730.19",Eastern Cape,SIM-4001,,,,PolicyAdmin
STEND-00002996,MISSING-960494,RISK00025061,2025/08/01,Vehicle Update,Motor,"ZAR 1,801,466.20",Northern Cape,SIM-9001,1996,SIM-REG-00025061,SIM-VIN-0000025061,EndorsementPortal
STEND-00002997,STPOLICY00025062,RISK00025062,13/05/2022,Sum Insured Change,Commercial,"30,950,893.15",Western Cape,SIM-2001,,,,EndorsementPortal
STEND-00002998,STPOLICY00025075,RISK00025075,07-28-2023,Address Move,Household,"ZAR 1,332,544.05",Limpopo,SIM-6001,,,,PolicyAdmin
STEND-00002999,STPOLICY00025077,RISK00025077,07-01-2023,Sum Insured Change,Commercial,7308095.67,Eastern Cape,SIM-4001,,,,PolicyAdmin
STEND-00003000,STPOLICY00025085,RISK00025085,09/03/2023,Cover Adjustment,Motor,"ZAR 2,716,823.86",Eastern Cape,SIM-4001,1997,SIM-REG-00025085,SIM-VIN-0000025085,AcquiredBook
STEND-00003001,STPOLICY00025094,RISK00025094,03-18-2023,Cover Adjustment,Motor,1232354.99,Gauteng,SIM-1003,1997,,SIM-VIN-0000025094,PolicyAdmin
STEND-00003002,STPOLICY00025102,RISK00025102,2023-01-11,Address Move,Household,"3,191,122.16",Eastern Cape,SIM-4001,,,,EndorsementPortal
STEND-00003003,STPOLICY00025106,RISK00025106,2024-04-07,Vehicle Update,Commercial,"R 10,466,209.06",Limpopo,SIM-6001,,,,EndorsementPortal
STEND-00003004,STPOLICY00025107,RISK00025107,2023/10/02,Address Move,Household,2348134.42,Western Cape,SIM-2002,,,,PolicyAdmin
STEND-00003005,MISSING-423032,RISK00025130,06-27-2025,Sum Insured Change,Commercial,1988850.70,Mpumalanga,SIM-7001,,,,AcquiredBook
STEND-00003006,STPOLICY00025133,RISK00025133,2023/12/31,Vehicle Update,Commercial,"ZAR 20,242,840.58",Mpumalanga,,,,,EndorsementPortal
STEND-00003007,STPOLICY00025133,RISK00025133,02-19-2024,Endorsement,Commercial,"ZAR 19,588,480.34",Mpumalanga,SIM-7001,,,,PolicyAdmin
STEND-00003008,STPOLICY00025136,RISK00025136,2022/09/23,Cover Adjustment,Motor,"ZAR 2,711,038.20",Western Cape,SIM-2002,1999,SIM-REG-00025136,SIM-VIN-0000025136,PolicyAdmin
STEND-00003009,STPOLICY00025149,RISK00025149,04/02/2022,Address Move,Commercial,1387443.76,Northern Cape,SIM-9001,,,,AcquiredBook
STEND-00003010,STPOLICY00025151,RISK00025151,24/01/2024,Cover Adjustment,Motor,"ZAR 2,811,761.21",Northern Cape,SIM-9001,2020,SIM-REG-00025151,SIM-VIN-0000025151,PolicyAdmin
STEND-00003011,STPOLICY00025167,RISK00025167,2024/02/11,Address Move,Household,"ZAR 119,945.85",NULL,SIM-8001,,,,EndorsementPortal
STEND-00003012,STPOLICY00025173,RISK00025173,18/03/2023,Vehicle Update,Household,"922,640.86",Limpopo,SIM-6001,,,,PolicyAdmin
STEND-00003013,STPOLICY00025175,RISK00025175,12/09/2022,Sum Insured Change,Commercial,"R 6,222,762.55",Western Cape,N/A,,,,PolicyAdmin
STEND-00003014,STPOLICY00025182,RISK00025182,26/02/2026,Vehicle Update,Motor,"1.893.807,67",North West,SIM-8001,2005,SIM-REG-00025182,SIM-VIN-0000025182,PolicyAdmin
STEND-00003015,STPOLICY00025214,RISK00025214,2022-10-26,Sum Insured Change,Motor,"266.546,76",KwaZulu-Natal,SIM-3002,2024,SIM-REG-00025214,SIM-VIN-0000025214,PolicyAdmin
STEND-00003016,STPOLICY00025216,RISK00025216,2022/08/29,Endorsement,Motor,"ZAR 1,130,170.17",Mpumalanga,SIM-7001,2014,SIM-REG-00025216,SIM-VIN-0000025216,PolicyAdmin
STEND-00003017,STPOLICY00025220,RISK00025220,01/01/2023,Sum Insured Change,Household,"ZAR 3,852,106.13",Limpopo,SIM-6001,,,,AcquiredBook
STEND-00003018,STPOLICY00025220,RISK00025220,02-12-2023,Endorsement,Household,"3.676.880,83",Western Cape,SIM-2002,,,,EndorsementPortal
STEND-00003019,STPOLICY00025222,RISK00025222,2023/11/08,Cover Adjustment,Motor,"3,283,072.38",Northern Cape,SIM-9001,2001,SIM-REG-00025222,SIM-VIN-0000025222,EndorsementPortal
STEND-00003020,STPOLICY00025223,RISK00025223,12-08-2025,Vehicle Update,Household,2367084.06,Eastern Cape,SIM-4001,,,,AcquiredBook
STEND-00003021,STPOLICY00025226,RISK00025226,17/09/2023,Vehicle Update,Commercial,"R 22,264,882.15",KwaZulu-Natal,SIM-3101,,,,PolicyAdmin
STEND-00003022,STPOLICY00025233,RISK00025233,10-20-2024,Endorsement,Motor,"872,870.67",Limpopo,SIM-6001,1999,SIM-REG-00025233,SIM-VIN-0000025233,EndorsementPortal
STEND-00003023,STPOLICY00025235,RISK00025235,2023/11/20,Vehicle Update,Commercial,"R 579,773.03",Mpumalanga,SIM-7001,,,,AcquiredBook
STEND-00003024,STPOLICY00025236,RISK00025236,05-01-2023,Cover Adjustment,Household,"ZAR 3,864,562.02",Eastern Cape,SIM-4001,,,,PolicyAdmin
STEND-00003025,STPOLICY00025238,RISK00025238,16/05/2022,Address Move,Motor,"ZAR 286,545.88",North West,SIM-8001,2005,SIM-REG-00025238,SIM-VIN-0000025238,EndorsementPortal
STEND-00003026,STPOLICY00025251,RISK00025251,2023/06/01,Address Move,Commercial,"R 2,012,191.13",Mpumalanga,SIM-7001,,,,EndorsementPortal
STEND-00003027,STPOLICY00025257,RISK00025257,2023/04/14,Vehicle Update,Commercial,,KwaZulu-Natal,SIM-3101,,,,AcquiredBook
STEND-00003028,STPOLICY00025279,RISK00025279,2024-19-42,Address Move,Commercial,"R 15,797,928.06",Western Cape,SIM-2101,,,,PolicyAdmin
STEND-00003029,STPOLICY00025281,RISK00025281,2025/09/23,Endorsement,Household,"R 1,224,411.31",Northern Cape,SIM-9001,,,,EndorsementPortal
STEND-00003030,STPOLICY00025287,RISK00025287,2024/07/16,Address Move,Household,"1,862,009.16",North West,SIM-8001,,,,EndorsementPortal
STEND-00003031,STPOLICY00025287,RISK00025287,2024/10/05,Address Move,Household,1623461.92,North West,SIM-8001,,,,AcquiredBook
STEND-00003032,STPOLICY00025294,RISK00025294,2024-08-27,Endorsement,Motor,"454,65",North West,SIM-8001,2016,SIM-REG-00025294,SIM-VIN-0000025294,AcquiredBook
STEND-00003033,STPOLICY00025308,RISK00025308,03/05/2023,Endorsement,Motor,"R 2,538,655.00",Limpopo,SIM-6001,2001,SIM-REG-00025308,SIM-VIN-0000025308,EndorsementPortal
STEND-00003034,STPOLICY00025313,RISK00025313,01-19-2024,Vehicle Update,Motor,"R 4,489,880.63",Free State,SIM-5001,1997,SIM-REG-00025313,SIM-VIN-0000025313,EndorsementPortal
STEND-00003035,STPOLICY00025315,RISK00025315,2024-03-15,Sum Insured Change,Home Contents,"ZAR 355,882.50",KwaZulu-Natal,SIM-3001,,,,PolicyAdmin
STEND-00003036,STPOLICY00025317,RISK00025317,26/07/2022,Cover Adjustment,Household,"1.617.461,73",Western Cape,SIM-2101,,,,PolicyAdmin
STEND-00003037,STPOLICY00025321,RISK00025321,not-a-date,Sum Insured Change,Motor,"1.831.544,73",North West,SIM-8001,2004,SIM-REG-00025321,SIM-VIN-0000025321,AcquiredBook
STEND-00003038,STPOLICY00025326,RISK00025326,08-24-2023,Cover Adjustment,Commercial,"ZAR 2,485,044.84",Free State,SIM-5001,,,,AcquiredBook
STEND-00003039,STPOLICY00025332,RISK00025332,13/02/2026,Address Move,Commercial,"ZAR 4,007,186.66",Eastern Cape,SIM-4001,,,,AcquiredBook
STEND-00003040,STPOLICY00025334,RISK00025334,11-19-2023,Endorsement,Motor,"ZAR 107,126.73",Northern Cape,SIM-9001,2021,SIM-REG-00025334,SIM-VIN-0000025334,AcquiredBook
STEND-00003041,STPOLICY00025355,RISK00025355,07-14-2023,Cover Adjustment,Commercial,1806961.48,Free State,SIM-5001,,,,PolicyAdmin
STEND-00003042,STPOLICY00025356,RISK00025356,2024-01-25,Endorsement,Commercial,"R 766,625.13",KwaZulu-Natal,SIM-3101,,,,AcquiredBook
STEND-00003043,STPOLICY00025360,RISK00025360,2024/06/20,Vehicle Update,Household,"4.737.683,63",Eastern Cape,SIM-4001,,,,EndorsementPortal
STEND-00003044,STPOLICY00025361,RISK00025361,2023-11-11,Sum Insured Change,Motor,"R 439,729.87",Eastern Cape,SIM-4001,2015,SIM-REG-00025361,SIM-VIN-0000025361,EndorsementPortal
STEND-00003045,STPOLICY00025361,RISK00025361,2024-01-20,Sum Insured Change,Motor,329880.39,Eastern Cape,SIM-4001,2015,SIM-REG-00025361,SIM-VIN-0000025361,AcquiredBook
STEND-00003046,STPOLICY00025370,RISK00025370,01-19-2024,Address Move,Commercial,"18,869,344.74",Northern Cape,SIM-9001,,,,EndorsementPortal
STEND-00003047,STPOLICY00025379,RISK00025379,01-13-2022,Endorsement,Household,"1,078,931.80",Western Cape,SIM-2002,,,,EndorsementPortal
STEND-00003048,STPOLICY00025384,RISK00025384,04/08/2025,Endorsement,Motor,2427687.69,Gauteng,SIM-1001,2006,SIM-REG-00025384,SIM-VIN-0000025384,AcquiredBook
STEND-00003049,STPOLICY00025393,RISK00025393,26/02/2024,Endorsement,Commercial,"5,139,803.79",Eastern Cape,SIM-4001,,,,EndorsementPortal
STEND-00003050,STPOLICY00025412,RISK00025412,08-04-2022,Cover Adjustment,Commercial,"ZAR 18,109,812.24",Northern Cape,SIM-9001,,,,AcquiredBook
STEND-00003051,STPOLICY00025420,RISK00025420,27/11/2022,Sum Insured Change,Household,"ZAR 3,928,398.72",Free State,SIM-5001,,,,AcquiredBook
STEND-00003052,STPOLICY00025422,RISK00025422,2023/07/04,Sum Insured Change,Household,"R 3,774,005.71",KwaZulu-Natal,SIM-3101,,,,AcquiredBook
STEND-00003053,STPOLICY00025428,RISK00025428,2024/01/24,Sum Insured Change,Household,"R 787,446.12",Northern Cape,SIM-9001,,,,EndorsementPortal
STEND-00003054,STPOLICY00025436,RISK00025436,2023-08-25,Sum Insured Change,Household,2981123.29,Eastern Cape,SIM-4001,,,,EndorsementPortal
STEND-00003055,STPOLICY00025439,RISK00025439,01-18-2023,Vehicle Update,Household,"2.346.069,11",North West,SIM-8001,,,,EndorsementPortal
STEND-00003056,STPOLICY00025439,RISK00025439,03-16-2023,Cover Adjustment,Household,"1.598.034,69",North West,SIM-8001,,,,AcquiredBook
STEND-00003057,STPOLICY00025443,RISK00025443,08/05/2023,Vehicle Update,Household,"R 14,749.09",,SIM-8001,,,,EndorsementPortal
STEND-00003058,STPOLICY00025445,RISK00025445,29/01/2023,Sum Insured Change,Motor,"183.971,69",Eastern Cape,SIM-4001,1990,SIM-REG-00025445,SIM-VIN-0000025445,EndorsementPortal
STEND-00003059,STPOLICY00025447,RISK00025447,01-07-2023,Vehicle Update,Household,"ZAR 796,158.03",Limpopo,SIM-6001,,,,PolicyAdmin
STEND-00003060,STPOLICY00025463,RISK00025463,01/09/2022,Endorsement,Household,"2,342,607.11",Free State,SIM-5001,,,,PolicyAdmin
STEND-00003061,STPOLICY00025472,RISK00025472,2024-03-29,Cover Adjustment,Commercial,"R 5,501,244.91",North West,SIM-8001,,,,AcquiredBook
STEND-00003062,STPOLICY00025483,RISK00025483,09-23-2022,Vehicle Update,Household,"4,027,369.58",Limpopo,SIM-6001,,,,AcquiredBook
STEND-00003063,STPOLICY00025486,RISK00025486,2021/08/25,Vehicle Update,Household,"2,430,464.08",North West,SIM-8001,,,,PolicyAdmin
STEND-00003064,STPOLICY00025491,RISK00025491,19/11/2023,Vehicle Update,Commercial,"1,893,177.23",Gauteng,SIM-1003,,,,PolicyAdmin
STEND-00003065,STPOLICY00025493,RISK00025493,11-03-2022,Cover Adjustment,Household,"1.202.556,74",Mpumalanga,SIM-7001,,,,PolicyAdmin
STEND-00003066,STPOLICY00025508,RISK00025508,2022-10-21,Vehicle Update,Commercial,11872353.97,Gauteng,SIM-1003,,,,PolicyAdmin
STEND-00003067,STPOLICY00025511,RISK00025511,2023-08-14,Vehicle Update,Motor,971288.34,KwaZulu-Natal,SIM-3002,1993,,SIM-VIN-0000025511,EndorsementPortal
STEND-00003068,STPOLICY00025511,RISK00025511,2022-12-16,Sum Insured Change,Motor,"ZAR 957,581.18",KwaZulu-Natal,SIM-3002,1993,SIM-REG-00025511,SIM-VIN-0000025511,PolicyAdmin
STEND-00003069,STPOLICY00025514,RISK00025514,08-12-2024,Cover Adjustment,Household,1067962.12,KwaZulu-Natal,SIM-3001,,,,PolicyAdmin
STEND-00003070,STPOLICY00025514,RISK00025514,10-29-2024,Endorsement,Household,"ZAR 1,373,123.42",KwaZulu-Natal,SIM-3101,,,,AcquiredBook
STEND-00003071,STPOLICY00025529,RISK00025529,08/05/2023,Vehicle Update,Commercial,"1.866.196,84",Mpumalanga,SIM-7001,,,,EndorsementPortal
STEND-00003072,STPOLICY00025536,RISK00025536,10-01-2021,Endorsement,Commercial,"4.003.081,21",Eastern Cape,SIM-4001,,,,EndorsementPortal
STEND-00003073,STPOLICY00025540,RISK00025540,2022-07-02,Address Move,Motor,2134142.77,Eastern Cape,NULL,2008,SIM-REG-00025540,SIM-VIN-0000025540,AcquiredBook
STEND-00003074,STPOLICY00025541,RISK00025541,13/11/2023,Endorsement,Motor,"R 898,327.77",Free State,SIM-5001,2002,SIM-REG-00025541,SIM-VIN-0000025541,EndorsementPortal
STEND-00003075,STPOLICY00025541,RISK00025541,04/02/2024,Sum Insured Change,Motor,"1,218,851.74",Free State,SIM-5001,2002,SIM-REG-00025541,SIM-VIN-0000025541,EndorsementPortal
STEND-00003076,STPOLICY00025549,RISK00025549,2024-12-16,Endorsement,Commercial,"R 2,687,557.72",Gauteng,SIM-1003,,,,EndorsementPortal
STEND-00003077,STPOLICY00025553,RISK00025553,2022/07/06,Vehicle Update,Commercial,"6,457,703.90",Eastern Cape,SIM-4001,,,,AcquiredBook
STEND-00003078,STPOLICY00025581,RISK00025581,15/05/2026,Vehicle Update,Commercial,"R 746,908.68",Mpumalanga,SIM-7001,,,,AcquiredBook
STEND-00003079,STPOLICY00025587,RISK00025587,2024-03-18,Vehicle Update,Household,662105.48,Free State,SIM-5001,,,,PolicyAdmin
STEND-00003080,STPOLICY00025597,RISK00025597,2022-11-19,Sum Insured Change,Motor,"2,367,283.64",KwaZulu-Natal,SIM-3101,2004,SIM-REG-00025597,SIM-VIN-0000025597,AcquiredBook
STEND-00003081,STPOLICY00025615,RISK00025615,06-08-2024,Address Move,Household,1144744.99,Eastern Cape,SIM-4001,,,,PolicyAdmin
STEND-00003082,STPOLICY00025617,RISK00025617,05/11/2023,Sum Insured Change,Household,2506934.08,Western Cape,SIM-2002,,,,EndorsementPortal
STEND-00003083,STPOLICY00025624,RISK00025624,2022-02-22,Address Move,Motor,R 89.45,Northern Cape,SIM-9001,2001,SIM-REG-00025624,SIM-VIN-0000025624,EndorsementPortal
STEND-00003084,STPOLICY00025647,RISK00025647,2022-08-15,Vehicle Update,Commercial,"R 25,310,478.33",Limpopo,SIM-6001,,,,PolicyAdmin
STEND-00003085,STPOLICY00025652,RISK00025652,2024/03/31,Vehicle Update,Household,"R 974,018.93",North West,SIM-8001,,,,EndorsementPortal
STEND-00003086,STPOLICY00025657,RISK00025657,2023/03/01,Cover Adjustment,Home Contents,1659177.35,KwaZulu-Natal,SIM-3001,,,,EndorsementPortal
STEND-00003087,STPOLICY00025683,RISK00025683,2023-05-09,Cover Adjustment,Commercial,"R 2,115,848.03",,SIM-5001,,,,PolicyAdmin
STEND-00003088,STPOLICY00025685,RISK00025685,2023/11/28,Endorsement,Motor,"ZAR 993,626.72",Northern Cape,SIM-9001,2024,SIM-REG-00025685,SIM-VIN-0000025685,EndorsementPortal
STEND-00003089,STPOLICY00025687,RISK00025687,2023/06/29,Sum Insured Change,Motor,"ZAR 3,051,127.45",Eastern Cape,SIM-4001,2010,SIM-REG-00025687,SIM-VIN-0000025687,EndorsementPortal
STEND-00003090,STPOLICY00025706,RISK00025706,2022/10/25,Sum Insured Change,Home Contents,"1.150.932,57",Mpumalanga,SIM-7001,,,,AcquiredBook
STEND-00003091,STPOLICY00025712,RISK00025712,2022-01-07,Address Move,Household,"R 4,145,666.92",KwaZulu-Natal,SIM-3002,,,,EndorsementPortal
STEND-00003092,STPOLICY00025735,RISK00025735,2023/04/05,Address Move,Commercial,"ZAR 21,393,999.98",Mpumalanga,SIM-7001,,,,PolicyAdmin
STEND-00003093,STPOLICY00025739,RISK00025739,06/01/2023,Vehicle Update,Household,"1,142,465.18",North West,SIM-8001,,,,PolicyAdmin
STEND-00003094,STPOLICY00025754,RISK00025754,2024/08/13,Vehicle Update,Household,"1.202.792,65",Free State,SIM-5001,,,,AcquiredBook
STEND-00003095,STPOLICY00025756,RISK00025756,2023/09/24,Endorsement,Commercial,2204607.91,Western Cape,SIM-2101,,,,EndorsementPortal
STEND-00003096,STPOLICY00025765,RISK00025765,2023/12/21,Vehicle Update,Household,"4,410,379.05",Gauteng,SIM-1001,,,,AcquiredBook
STEND-00003097,STPOLICY00025769,RISK00025769,28/09/2023,Endorsement,Commercial,"ZAR 212,766.81",Limpopo,SIM-6001,,,,PolicyAdmin
STEND-00003098,STPOLICY00025776,RISK00025776,29/05/2023,Vehicle Update,Motor,"1,920,374.76",North West,SIM-8001,2021,SIM-REG-00025776,SIM-VIN-0000025776,PolicyAdmin
STEND-00003099,STPOLICY00025779,RISK00025779,14/03/2023,Address Move,Commercial,251368.46,Limpopo,SIM-6001,,,,EndorsementPortal
STEND-00003100,STPOLICY00025782,RISK00025782,02-09-2023,Cover Adjustment,Commercial,"R 24,212,768.37",Gauteng,SIM-1001,,,,AcquiredBook
STEND-00003101,STPOLICY00025796,RISK00025796,2024/04/08,Address Move,Household,3723566.76,North West,SIM-8001,,,,EndorsementPortal
STEND-00003102,STPOLICY00025800,RISK00025800,30/12/2022,Vehicle Update,Motor,"4.050.648,15",North West,SIM-8001,2000,,SIM-VIN-0000025800,PolicyAdmin
STEND-00003103,STPOLICY00025810,RISK00025810,02/03/2023,Cover Adjustment,Household,743257.70,KwaZulu-Natal,SIM-3001,,,,EndorsementPortal
STEND-00003104,STPOLICY00025820,RISK00025820,2022/11/04,Endorsement,Household,"1,069,198.92",Free State,SIM-5001,,,,PolicyAdmin
STEND-00003105,STPOLICY00025822,RISK00025822,2022-06-17,Vehicle Update,Commercial,1468568.26,Northern Cape,SIM-9001,,,,PolicyAdmin
STEND-00003106,STPOLICY00025824,RISK00025824,07-25-2023,Sum Insured Change,Motor,1544193.27,North West,SIM-8001,2009,SIM-REG-00025824,SIM-VIN-0000025824,PolicyAdmin
STEND-00003107,STPOLICY00025850,RISK00025850,05/07/2023,Address Move,Motor,"R 3,999,448.61",Gauteng,SIM-1002,2017,SIM-REG-00025850,SIM-VIN-0000025850,PolicyAdmin
STEND-00003108,STPOLICY00025861,RISK00025861,11-04-2023,Sum Insured Change,Household,"3,344,096.16",Limpopo,SIM-6001,,,,EndorsementPortal
STEND-00003109,STPOLICY00025867,RISK00025867,2023-06-16,Address Move,Motor,"ZAR 1,630,937.50",Northern Cape,SIM-9001,2003,SIM-REG-00025867,SIM-VIN-0000025867,EndorsementPortal
STEND-00003110,STPOLICY00025888,RISK00025888,2023-06-05,Sum Insured Change,Household,2086053.42,Northern Cape,SIM-9001,,,,EndorsementPortal
STEND-00003111,STPOLICY00025894,RISK00025894,2024-07-01,Sum Insured Change,Household,"3.639.138,84",Limpopo,SIM-6001,,,,AcquiredBook
STEND-00003112,STPOLICY00025899,RISK00025899,06-10-2022,Endorsement,Commercial,"R 856,759.84",Free State,SIM-5001,,,,EndorsementPortal
STEND-00003113,STPOLICY00025901,RISK00025901,03-13-2023,Sum Insured Change,Commercial,"R 10,015,729.79",Gauteng,SIM-1002,,,,AcquiredBook
STEND-00003114,STPOLICY00025913,RISK00025913,2025/04/25,Vehicle Update,Household,"ZAR 2,613,560.05",Northern Cape,SIM-9001,,,,AcquiredBook
STEND-00003115,STPOLICY00025915,RISK00025915,2024-06-21,Cover Adjustment,Household,"4.370.007,72",Gauteng,SIM-1003,,,,PolicyAdmin
STEND-00003116,STPOLICY00025922,RISK00025922,13/05/2025,Sum Insured Change,Motor,"2,775,955.74",Eastern Cape,SIM-4001,2014,SIM-REG-00025922,SIM-VIN-0000025922,PolicyAdmin
STEND-00003117,STPOLICY00025923,RISK00025923,28/01/2023,Address Move,Motor,"265.411,03",Limpopo,SIM-6001,2001,SIM-REG-00025923,SIM-VIN-0000025923,EndorsementPortal
STEND-00003118,STPOLICY00025949,RISK00025949,2022-04-02,Cover Adjustment,Household,"ZAR 1,181,882.49",Gauteng,SIM-1003,,,,PolicyAdmin
STEND-00003119,STPOLICY00025950,RISK00025950,20/02/2025,Address Move,Motor,"1,258,294.80",Limpopo,SIM-6001,2013,SIM-REG-00025950,SIM-VIN-0000025950,EndorsementPortal
STEND-00003120,STPOLICY00025969,RISK00025969,2022-12-02,Cover Adjustment,Commercial,"2.233.517,58",KwaZulu-Natal,SIM-3002,,,,PolicyAdmin
STEND-00003121,STPOLICY00025975,RISK00025975,10/10/2023,Vehicle Update,Motor,"R 361,336.33",Eastern Cape,SIM-4001,1994,SIM-REG-00025975,SIM-VIN-0000025975,EndorsementPortal
STEND-00003122,STPOLICY00025976,RISK00025976,2023/12/06,Vehicle Update,Motor,"ZAR 1,771,041.17",Mpumalanga,SIM-7001,2021,SIM-REG-00025976,SIM-VIN-0000025976,EndorsementPortal
STEND-00003123,STPOLICY00025977,RISK00025977,2022/11/22,Sum Insured Change,Commercial,"1,782,887.97",KwaZulu-Natal,NULL,,,,EndorsementPortal
STEND-00003124,STPOLICY00025982,RISK00025982,2022-05-31,Cover Adjustment,Motor,"1.949.054,64",Limpopo,SIM-6001,1990,SIM-REG-00025982,SIM-VIN-0000025982,EndorsementPortal
STEND-00003125,STPOLICY00025984,RISK00025984,2023-05-03,Vehicle Update,Household,"4,702,395.65",KwaZulu-Natal,SIM-3002,,,,AcquiredBook
STEND-00003126,STPOLICY00025985,RISK00025985,2023/12/26,Endorsement,Motor,94371.36,Northern Cape,SIM-9001,2024,SIM-REG-00025985,SIM-VIN-0000025985,EndorsementPortal
STEND-00003127,STPOLICY00026028,RISK00026028,2023/07/26,Endorsement,Commercial,1053750.75,Free State,SIM-5001,,,,EndorsementPortal
STEND-00003128,STPOLICY00026029,RISK00026029,2023-03-29,Sum Insured Change,Commercial,"2,591,974.36",Western Cape,SIM-2101,,,,EndorsementPortal
STEND-00003129,STPOLICY00026034,RISK00026034,2024-19-42,Sum Insured Change,Household,0.00,Mpumalanga,SIM-7001,,,,EndorsementPortal
STEND-00003130,STPOLICY00026044,RISK00026044,2024/05/20,Sum Insured Change,Household,"188.455,74",KwaZulu-Natal,SIM-3002,,,,PolicyAdmin
STEND-00003131,STPOLICY00026065,RISK00026065,2022-08-21,Sum Insured Change,Household,"3.429.358,06",Mpumalanga,SIM-7001,,,,AcquiredBook
STEND-00003132,STPOLICY00026067,RISK00026067,2023-02-22,Endorsement,Household,"R 2,346,022.26",Free State,SIM-5001,,,,PolicyAdmin
STEND-00003133,STPOLICY00026090,RISK00026090,2024-06-28,Cover Adjustment,Commercial,"R 2,999,463.35",Eastern Cape,SIM-4001,,,,PolicyAdmin
STEND-00003134,STPOLICY00026105,RISK00026105,28/06/2023,Vehicle Update,Motor,"ZAR 2,045,828.77",Mpumalanga,SIM-7001,1991,SIM-REG-00026105,SIM-VIN-0000026105,EndorsementPortal
STEND-00003135,STPOLICY00026106,RISK00026106,08/05/2023,Cover Adjustment,Motor,"2,477,857.21",Gauteng,SIM-1002,2018,SIM-REG-00026106,SIM-VIN-0000026106,EndorsementPortal
STEND-00003136,STPOLICY00026110,RISK00026110,2023-07-06,Vehicle Update,Commercial,1691160.72,Gauteng,SIM-1001,,,,AcquiredBook
STEND-00003137,STPOLICY00026120,RISK00026120,03/04/2023,Endorsement,Household,"R 2,371,105.49",Free State,SIM-5001,,,,EndorsementPortal
STEND-00003138,STPOLICY00026125,RISK00026125,02-19-2024,Endorsement,Commercial,"9.007.803,83",North West,SIM-8001,,,,AcquiredBook
STEND-00003139,STPOLICY00026143,RISK00026143,2023-03-08,Sum Insured Change,Household,"ZAR 3,859,564.86",Eastern Cape,SIM-4001,,,,AcquiredBook
STEND-00003140,STPOLICY00026146,RISK00026146,2022-11-16,Vehicle Update,Motor,1884221.41,North West,SIM-8001,2001,SIM-REG-00026146,SIM-VIN-0000026146,PolicyAdmin
STEND-00003141,STPOLICY00026165,RISK00026165,06-25-2022,Cover Adjustment,Motor,"ZAR 2,214,487.22",Free State,SIM-5001,2006,SIM-REG-00026165,SIM-VIN-0000026165,PolicyAdmin
STEND-00003142,STPOLICY00026165,RISK00026165,28/07/2022,Vehicle Update,Motor,"ZAR 2,647,657.17",Free State,SIM-5001,2006,SIM-REG-00026165,SIM-VIN-0000026165,PolicyAdmin
STEND-00003143,STPOLICY00026169,RISK00026169,08-06-2023,Vehicle Update,Household,"ZAR 4,983,243.46",Mpumalanga,SIM-7001,,,,EndorsementPortal
STEND-00003144,STPOLICY00026171,RISK00026171,2023/03/28,Endorsement,Motor,"R 2,774,916.17",Mpumalanga,SIM-7001,1994,SIM-REG-00026171,SIM-VIN-0000026171,AcquiredBook
STEND-00003145,STPOLICY00026196,RISK00026196,2021-04-21,Sum Insured Change,Motor,"R 2,173,658.51",KwaZulu-Natal,SIM-3002,2016,SIM-REG-00026196,SIM-VIN-0000026196,PolicyAdmin
STEND-00003146,STPOLICY00026232,RISK00026232,01/08/2023,Vehicle Update,Motor,"R 3,145,935.39",Western Cape,SIM-2002,2006,SIM-REG-00026232,SIM-VIN-0000026232,PolicyAdmin
STEND-00003147,STPOLICY00026236,RISK00026236,2023/05/22,Vehicle Update,Motor,"2.641.309,26",KwaZulu-Natal,SIM-3001,1999,SIM-REG-00026236,SIM-VIN-0000026236,AcquiredBook
STEND-00003148,STPOLICY00026242,RISK00026242,2023-03-20,Vehicle Update,Motor,"ZAR 1,937,813.25",Free State,SIM-5001,2001,,SIM-VIN-0000026242,AcquiredBook
STEND-00003149,STPOLICY00026248,RISK00026248,12-09-2023,Endorsement,Household,"R 1,031,028.20",Mpumalanga,SIM-7001,,,,AcquiredBook
STEND-00003150,STPOLICY00026271,RISK00026271,08-09-2022,Vehicle Update,Commercial,"R 194,103.89",North West,SIM-8001,,,,EndorsementPortal
STEND-00003151,STPOLICY00026273,RISK00026273,06-13-2023,Endorsement,Household,"ZAR 2,413,130.08",Limpopo,SIM-6001,,,,AcquiredBook
STEND-00003152,STPOLICY00026280,RISK00026280,2023/10/23,Sum Insured Change,Motor,"R 4,200,503.12",KwaZulu-Natal,SIM-3001,1994,SIM-REG-00026280,SIM-VIN-0000026280,EndorsementPortal
STEND-00003153,STPOLICY00026289,RISK00026289,07-17-2022,Address Move,Motor,"811,844.11",KwaZulu-Natal,SIM-3101,2022,SIM-REG-00026289,SIM-VIN-0000026289,PolicyAdmin
STEND-00003154,STPOLICY00026293,RISK00026293,03-11-2024,Cover Adjustment,Motor,"R 1,180,868.88",Free State,SIM-5001,2008,SIM-REG-00026293,SIM-VIN-0000026293,PolicyAdmin
STEND-00003155,STPOLICY00026293,RISK00026293,05-25-2024,Address Move,Motor,"ZAR 1,069,861.54",Free State,SIM-5001,2008,SIM-REG-00026293,SIM-VIN-0000026293,EndorsementPortal
STEND-00003156,STPOLICY00026318,RISK00026318,2023-05-23,Cover Adjustment,Household,"94,360.53",Eastern Cape,SIM-4001,,,,PolicyAdmin
STEND-00003157,STPOLICY00026321,RISK00026321,2022/09/01,Vehicle Update,Motor,"1.418.900,02",Northern Cape,SIM-9001,1996,SIM-REG-00026321,SIM-VIN-0000026321,PolicyAdmin
STEND-00003158,STPOLICY00026321,RISK00026321,2022/10/23,Address Move,Motor,"1,705,174.07",Northern Cape,SIM-9001,1996,SIM-REG-00026321,SIM-VIN-0000026321,EndorsementPortal
STEND-00003159,STPOLICY00026338,RISK00026338,2022/05/23,Vehicle Update,Commercial,2084527.38,Mpumalanga,SIM-7001,,,,AcquiredBook
STEND-00003160,STPOLICY00026359,RISK00026359,2023/04/28,Sum Insured Change,Motor,"719.183,03",Eastern Cape,SIM-4001,1945,SIM-REG-00026359,SIM-VIN-0000026359,AcquiredBook
STEND-00003161,STPOLICY00026367,RISK00026367,28/06/2021,Cover Adjustment,Household,"2,947,163.96",North West,SIM-8001,,,,EndorsementPortal
STEND-00003162,STPOLICY00026395,RISK00026395,19/09/2025,Endorsement,Motor,"1,130,533.80",Free State,SIM-5001,2006,SIM-REG-00023977,SIM-VIN-0000026395,PolicyAdmin
STEND-00003163,STPOLICY00026410,RISK00026410,2023/12/07,Cover Adjustment,Motor,3909158.99,North West,,2006,SIM-REG-00026410,SIM-VIN-0000026410,PolicyAdmin
STEND-00003164,STPOLICY00026413,RISK00026413,07-15-2023,Endorsement,Motor,"ZAR 785,907.52",Northern Cape,SIM-9001,2018,SIM-REG-00026413,SIM-VIN-0000026413,EndorsementPortal
STEND-00003165,STPOLICY00026420,RISK00026420,07/03/2024,Cover Adjustment,Commercial,"ZAR 10,306,492.86",Free State,SIM-5001,,,,AcquiredBook
STEND-00003166,STPOLICY00026426,RISK00026426,2022/03/04,Cover Adjustment,Motor,"R 3,129,147.48",Limpopo,SIM-6001,0,SIM-REG-00026426,SIM-VIN-0000026426,PolicyAdmin
STEND-00003167,STPOLICY00026435,RISK00026435,05-09-2025,Sum Insured Change,Household,"1.755.605,30",Free State,SIM-5001,,,,AcquiredBook
STEND-00003168,STPOLICY00026455,RISK00026455,2022-10-26,Cover Adjustment,Motor,"R 4,577,821.18",Limpopo,SIM-6001,2020,SIM-REG-00026455,SIM-VIN-0000026455,AcquiredBook
STEND-00003169,STPOLICY00026461,RISK00026461,2022-05-17,Address Move,Household,"227.725,08",Eastern Cape,SIM-4001,,,,PolicyAdmin
STEND-00003170,STPOLICY00026465,RISK00026465,2023-01-25,Endorsement,Commercial,98503.35,KwaZulu-Natal,SIM-3001,,,,EndorsementPortal
STEND-00003171,STPOLICY00026497,RISK00026497,13/03/2023,Endorsement,Commercial,"R 32,129,756.74",Eastern Cape,SIM-4001,,,,EndorsementPortal
STEND-00003172,STPOLICY00026500,RISK00026500,12-09-2023,Endorsement,Motor,"ZAR 1,535,544.35",Mpumalanga,N/A,2004,,SIM-VIN-0000026500,EndorsementPortal
STEND-00003173,STPOLICY00026502,RISK00026502,2023-03-11,Sum Insured Change,Motor,"R 2,728,635.04",Gauteng,SIM-1001,1992,SIM-REG-00026502,SIM-VIN-0000026502,EndorsementPortal
STEND-00003174,STPOLICY00026503,RISK00026503,05-04-2024,Endorsement,Commercial,"148.058,72",Western Cape,SIM-2001,,,,AcquiredBook
STEND-00003175,STPOLICY00026510,RISK00026510,08-13-2025,Endorsement,Household,"ZAR 2,423,766.94",Eastern Cape,SIM-4001,,,,EndorsementPortal
STEND-00003176,STPOLICY00026515,RISK00026515,2024-06-09,Cover Adjustment,Motor,3495063.53,Mpumalanga,SIM-7001,1994,SIM-REG-00026515,SIM-VIN-0000026515,PolicyAdmin
STEND-00003177,STPOLICY00026516,RISK00026516,11-28-2022,Cover Adjustment,Household,"3.097.839,31",Eastern Cape,SIM-4001,,,,AcquiredBook
STEND-00003178,STPOLICY00026520,RISK00026520,2024-03-05,Address Move,Motor,"3,280,302.00",Western Cape,SIM-2002,2006,SIM-REG-00026520,SIM-VIN-0000026520,EndorsementPortal
STEND-00003179,STPOLICY00026520,RISK00026520,2024-04-19,Cover Adjustment,Motor,"ZAR 2,553,590.74",Western Cape,SIM-2001,2028,SIM-REG-00026520,SIM-VIN-0000026520,EndorsementPortal
STEND-00003180,STPOLICY00026533,RISK00026533,2022/09/23,Sum Insured Change,Commercial,"668,254.86",Free State,SIM-5001,,,,AcquiredBook
STEND-00003181,STPOLICY00026535,RISK00026535,2022-10-06,Cover Adjustment,Motor,"R 1,782,605.41",Limpopo,SIM-6001,1945,SIM-REG-00026535,SIM-VIN-0000026535,AcquiredBook
STEND-00003182,STPOLICY00026536,RISK00026536,10-28-2023,Sum Insured Change,Household,"70.072,34",Mpumalanga,SIM-7001,,,,AcquiredBook
STEND-00003183,STPOLICY00026538,RISK00026538,2023-08-14,Endorsement,Household,"3,504,607.52",Western Cape,SIM-2002,,,,PolicyAdmin
STEND-00003184,STPOLICY00026540,RISK00026540,2022-03-20,Address Move,Household,2990132.82,North West,SIM-8001,,,,PolicyAdmin
STEND-00003185,STPOLICY00026546,RISK00026546,09-12-2022,Sum Insured Change,Home Contents,"275,667.04",Limpopo,SIM-6001,,,,AcquiredBook
STEND-00003186,STPOLICY00026547,RISK00026547,2022-03-08,Endorsement,Commercial,"ZAR 717,892.29",Limpopo,SIM-6001,,,,AcquiredBook
STEND-00003187,STPOLICY00026553,RISK00026553,10/12/2024,Address Move,Motor,"3,548,289.10",Free State,SIM-5001,2010,SIM-REG-00026553,SIM-VIN-0000026553,AcquiredBook
STEND-00003188,STPOLICY00026562,RISK00026562,12-02-2022,Cover Adjustment,Household,"R 1,578,301.74",North West,SIM-8001,,,,PolicyAdmin
STEND-00003189,STPOLICY00026566,RISK00026566,03-07-2025,Sum Insured Change,SME Commercial,"1,196,596.44",Free State,SIM-5001,,,,EndorsementPortal
STEND-00003190,STPOLICY00026569,RISK00026569,2023-07-02,Cover Adjustment,Commercial,"R 3,563,846.31",Eastern Cape,SIM-4001,,,,AcquiredBook
STEND-00003191,STPOLICY00026579,RISK00026579,10-18-2022,Endorsement,Commercial,"3,839,583.97",Limpopo,SIM-6001,,,,AcquiredBook
STEND-00003192,STPOLICY00026593,RISK00026593,2023-06-03,Endorsement,Commercial,"ZAR 726,828.85",North West,SIM-8001,,,,AcquiredBook
STEND-00003193,STPOLICY00026597,RISK00026597,2023/09/01,Address Move,Commercial,"R 21,016,149.61",KwaZulu-Natal,SIM-3002,,,,AcquiredBook
STEND-00003194,STPOLICY00026608,RISK00026608,21/09/2022,Cover Adjustment,Motor,"ZAR 336,771.02",North West,SIM-8001,2007,SIM-REG-00026608,SIM-VIN-0000026608,EndorsementPortal
STEND-00003195,STPOLICY00026612,RISK00026612,13/05/2023,Vehicle Update,Commercial,6272032.93,Mpumalanga,SIM-7001,,,,EndorsementPortal
STEND-00003196,STPOLICY00026624,RISK00026624,2022/10/16,Address Move,Household,"R 1,144,735.96",Free State,SIM-5001,,,,EndorsementPortal
STEND-00003197,STPOLICY00026640,RISK00026640,2023/11/05,Endorsement,Commercial,"ZAR 854,007.28",Eastern Cape,SIM-4001,,,,EndorsementPortal
STEND-00003198,STPOLICY00026659,RISK00026659,2024/02/22,Cover Adjustment,Household,"2,267,645.94",KwaZulu-Natal,SIM-3002,,,,AcquiredBook
STEND-00003199,STPOLICY00026663,RISK00026663,2023-02-03,Vehicle Update,Motor,"2,722,727.78",Eastern Cape,SIM-4001,1997,SIM-REG-00026663,SIM-VIN-0000026663,EndorsementPortal
STEND-00003200,STPOLICY00026663,RISK00026663,04-16-2023,Sum Insured Change,Motor,2532600.44,Eastern Cape,SIM-4001,1997,SIM-REG-00026663,SIM-VIN-0000026663,PolicyAdmin
STEND-00003201,STPOLICY00026667,RISK00026667,2022-08-10,Endorsement,Motor,"3,124,412.75",Gauteng,SIM-1003,1993,SIM-REG-00026667,SIM-VIN-0000026667,EndorsementPortal
STEND-00003202,STPOLICY00026668,RISK00026668,06/12/2023,Endorsement,Commercial,"ZAR 2,383,511.48",Mpumalanga,SIM-7001,,,,AcquiredBook
STEND-00003203,STPOLICY00026682,RISK00026682,2023-12-06,Sum Insured Change,Household,515795.84,Mpumalanga,SIM-7001,,,,EndorsementPortal
STEND-00003204,STPOLICY00026683,RISK00026683,2024-01-29,Sum Insured Change,Household,"R 660,382.90",Western Cape,SIM-2101,,,,EndorsementPortal
STEND-00003205,STPOLICY00026687,RISK00026687,2022/11/16,Vehicle Update,Motor,"2.702.971,06",Gauteng,SIM-1001,1991,SIM-REG-00026687,SIM-VIN-0000026687,PolicyAdmin
STEND-00003206,STPOLICY00026689,RISK00026689,2024/04/09,Cover Adjustment,Commercial,"ZAR 553,906.55",Eastern Cape,SIM-4001,,,,PolicyAdmin
STEND-00003207,STPOLICY00026705,RISK00026705,2023-03-16,Vehicle Update,Household,"ZAR 2,365,435.58",North West,SIM-8001,,,,EndorsementPortal
STEND-00003208,STPOLICY00026722,RISK00026722,2022/09/19,Address Move,Commercial,2407572.64,Gauteng,SIM-1003,,,,EndorsementPortal
STEND-00003209,STPOLICY00026724,RISK00026724,2023/10/27,Sum Insured Change,Commercial,"3.655.088,45",Northern Cape,SIM-9001,,,,EndorsementPortal
STEND-00003210,STPOLICY00026725,RISK00026725,2021-06-11,Address Move,SME Commercial,"2.242.208,87",Free State,SIM-5001,,,,AcquiredBook
STEND-00003211,STPOLICY00026727,RISK00026727,2023/04/14,Address Move,Motor,"R 1,442,403.91",Eastern Cape,SIM-4001,2011,SIM-REG-00026727,SIM-VIN-0000026727,AcquiredBook
STEND-00003212,STPOLICY00026749,RISK00026749,17/01/2022,Endorsement,Commercial,"13.629.159,75",KwaZulu-Natal,SIM-3002,,,,PolicyAdmin
STEND-00003213,STPOLICY00026750,RISK00026750,31/31/2024,Vehicle Update,Motor,"ZAR 2,066,534.68",Northern Cape,SIM-9001,2011,SIM-REG-00026750,SIM-VIN-0000026750,AcquiredBook
STEND-00003214,STPOLICY00026753,RISK00026753,2024/03/01,Address Move,Motor,"ZAR 392,086.96",Limpopo,SIM-6001,2011,SIM-REG-00026753,SIM-VIN-0000026753,PolicyAdmin
STEND-00003215,STPOLICY00026754,RISK00026754,07-26-2023,Sum Insured Change,MOTOR,"R 708,456.08",Eastern Cape,SIM-4001,1990,SIM-REG-00026754,SIM-VIN-0000026754,AcquiredBook
STEND-00003216,STPOLICY00026779,RISK00026779,28/11/2022,Endorsement,Motor,"R 411,337.39",Eastern Cape,SIM-4001,2012,SIM-REG-00026779,SIM-VIN-0000026779,AcquiredBook
STEND-00003217,STPOLICY00026790,RISK00026790,2023-05-13,Endorsement,Household,"4.237.681,33",Gauteng,SIM-1001,,,,PolicyAdmin
STEND-00003218,STPOLICY00026794,RISK00026794,02-06-2026,Sum Insured Change,Motor,"ZAR 4,096,114.46",Gauteng,SIM-1001,2024,SIM-REG-00026794,SIM-VIN-0000026794,EndorsementPortal
STEND-00003219,STPOLICY00026794,RISK00026794,06/05/2026,Address Move,Motor,"ZAR 3,171,419.50",Gauteng,SIM-1001,2024,SIM-REG-00026794,SIM-VIN-0000026794,EndorsementPortal
STEND-00003220,STPOLICY00026807,RISK00026807,11-24-2023,Sum Insured Change,Motor,"3,370,807.87",Limpopo,SIM-6001,1994,SIM-REG-00026807,SIM-VIN-0000026807,EndorsementPortal
STEND-00003221,STPOLICY00026811,RISK00026811,08-13-2023,Sum Insured Change,Motor,"R 768,413.56",KwaZulu-Natal,SIM-3101,1992,SIM-REG-00026811,SIM-VIN-0000026811,EndorsementPortal
STEND-00003222,STPOLICY00026815,RISK00026815,15/08/2023,Endorsement,Household,"ZAR 2,814,231.05",KwaZulu-Natal,SIM-3101,,,,AcquiredBook
STEND-00003223,STPOLICY00026820,RISK00026820,08-30-2023,Vehicle Update,Motor,"836,060.34",Mpumalanga,SIM-7001,2005,SIM-REG-00026820,SIM-VIN-0000026820,EndorsementPortal
STEND-00003224,STPOLICY00026823,RISK00026823,16/06/2022,Sum Insured Change,Household,"3,772,483.70",Northern Cape,SIM-9001,,,,EndorsementPortal
STEND-00003225,STPOLICY00026833,RISK00026833,2023-07-21,Cover Adjustment,Motor,"ZAR 1,295,874.33",Mpumalanga,SIM-7001,2003,SIM-REG-00026833,SIM-VIN-0000026833,PolicyAdmin
STEND-00003226,STPOLICY00026834,RISK00026834,04-19-2026,Endorsement,Motor,"ZAR 1,116,176.64",Mpumalanga,SIM-7001,2003,SIM-REG-00026834,SIM-VIN-0000026834,EndorsementPortal
STEND-00003227,STPOLICY00026835,RISK00026835,24/05/2022,Address Move,Commercial,"ZAR 11,415,888.45",Mpumalanga,SIM-7001,,,,AcquiredBook
STEND-00003228,STPOLICY00026840,RISK00026840,11-13-2023,Sum Insured Change,Motor,"2.476.075,90",Free State,SIM-5001,2018,SIM-REG-00026840,SIM-VIN-0000026840,AcquiredBook
STEND-00003229,STPOLICY00026845,RISK00026845,07-11-2023,Address Move,Household,"R 1,372,583.59",Eastern Cape,SIM-4001,,,,AcquiredBook
STEND-00003230,STPOLICY00026887,RISK00026887,12-22-2022,Sum Insured Change,Commercial,"10.480.278,77",Mpumalanga,SIM-7001,,,,EndorsementPortal
STEND-00003231,STPOLICY00026894,RISK00026894,2023/04/25,Sum Insured Change,Household,"370.428,90",Northern Cape,SIM-9001,,,,AcquiredBook
STEND-00003232,STPOLICY00026906,RISK00026906,10/09/2022,Endorsement,Commercial,"R 23,584,222.93",Eastern Cape,SIM-4001,,,,PolicyAdmin
STEND-00003233,STPOLICY00026918,RISK00026918,2024/01/19,Cover Adjustment,Commercial,"ZAR 19,737,535.70",Eastern Cape,SIM-4001,,,,PolicyAdmin
STEND-00003234,STPOLICY00026919,RISK00026919,2023/04/24,Endorsement,Motor,"2.785.706,78",Mpumalanga,SIM-7001,1998,SIM-REG-00026919,SIM-VIN-0000026919,AcquiredBook
STEND-00003235,STPOLICY00026931,RISK00026931,02-25-2023,Vehicle Update,Commercial,"ZAR 10,613,876.75",Gauteng,SIM-1003,,,,PolicyAdmin
STEND-00003236,STPOLICY00026933,RISK00026933,2024/09/30,Vehicle Update,Motor,"ZAR 1,900,889.51",North West,SIM-8001,1998,SIM-REG-00026933,SIM-VIN-0000026933,EndorsementPortal
STEND-00003237,STPOLICY00026944,RISK00026944,14/05/2024,Vehicle Update,Household,"2,605,509.89",Northern Cape,SIM-9001,,,,PolicyAdmin
STEND-00003238,STPOLICY00026954,RISK00026954,2025/12/09,Address Move,Household,449265.99,Free State,SIM-5001,,,,EndorsementPortal
STEND-00003239,STPOLICY00026971,RISK00026971,2025-03-09,Endorsement,Commercial,"122.700,67",Mpumalanga,SIM-7001,,,,PolicyAdmin
STEND-00003240,STPOLICY00026988,RISK00026988,2022-09-03,Address Move,Household,"ZAR 1,407,962.01",North West,SIM-8001,,,,PolicyAdmin
STEND-00003241,STPOLICY00026998,RISK00026998,08-04-2023,Address Move,Household,"ZAR 130,713.35",Western Cape,SIM-2101,,,,PolicyAdmin
STEND-00003242,STPOLICY00027005,RISK00027005,01-07-2023,Address Move,Household,"1,029.90",Gauteng,SIM-1002,,,,EndorsementPortal
STEND-00003243,STPOLICY00027005,RISK00027005,18/03/2023,Vehicle Update,Household,R 811.87,Gauteng,SIM-1001,,,,PolicyAdmin
STEND-00003244,STPOLICY00027006,RISK00027006,2023/10/20,Address Move,Household,"2,513,646.21",Western Cape,SIM-2002,,,,PolicyAdmin
STEND-00003245,STPOLICY00027013,RISK00027013,08/02/2023,Cover Adjustment,Commercial,N/A,KwaZulu-Natal,SIM-3002,,,,EndorsementPortal
STEND-00003246,MISSING-976651,RISK00027039,2022-10-05,Vehicle Update,Motor,1744742.63,Eastern Cape,SIM-4001,1990,SIM-REG-00027039,SIM-VIN-0000027039,AcquiredBook
STEND-00003247,STPOLICY00027048,RISK00027048,25/08/2023,Endorsement,Motor,"ZAR 638,692.35",Free State,SIM-5001,2013,SIM-REG-00027048,SIM-VIN-0000027048,PolicyAdmin
STEND-00003248,STPOLICY00027058,RISK00027058,2023-11-28,Vehicle Update,Commercial,"785.073,36",Limpopo,SIM-6001,,,,PolicyAdmin
STEND-00003249,STPOLICY00027066,RISK00027066,2024/10/07,Cover Adjustment,Commercial,"1.288.531,52",Western Cape,SIM-2001,,,,EndorsementPortal
STEND-00003250,STPOLICY00027078,RISK00027078,2023-01-25,Address Move,Motor,ZAR 766.62,North West,SIM-8001,2007,SIM-REG-00027078,SIM-VIN-0000027078,PolicyAdmin
STEND-00003251,STPOLICY00027087,RISK00027087,2022/11/22,Endorsement,Commercial,"ZAR 10,550,232.60",KwaZulu-Natal,SIM-3002,,,,AcquiredBook
STEND-00003252,STPOLICY00027093,RISK00027093,2024/06/11,Endorsement,Household,"2,254,074.72",Northern Cape,SIM-9001,,,,EndorsementPortal
STEND-00003253,STPOLICY00027097,RISK00027097,08/09/2023,Vehicle Update,Motor,"R 1,404,609.50",Western Cape,SIM-2002,2020,SIM-REG-00027097,SIM-VIN-0000027097,PolicyAdmin
STEND-00003254,STPOLICY00027098,RISK00027098,19/07/2022,Sum Insured Change,Motor,,Free State,SIM-5001,1995,SIM-REG-00027098,SIM-VIN-0000027098,AcquiredBook
STEND-00003255,STPOLICY00027104,RISK00027104,10-23-2023,Cover Adjustment,Household,861502.87,KwaZulu-Natal,SIM-3002,,,,PolicyAdmin
STEND-00003256,STPOLICY00027116,RISK00027116,03-29-2024,Address Move,Household,"1,392,702.03",Limpopo,SIM-6001,,,,AcquiredBook
STEND-00003257,STPOLICY00027122,RISK00027122,2021-10-08,Vehicle Update,Household,"731,089.83",Western Cape,SIM-2001,,,,AcquiredBook
STEND-00003258,STPOLICY00027141,RISK00027141,not-a-date,Address Move,Motor,1561051.02,KwaZulu-Natal,SIM-3001,1997,SIM-REG-00027141,SIM-VIN-0000027141,PolicyAdmin
STEND-00003259,STPOLICY00027147,RISK00027147,2024-03-24,Cover Adjustment,Household,"2.336.631,75",Northern Cape,SIM-9001,,,,AcquiredBook
STEND-00003260,STPOLICY00027155,RISK00027155,2023/06/09,Endorsement,Motor,"2.188.376,40",Limpopo,SIM-6001,2012,SIM-REG-00027155,SIM-VIN-0000027155,AcquiredBook
STEND-00003261,STPOLICY00027165,RISK00027165,2022/12/08,Sum Insured Change,Household,"R 2,462,556.58",Northern Cape,NULL,,,,EndorsementPortal
STEND-00003262,STPOLICY00027171,RISK00027171,2023-07-03,Sum Insured Change,Household,"2,084,317.93",Limpopo,SIM-6001,,,,EndorsementPortal
STEND-00003263,STPOLICY00027183,RISK00027183,09/01/2025,Address Move,Household,"ZAR 3,320,375.35",Gauteng,SIM-1002,,,,AcquiredBook
STEND-00003264,STPOLICY00027183,RISK00027183,21/02/2025,Endorsement,Household,"4,139,461.96",Gauteng,SIM-1002,,,,PolicyAdmin
STEND-00003265,STPOLICY00027206,RISK00027206,07-20-2023,Endorsement,Motor,"2.815.790,00",NULL,SIM-1001,1996,SIM-REG-00027206,SIM-VIN-0000027206,AcquiredBook
STEND-00003266,STPOLICY00027214,RISK00027214,08-12-2023,Address Move,Commercial,"36,931,989.02",Gauteng,SIM-1001,,,,PolicyAdmin
STEND-00003267,STPOLICY00027239,RISK00027239,2023-04-08,Endorsement,Household,"716.932,05",Limpopo,SIM-6001,,,,AcquiredBook
STEND-00003268,STPOLICY00027279,RISK00027279,2022-11-13,Vehicle Update,Commercial,"ZAR 1,789,720.38",Gauteng,SIM-1001,,,,PolicyAdmin
STEND-00003269,STPOLICY00027290,RISK00027290,14/12/2022,Vehicle Update,Commercial,23363012.77,Free State,SIM-5001,,,,AcquiredBook
STEND-00003270,STPOLICY00027295,RISK00027295,10-26-2022,Cover Adjustment,Household,"2.249.477,75",Northern Cape,SIM-9001,,,,AcquiredBook
STEND-00003271,STPOLICY00027295,RISK00027295,08/12/2022,Vehicle Update,Household,"2,033,247.67",Northern Cape,SIM-9001,,,,EndorsementPortal
STEND-00003272,STPOLICY00027303,RISK00027303,10-28-2022,Address Move,Motor,"3.462.893,53",Limpopo,SIM-6001,2019,SIM-REG-00027303,SIM-VIN-0000027303,PolicyAdmin
STEND-00003273,STPOLICY00027308,RISK00027308,14/03/2024,Address Move,Home Contents,775926.46,Gauteng,SIM-1001,,,,PolicyAdmin
STEND-00003274,STPOLICY00027309,RISK00027309,26/08/2023,Cover Adjustment,Commercial,821168.99,Limpopo,SIM-6001,,,,PolicyAdmin
STEND-00003275,STPOLICY00027324,RISK00027324,27/07/2024,Cover Adjustment,Commercial,"1.750.903,87",Mpumalanga,SIM-7001,,,,EndorsementPortal
STEND-00003276,STPOLICY00027329,RISK00027329,2022/09/23,Sum Insured Change,Motor,"ZAR 1,325,715.65",Mpumalanga,SIM-7001,2014,SIM-REG-00027329,SIM-VIN-0000027329,AcquiredBook
STEND-00003277,STPOLICY00027343,RISK00027343,27/09/2021,Endorsement,Motor,1763551.86,KwaZulu-Natal,SIM-3001,2025,SIM-REG-00027343,SIM-VIN-0000027343,PolicyAdmin
STEND-00003278,STPOLICY00027349,RISK00027349,2024/03/07,Address Move,Household,1345961.66,Limpopo,SIM-6001,,,,PolicyAdmin
STEND-00003279,STPOLICY00027369,RISK00027369,2023/11/13,Sum Insured Change,Household,"909.194,73",Northern Cape,SIM-9001,,,,EndorsementPortal
STEND-00003280,STPOLICY00027380,RISK00027380,08-28-2022,Vehicle Update,Household,"2.718.875,50",Gauteng,SIM-1003,,,,EndorsementPortal
STEND-00003281,STPOLICY00027381,RISK00027381,2024/02/27,Vehicle Update,Motor,"3.471.005,15",Free State,SIM-5001,2009,SIM-REG-00027381,SIM-VIN-0000027381,EndorsementPortal
STEND-00003282,STPOLICY00027386,RISK00027386,2023/06/14,Cover Adjustment,Household,"990,03",KwaZulu-Natal,SIM-3002,,,,EndorsementPortal
STEND-00003283,STPOLICY00027387,RISK00027387,07-16-2024,Endorsement,Motor,"R 3,876,064.05",Western Cape,SIM-2001,2017,SIM-REG-00027387,SIM-VIN-0000027387,PolicyAdmin
STEND-00003284,STPOLICY00027391,RISK00027391,2023/01/31,Sum Insured Change,Motor,"R 324,443.51",KwaZulu-Natal,SIM-3001,0,SIM-REG-00027391,SIM-VIN-0000027391,EndorsementPortal
STEND-00003285,STPOLICY00027394,RISK00027394,2022/11/22,Cover Adjustment,Commercial,"R 27,417,399.94",Eastern Cape,SIM-4001,,,,AcquiredBook
STEND-00003286,STPOLICY00027427,RISK00027427,01/11/2023,Address Move,Household,567926.83,KwaZulu-Natal,SIM-3101,,,,PolicyAdmin
STEND-00003287,STPOLICY00027447,RISK00027447,2022-04-16,Address Move,Household,89224.16,KwaZulu-Natal,SIM-3101,,,,AcquiredBook
STEND-00003288,STPOLICY00027462,RISK00027462,12-05-2023,Address Move,Commercial,129306.10,Free State,SIM-5001,,,,AcquiredBook
STEND-00003289,STPOLICY00027462,RISK00027462,01-28-2024,Address Move,Commercial,"151,598.41",Free State,N/A,,,,EndorsementPortal
STEND-00003290,STPOLICY00027477,RISK00027477,05/07/2023,Address Move,Motor,"ZAR 4,012,284.25",Gauteng,SIM-1002,2002,SIM-REG-00027477,SIM-VIN-0000027477,PolicyAdmin
STEND-00003291,STPOLICY00027491,RISK00027491,2023-07-26,Vehicle Update,Household,1561311.62,North West,SIM-8001,,,,PolicyAdmin
STEND-00003292,STPOLICY00027500,RISK00027500,09-30-2022,Endorsement,Motor,"4.228.836,14",Northern Cape,SIM-9001,2012,SIM-REG-00027500,SIM-VIN-0000027500,PolicyAdmin
STEND-00003293,STPOLICY00027520,RISK00027520,2023/08/20,Cover Adjustment,Motor,"2.120.338,52",North West,SIM-8001,2011,SIM-REG-00027520,SIM-VIN-0000027520,PolicyAdmin
STEND-00003294,STPOLICY00027524,RISK00027524,17/05/2023,Sum Insured Change,Motor,"R 2,022,218.51",Eastern Cape,SIM-4001,2022,SIM-REG-00027524,SIM-VIN-0000027524,EndorsementPortal
STEND-00003295,STPOLICY00027531,RISK00027531,12-07-2025,Endorsement,Commercial,1342754.13,KwaZulu-Natal,SIM-3002,,,,PolicyAdmin
STEND-00003296,STPOLICY00027537,RISK00027537,10-13-2023,Sum Insured Change,MOTOR,"2.708.118,12",Northern Cape,SIM-9001,2016,SIM-REG-00027537,SIM-VIN-0000027537,PolicyAdmin
STEND-00003297,STPOLICY00027573,RISK00027573,11-09-2023,Vehicle Update,Motor,"1,238,556.39",Eastern Cape,SIM-4001,1998,SIM-REG-00027573,SIM-VIN-0000027573,AcquiredBook
STEND-00003298,STPOLICY00027573,RISK00027573,2024/01/07,Cover Adjustment,Motor,"1,130,953.12",Eastern Cape,SIM-4001,0,,SIM-VIN-0000027573,EndorsementPortal
STEND-00003299,STPOLICY00027584,RISK00027584,01-13-2023,Endorsement,Commercial,N/A,Free State,SIM-5001,,,,AcquiredBook
STEND-00003300,STPOLICY00027586,RISK00027586,05-09-2022,Endorsement,Commercial,"5,026,922.70",Eastern Cape,SIM-4001,,,,AcquiredBook
STEND-00003301,STPOLICY00027591,RISK00027591,13/06/2023,Address Move,Motor,"R 1,410,016.82",Gauteng,SIM-1001,2001,SIM-REG-00027591,SIM-VIN-0000027591,PolicyAdmin
STEND-00003302,STPOLICY00027607,RISK00027607,2023/07/31,Cover Adjustment,Motor,"878,426.84",North West,SIM-8001,1991,SIM-REG-00027607,SIM-VIN-0000027607,EndorsementPortal
STEND-00003303,STPOLICY00027616,RISK00027616,26/05/2024,Vehicle Update,Household,"R 640,548.30",Free State,SIM-5001,,,,AcquiredBook
STEND-00003304,STPOLICY00027623,RISK00027623,07/09/2023,Vehicle Update,Motor,"R 2,184,202.02",Northern Cape,SIM-9001,2013,,SIM-VIN-0000027623,EndorsementPortal
STEND-00003305,STPOLICY00027626,RISK00027626,2023/07/19,Address Move,Household,1149174.82,Limpopo,SIM-6001,,,,PolicyAdmin
STEND-00003306,STPOLICY00027629,RISK00027629,02-23-2024,Address Move,Household,"ZAR 489,359.54",Limpopo,SIM-6001,,,,EndorsementPortal
STEND-00003307,STPOLICY00027664,RISK00027664,2023/06/01,Endorsement,Household,"2,265,636.95",Mpumalanga,SIM-7001,,,,EndorsementPortal
STEND-00003308,STPOLICY00027668,RISK00027668,2022/02/01,Address Move,Household,"210,385.09",Free State,SIM-5001,,,,EndorsementPortal
STEND-00003309,STPOLICY00027675,RISK00027675,2023-08-28,Cover Adjustment,Household,"ZAR 2,618,913.29",Mpumalanga,SIM-7001,,,,AcquiredBook
STEND-00003310,STPOLICY00027689,RISK00027689,2025/04/25,Sum Insured Change,Household,2742820.82,Free State,SIM-5001,,,,AcquiredBook
STEND-00003311,STPOLICY00027693,RISK00027693,06-17-2023,Endorsement,Motor,"341.631,88",North West,SIM-8001,1995,SIM-REG-00027693,SIM-VIN-0000027693,AcquiredBook
STEND-00003312,STPOLICY00027699,RISK00027699,21/04/2024,Cover Adjustment,Motor,"R 2,382,238.12",Limpopo,SIM-6001,1997,SIM-REG-00027699,SIM-VIN-0000027699,AcquiredBook
STEND-00003313,STPOLICY00027706,RISK00027706,23/03/2024,Cover Adjustment,Motor,3159349.69,Mpumalanga,SIM-7001,2019,SIM-REG-00006938,SIM-VIN-0000027706,AcquiredBook
STEND-00003314,STPOLICY00027710,RISK00027710,2024/01/07,Endorsement,Commercial,"R 5,852,905.00",Limpopo,SIM-6001,,,,PolicyAdmin
STEND-00003315,STPOLICY00027719,RISK00027719,2024/04/04,Address Move,Motor,"ZAR 1,173,351.14",Limpopo,SIM-6001,2011,SIM-REG-00027719,SIM-VIN-0000027719,PolicyAdmin
STEND-00003316,MISSING-360777,RISK00027721,2025-04-29,Endorsement,Household,"ZAR 1,336,442.45",Mpumalanga,SIM-7001,,,,AcquiredBook
STEND-00003317,MISSING-636123,RISK00027738,2022/10/24,Endorsement,Commercial,"R 2,426,477.99",Eastern Cape,SIM-4001,,,,PolicyAdmin
STEND-00003318,STPOLICY00027738,RISK00027738,2022/12/28,Sum Insured Change,Commercial,3088283.48,Eastern Cape,SIM-4001,,,,AcquiredBook
STEND-00003319,STPOLICY00027798,RISK00027798,06-24-2022,Vehicle Update,Household,715983.59,Eastern Cape,SIM-4001,,,,EndorsementPortal
STEND-00003320,STPOLICY00027804,RISK00027804,18/03/2024,Vehicle Update,Household,"R 841,919.13",Northern Cape,SIM-9001,,,,EndorsementPortal
STEND-00003321,STPOLICY00027827,RISK00027827,2023/02/19,Sum Insured Change,Commercial,"R 15,981,466.87",Gauteng,SIM-1001,,,,AcquiredBook
STEND-00003322,STPOLICY00027827,RISK00027827,03-28-2023,Sum Insured Change,Commercial,"16,055,282.98",Gauteng,SIM-1003,,,,EndorsementPortal
STEND-00003323,STPOLICY00027832,RISK00027832,2022/09/07,Address Move,Motor,"4,688,563.00",Mpumalanga,SIM-7001,1992,SIM-REG-00027832,SIM-VIN-0000027832,AcquiredBook
STEND-00003324,STPOLICY00027840,RISK00027840,10-04-2022,Cover Adjustment,Motor,"3,853,308.20",Western Cape,SIM-2002,2002,SIM-REG-00027840,SIM-VIN-0000027840,PolicyAdmin
STEND-00003325,STPOLICY00027842,RISK00027842,2022/07/15,Address Move,Commercial,29819180.12,KwaZulu-Natal,SIM-3001,,,,PolicyAdmin
STEND-00003326,STPOLICY00027848,RISK00027848,2023-01-14,Vehicle Update,Motor,0.00,Mpumalanga,SIM-7001,2019,SIM-REG-00027848,SIM-VIN-0000027848,PolicyAdmin
STEND-00003327,STPOLICY00027854,RISK00027854,29/07/2022,Vehicle Update,Household,ZAR 640.46,Northern Cape,SIM-9001,,,,PolicyAdmin
STEND-00003328,STPOLICY00027881,RISK00027881,23/11/2022,Vehicle Update,Household,1430303.95,Western Cape,NULL,,,,EndorsementPortal
STEND-00003329,STPOLICY00027884,RISK00027884,2023/02/19,Endorsement,Commercial,15657168.37,North West,SIM-8001,,,,EndorsementPortal
STEND-00003330,STPOLICY00027909,RISK00027909,2023-10-16,Address Move,Commercial,"ZAR 5,875,264.90",Northern Cape,SIM-9001,,,,PolicyAdmin
STEND-00003331,STPOLICY00027918,RISK00027918,15/07/2024,Sum Insured Change,Household,268468.80,Mpumalanga,SIM-7001,,,,AcquiredBook
STEND-00003332,STPOLICY00027920,RISK00027920,28/05/2023,Sum Insured Change,Motor,"ZAR 1,282,752.16",Mpumalanga,SIM-7001,2025,SIM-REG-00027920,SIM-VIN-0000027920,PolicyAdmin
STEND-00003333,STPOLICY00027930,RISK00027930,2024/10/27,Sum Insured Change,Commercial,32501399.45,KwaZulu-Natal,SIM-3001,,,,PolicyAdmin
STEND-00003334,STPOLICY00027930,RISK00027930,12-14-2024,Sum Insured Change,Commercial,"R 32,988,422.38",KwaZulu-Natal,SIM-3101,,,,PolicyAdmin
STEND-00003335,STPOLICY00027944,RISK00027944,16/09/2022,Vehicle Update,Household,"R 1,704,027.39",Gauteng,SIM-1001,,,,PolicyAdmin
STEND-00003336,STPOLICY00027966,RISK00027966,2024/09/04,Vehicle Update,Commercial,"R 19,319,343.33",Mpumalanga,,,,,AcquiredBook
STEND-00003337,STPOLICY00027977,RISK00027977,2022-08-18,Sum Insured Change,Motor,1697883.96,KwaZulu-Natal,SIM-3101,2007,,SIM-VIN-0000027977,EndorsementPortal
STEND-00003338,STPOLICY00027987,RISK00027987,2024/01/08,Vehicle Update,Commercial,"9.701.875,33",Gauteng,SIM-1003,,,,AcquiredBook
STEND-00003339,STPOLICY00027994,RISK00027994,07-10-2023,Sum Insured Change,Motor,"R 4,213,405.40",Eastern Cape,SIM-4001,1940,SIM-REG-00027994,SIM-VIN-0000027994,AcquiredBook
STEND-00003340,STPOLICY00027995,RISK00027995,2022/07/28,Vehicle Update,Motor,"2,847,750.04",Gauteng,SIM-1003,2007,SIM-REG-00027995,SIM-VIN-0000027995,AcquiredBook
