source_row_id,policy_id,risk_id,customer_id,intermediary_id,product_line,policy_start_date,policy_end_date,annual_premium,sum_insured,province,postal_area,vehicle_year,vehicle_registration,vehicle_vin_placeholder,policy_status,source_system
STPOL-000000036,STPOLICY00000036,RISK00000036,CUST00001216,INT000248,Household,,2022-04-14,"41.071,29","683,475.17",Eastern Cape,SIM-4001,,,,Active,LegacyShortTermB
STPOL-000000058,STPOLICY00000058,RISK00000058,CUST00006819,INT000336,Commercial,2023-09-11,,"R 414,718.14","4.932.487,82",North West,SIM-8001,,,,Active,LegacyShortTermB
STPOL-000000064,STPOLICY00000064,RISK00000064,CUST00003538,INT000156,Commercial,2024-10-31,,"R 1,412,389.27","21.142.973,56",Western Cape,,,,,Lapsed,LegacyShortTermA
STPOL-000000084,STPOLICY00000084,RISK00000084,CUST00002199,INT000276,Motor,,2022-07-26,307590.86,"3,498,371.67",Mpumalanga,SIM-7001,2018.0,SIM-REG-00000084,SIM-VIN-0000000084,Cancelled,LegacyShortTermB
STPOL-000000103,STPOLICY00000103,RISK00000103,CUST00003747,INT000396,Household,,2026-07-30,"51,849.75",3439433.98,KwaZulu-Natal,,,,,In Force,LegacyShortTermB
STPOL-000000150,STPOLICY00000150,RISK00000150,CUST00006644,INT000575,Commercial,,2022-01-03,"822.896,23",9950928.85,Western Cape,SIM-2001,,,,In Force,LegacyShortTermA
STPOL-000000216,STPOLICY00000216,RISK00000216,CUST00008554,INT000595,Household,2025-10-15,,138441.97,"R 3,019,421.61",,SIM-6001,,,,Cancelled,LegacyShortTermB
STPOL-000000218,STPOLICY00000218,RISK00000218,CUST00003200,INT000625,Commercial,,2026-03-13,"596.250,29","14,262,449.79",Mpumalanga,SIM-7001,,,,In Force,LegacyShortTermA
STPOL-000000254,STPOLICY00000254,RISK00000254,CUST00010544,INT000341,Commercial,,2025-04-04,"R 1,702,047.30",21855185.40,Free State,SIM-5001,,,,In Force,AcquiredBook
STPOL-000000272,STPOLICY00000272,RISK00000272,CUST00006339,INT000590,Household,,2022-12-18,181948.03,3369291.69,KwaZulu-Natal,SIM-3101,,,,Active,LegacyShortTermA
STPOL-000000283,STPOLICY00000283,RISK00000283,CUST00002934,INT000282,Motor,,2025-09-10,"20.373,01","1,309,062.00",Limpopo,,2023.0,SIM-REG-00000283,SIM-VIN-0000000283,Cancelled,AcquiredBook
STPOL-000000309,STPOLICY00000309,RISK00000309,CUST00005440,INT000342,Motor,2022-04-13,,"ZAR 24,783.72","R 2,121,043.58",KwaZulu-Natal,SIM-3002,1998.0,SIM-REG-00000309,SIM-VIN-0000000309,Active,AcquiredBook
STPOL-000000323,STPOLICY00000323,RISK00000323,CUST00004176,INT000621,Household,2025-05-01,,"R 26,795.46",851796.68,Northern Cape,SIM-9001,,,,Active,AcquiredBook
STPOL-000000411,STPOLICY00000411,RISK00000411,CUST00011836,INT000514,Motor,2023-04-20,,"ZAR 181,362.75","2,306,414.33",Mpumalanga,,2019.0,SIM-REG-00000411,SIM-VIN-0000000411,INFORCE,LegacyShortTermA
STPOL-000000492,STPOLICY00000492,RISK00000492,CUST00004953,INT000674,Commercial,2024-02-23,,"R 58,253.53",not recorded,Northern Cape,SIM-9001,,,,INFORCE,LegacyShortTermA
STPOL-000000533,STPOLICY00000533,RISK00000533,CUST00001079,INT000385,Household,2021-09-13,,2585.20,"73,824.74",Mpumalanga,SIM-7001,,,,Lapsed,LegacyShortTermB
STPOL-000000550,STPOLICY00000550,RISK00000550,CUST00003882,INT000164,Commercial,,2024-06-07,"1.333.521,79",26816525.09,KwaZulu-Natal,SIM-3101,,,,Lapsed,LegacyShortTermA
STPOL-000000553,STPOLICY00000553,RISK00000553,CUST00007406,INT000465,Motor,2021-10-22,,"ZAR 247,677.20",2920842.75,Eastern Cape,SIM-4001,2024.0,SIM-REG-00000553,SIM-VIN-0000000553,Cancelled,LegacyShortTermA
STPOL-000000566,STPOLICY00000566,RISK00000566,CUST00011900,INT000655,Household,,2022-01-25,"R 153,025.47","2,497,821.72",North West,SIM-8001,,,,Active,LegacyShortTermA
STPOL-000000571,STPOLICY00000571,RISK00000571,CUST00010216,INT000201,Household,,2023-04-04,"605,68","R 32,275.82",North West,SIM-8001,,,,Cancelled,LegacyShortTermA
STPOL-000000593,STPOLICY00000593,RISK00000593,CUST00001914,INT000325,Household,,2023-11-11,318193.98,"R 3,658,986.19",Eastern Cape,SIM-4001,,,,Cancelled,AcquiredBook
STPOL-000000734,STPOLICY00000734,RISK00000734,CUST00007803,INT000421,Motor,2024-06-04,,"145,204.87","ZAR 3,467,540.81",Gauteng,SIM-1003,1994.0,SIM-REG-00000734,SIM-VIN-0000000734,Active,LegacyShortTermA
STPOL-000000818,STPOLICY00000818,RISK00000818,CUST00001844,INT000407,Household,,2022-06-03,"R 3,563.87","R 44,727.07",Limpopo,SIM-6001,,,,Active,AcquiredBook
STPOL-000000903,STPOLICY00000903,RISK00000903,CUST00000535,INT000298,Commercial,,2024-04-10,277810.23,"11,478,768.47",Gauteng,SIM-1003,,,,INFORCE,LegacyShortTermA
STPOL-000000988,STPOLICY00000988,RISK00000988,CUST00002207,INT000119,Household,,2026-06-25,"ZAR 60,582.43","ZAR 1,038,459.41",Mpumalanga,SIM-7001,,,,Cancelled,LegacyShortTermB
STPOL-000001003,STPOLICY00001003,RISK00001003,CUST00004420,INT000109,Commercial,2023-05-27,,"R 662,414.23","ZAR 13,202,214.54",Eastern Cape,SIM-4001,,,,Active,LegacyShortTermB
STPOL-000001052,STPOLICY00001052,RISK00001052,CUST00003114,INT000234,Household,,2024-11-30,"152,124.58","1.871.304,76",Northern Cape,SIM-9001,,,,In Force,AcquiredBook
STPOL-000001193,STPOLICY00001193,RISK00001193,CUST00001018,INT000700,Commercial,,2022-03-20,"ZAR 350,462.12","20,900,746.52",North West,SIM-8001,,,,INFORCE,LegacyShortTermB
STPOL-000001233,STPOLICY00001233,RISK00001233,CUST00008918,INT000065,Commercial,,2022-12-20,"443.513,09","ZAR 10,300,704.66",Northern Cape,SIM-9001,,,,Lapsed,LegacyShortTermB
STPOL-000001321,STPOLICY00001321,RISK00001321,CUST00007386,INT000354,Motor,2024-02-03,,"ZAR 26,877.61","ZAR 629,382.25",Northern Cape,SIM-9001,2018.0,SIM-REG-00001321,SIM-VIN-0000001321,Lapsed,AcquiredBook
STPOL-000001396,STPOLICY00001396,RISK00001396,CUST00002687,INT000245,Commercial,,2024-07-05,"ZAR 264,687.43","6,800,330.99",Northern Cape,SIM-9001,,,,INFORCE,LegacyShortTermB
STPOL-000001419,STPOLICY00001419,RISK00001419,CUST00010160,INT000199,Motor,2021-04-29,,"ZAR 142,333.59","1,585,655.35",Northern Cape,SIM-9001,2009.0,SIM-REG-00001419,SIM-VIN-0000001419,Cancelled,LegacyShortTermB
STPOL-000001441,STPOLICY00001441,RISK00001441,CUST00008029,INT000248,Commercial,,2023-05-11,"1,281,935.31","R 23,377,575.35",KwaZulu-Natal,SIM-3002,,,,Lapsed,AcquiredBook
STPOL-000001576,STPOLICY00001576,RISK00001576,CUST00006539,INT000115,Commercial,2023-06-04,,"R 1,011,579.61","13.710.316,84",Free State,SIM-5001,,,,Cancelled,AcquiredBook
STPOL-000001599,STPOLICY00001599,RISK00001599,CUST00004209,INT000307,SME Commercial,,2021-10-03,"ZAR 6,195.61",,Gauteng,SIM-1002,,,,Active,AcquiredBook
STPOL-000001664,STPOLICY00001664,RISK00001664,CUST00005915,INT000652,Motor,,2025-10-24,"262.644,61","ZAR 3,702,715.24",Mpumalanga,SIM-7001,2019.0,SIM-REG-00001664,SIM-VIN-0000001664,Active,LegacyShortTermA
STPOL-000001688,STPOLICY00001688,RISK00001688,CUST00002167,INT000197,Household,2024-08-14,,12887.88,"572.659,82",Gauteng,SIM-1001,,,,Lapsed,LegacyShortTermA
STPOL-000001689,STPOLICY00001689,RISK00001689,CUST00005936,INT000309,Motor,2024-06-03,,"8.235,28","ZAR 468,078.54",Northern Cape,SIM-9001,2014.0,SIM-REG-00001689,SIM-VIN-0000001689,INFORCE,AcquiredBook
STPOL-000001714,STPOLICY00001714,RISK00001714,CUST00007349,INT000200,Household,2021-08-13,,"R 21,309.77",1544362.41,Free State,SIM-5001,,,,Active,AcquiredBook
STPOL-000001779,STPOLICY00001779,RISK00001779,CUST00007252,INT000540,Household,2023-06-16,,150100.75,"ZAR 3,253,138.57",Gauteng,SIM-1003,,,,INFORCE,LegacyShortTermB
STPOL-000001784,STPOLICY00001784,RISK00001784,CUST00009866,INT000406,Commercial,2022-09-12,,"R 832,881.17","23.448.700,19",Mpumalanga,SIM-7001,,,,Active,LegacyShortTermA
STPOL-000001799,STPOLICY00001799,RISK00001799,CUST00000226,INT000484,Commercial,,2024-04-17,"R 52,709.54","ZAR 2,335,398.43",KwaZulu-Natal,SIM-3101,,,,Active,LegacyShortTermA
STPOL-000001804,STPOLICY00001804,RISK00001804,CUST00009375,INT000630,Household,2023-08-27,,"105,426.08","1.827.642,55",Mpumalanga,SIM-7001,,,,Cancelled,LegacyShortTermB
STPOL-000001827,STPOLICY00001827,RISK00001827,CUST00013529,INT000461,Household,2024-04-09,,"2,945.63","242.986,01",Western Cape,SIM-2101,,,,Cancelled,LegacyShortTermB
STPOL-000001889,STPOLICY00001889,RISK00001889,CUST00007532,INT000612,Commercial,,2022-09-14,253982.81,"3.252.712,91",KwaZulu-Natal,SIM-3101,,,,Cancelled,LegacyShortTermB
STPOL-000001959,STPOLICY00001959,RISK00001959,CUST00001664,INT000029,Commercial,,2023-06-12,"930,026.68","11,149,931.64",Mpumalanga,SIM-7001,,,,INFORCE,AcquiredBook
STPOL-000001997,STPOLICY00001997,RISK00001997,CUST00000461,INT000616,Motor,,2024-05-07,"178.965,14",3377354.45,Eastern Cape,SIM-4001,2024.0,SIM-REG-00001997,SIM-VIN-0000001997,In Force,LegacyShortTermA
STPOL-000002050,STPOLICY00002050,RISK00002050,CUST00004792,INT000219,Motor,2021-10-31,,"84.151,82","1.413.293,14",Mpumalanga,SIM-7001,2021.0,SIM-REG-00002050,SIM-VIN-0000002050,In Force,LegacyShortTermA
STPOL-000002058,STPOLICY00002058,RISK00002058,CUST00007416,INT000449,Commercial,2022-01-08,,"ZAR 254,346.16","ZAR 3,051,016.02",Northern Cape,SIM-9001,,,,Active,LegacyShortTermB
STPOL-000002107,STPOLICY00002107,RISK00002107,CUST00006984,INT000204,Motor,,2026-10-19,"25.327,00",2182433.20,Free State,SIM-5001,2001.0,SIM-REG-00002107,SIM-VIN-0000002107,Lapsed,LegacyShortTermA
STPOL-000002146,STPOLICY00002146,RISK00002146,CUST00010335,INT000659,Motor,2023-04-09,,"35.885,82","629.646,14",Western Cape,SIM-2002,2000.0,SIM-REG-00002146,SIM-VIN-0000002146,Active,LegacyShortTermA
STPOL-000002172,STPOLICY00002172,RISK00002172,CUST00001586,INT000563,Household,,2022-01-03,"65,332.72","1.674.991,92",Mpumalanga,SIM-7001,,,,Active,AcquiredBook
STPOL-000002204,STPOLICY00002204,RISK00002204,CUST00008041,INT000193,Household,,2026-07-15,89768.67,"ZAR 1,903,738.98",Free State,SIM-5001,,,,Lapsed,AcquiredBook
STPOL-000002351,STPOLICY00002351,RISK00002351,CUST00001747,INT000398,Commercial,2023-03-10,,"R 1,362,589.39",16536585.41,Western Cape,SIM-2101,,,,Lapsed,AcquiredBook
STPOL-000002408,STPOLICY00002408,RISK00002408,CUST00001711,MISSING-465996,Household,2023-06-10,,"45.289,01","ZAR 3,902,618.12",Mpumalanga,SIM-7001,,,,Cancelled,LegacyShortTermB
STPOL-000002413,STPOLICY00002413,RISK00002413,CUST00011714,INT000245,Household,2025-04-03,,162277.82,"ZAR 3,105,463.67",North West,SIM-8001,,,,In Force,AcquiredBook
STPOL-000002497,STPOLICY00002497,RISK00002497,CUST00012691,INT000672,Motor,2024-04-25,,167755.32,"ZAR 2,012,030.92",Western Cape,SIM-2001,1990.0,SIM-REG-00002497,SIM-VIN-0000002497,In Force,LegacyShortTermB
STPOL-000002506,STPOLICY00002506,RISK00002506,CUST00006688,INT000081,Motor,,2022-07-01,"63.969,26",1238561.15,Eastern Cape,SIM-4001,2002.0,SIM-REG-00002506,SIM-VIN-0000002506,In Force,AcquiredBook
STPOL-000002723,STPOLICY00002723,RISK00002723,CUST00013328,INT000545,Commercial,,2022-11-28,"243,821.69",2889533.16,Northern Cape,SIM-9001,,,,Lapsed,AcquiredBook
STPOL-000002771,STPOLICY00002771,RISK00002771,CUST00005126,INT000432,Commercial,,2026-06-30,"ZAR 1,052,559.65","25,036,852.90",Free State,SIM-5001,,,,Lapsed,LegacyShortTermA
STPOL-000002810,STPOLICY00002810,RISK00002810,CUST00002563,INT000525,Household,2023-07-06,,"100.104,33","2,787,018.82",Eastern Cape,SIM-4001,,,,Lapsed,AcquiredBook
STPOL-000002823,STPOLICY00002823,RISK00002823,CUST00009865,INT000529,Household,2022-12-10,,6396.30,"ZAR 483,972.41",Gauteng,SIM-1001,,,,Lapsed,AcquiredBook
STPOL-000002909,STPOLICY00002909,RISK00002909,CUST00013774,INT000019,Commercial,2021-01-22,,"R 87,601.06","3,884,283.28",KwaZulu-Natal,SIM-3001,,,,Lapsed,AcquiredBook
STPOL-000002937,STPOLICY00002937,RISK00002937,CUST00008380,INT000371,Household,,2022-01-16,"221.028,19","ZAR 3,770,188.21",Free State,SIM-5001,,,,Cancelled,AcquiredBook
STPOL-000002955,STPOLICY00002955,RISK00002955,CUST00005344,INT000105,Commercial,,2024-01-07,"ZAR 730,768.42","22,827,719.83",North West,SIM-8001,,,,In Force,LegacyShortTermA
STPOL-000003036,STPOLICY00003036,RISK00003036,CUST00006515,INT000421,Household,2024-10-21,,"R 2,115.64",65244.62,Northern Cape,SIM-9001,,,,Lapsed,AcquiredBook
STPOL-000003079,STPOLICY00003079,RISK00003079,CUST00010864,INT000518,Household,2025-10-13,,"48.721,16",3952954.31,Western Cape,SIM-2101,,,,INFORCE,LegacyShortTermA
STPOL-000003089,STPOLICY00003089,RISK00003089,CUST00009873,INT000086,Household,2021-12-12,,34400.87,"ZAR 768,844.15",Limpopo,SIM-6001,,,,Active,AcquiredBook
STPOL-000003092,STPOLICY00003092,RISK00003092,CUST00004518,INT000495,Commercial,2021-11-05,,"ZAR 895,569.20","15.238.587,50",Free State,SIM-5001,,,,INFORCE,LegacyShortTermA
STPOL-000003181,STPOLICY00003181,RISK00003181,CUST00005690,INT000088,Household,2022-08-12,,"R 49,725.43","2,036,425.06",Northern Cape,SIM-9001,,,,Lapsed,LegacyShortTermB
STPOL-000003252,STPOLICY00003252,RISK00003252,CUST00001548,INT000311,Commercial,2025-09-10,,"ZAR 736,936.34","ZAR 26,548,847.46",Western Cape,SIM-2002,,,,Cancelled,LegacyShortTermA
STPOL-000003262,STPOLICY00003262,RISK00003262,CUST00006184,INT000574,Household,2023-07-08,,"ZAR 29,128.81","390.653,53",Mpumalanga,SIM-7001,,,,In Force,LegacyShortTermA
STPOL-000003288,STPOLICY00003288,RISK00003288,CUST00009154,INT000206,Commercial,,2025-10-12,"R 464,724.79","ZAR 6,013,423.85",Northern Cape,SIM-9001,,,,Cancelled,LegacyShortTermA
STPOL-000003289,STPOLICY00003289,RISK00003289,CUST00002624,INT000362,Commercial,2024-09-27,,"1,905,217.40","R 24,430,637.79",North West,SIM-8001,,,,In Force,LegacyShortTermB
STPOL-000003317,STPOLICY00003317,RISK00003317,CUST00005048,INT000500,Motor,2024-05-13,,"ZAR 7,898.79","346.056,82",Limpopo,SIM-6001,1996.0,SIM-REG-00003317,SIM-VIN-0000003317,Active,LegacyShortTermB
STPOL-000003335,STPOLICY00003335,RISK00003335,CUST00011956,INT000002,Motor,2022-06-04,,"R 32,527.36",446777.49,Free State,SIM-5001,1994.0,SIM-REG-00003335,SIM-VIN-0000003335,In Force,LegacyShortTermA
STPOL-000003342,STPOLICY00003342,RISK00003342,CUST00009862,INT000447,Motor,2025-04-10,,"R 256,215.50",3897058.25,Gauteng,SIM-1001,2003.0,SIM-REG-00003342,SIM-VIN-0000003342,Cancelled,LegacyShortTermA
STPOL-000003405,STPOLICY00003405,RISK00003405,CUST00011008,INT000397,Motor,2023-05-10,,"R 42,905.17","840,979.16",Limpopo,SIM-6001,2009.0,SIM-REG-00003405,SIM-VIN-0000003405,Lapsed,LegacyShortTermB
STPOL-000003439,STPOLICY00003439,RISK00003439,CUST00002334,INT000329,Motor,2024-03-11,,"ZAR 131,914.69","2,094,024.85",Gauteng,SIM-1003,1992.0,SIM-REG-00003439,SIM-VIN-0000003439,In Force,LegacyShortTermB
STPOL-000003495,STPOLICY00003495,RISK00003495,CUST00001022,INT000677,Motor,2021-06-12,,"R 38,022.22","980,854.33",Western Cape,SIM-2002,2011.0,SIM-REG-00003495,SIM-VIN-0000003495,INFORCE,LegacyShortTermA
STPOL-000003540,STPOLICY00003540,RISK00003540,CUST00003093,INT000414,Household,2023-04-16,,"R 25,594.41","1,654,561.96",,SIM-3101,,,,Cancelled,LegacyShortTermB
STPOL-000003556,STPOLICY00003556,RISK00003556,CUST00009140,INT000124,Commercial,2024-07-21,,"1,351,389.28","27.104.085,26",Western Cape,SIM-2101,,,,Cancelled,LegacyShortTermA
STPOL-000003636,STPOLICY00003636,RISK00003636,CUST00011867,INT000417,Motor,,2026-07-27,"30,522.11",696524.74,Gauteng,SIM-1003,2020.0,SIM-REG-00003636,SIM-VIN-0000003636,In Force,LegacyShortTermA
STPOL-000003650,STPOLICY00003650,RISK00003650,CUST00013456,INT000500,Commercial,2024-12-15,,"1,269,052.55","26.055.661,48",Limpopo,SIM-6001,,,,Lapsed,LegacyShortTermA
STPOL-000003683,STPOLICY00003683,RISK00003683,CUST00002217,INT000269,Motor,,2026-07-11,78007.84,"2,267,999.62",KwaZulu-Natal,,2008.0,SIM-REG-00003683,SIM-VIN-0000003683,Lapsed,LegacyShortTermA
STPOL-000003785,STPOLICY00003785,RISK00003785,CUST00010132,INT000694,Commercial,2023-03-17,,"ZAR 706,846.82","9.556.606,97",KwaZulu-Natal,SIM-3101,,,,Active,LegacyShortTermA
STPOL-000003877,STPOLICY00003877,RISK00003877,CUST00011926,INT000363,Commercial,,2023-04-24,"631,381.42","R 19,501,980.77",Northern Cape,SIM-9001,,,,In Force,AcquiredBook
STPOL-000003941,STPOLICY00003941,RISK00003941,CUST00009481,INT000584,Commercial,,2023-03-31,225505.40,"8.653.877,86",Western Cape,SIM-2101,,,,Cancelled,LegacyShortTermB
STPOL-000004023,STPOLICY00004023,RISK00004023,CUST00012972,INT000528,Commercial,,2022-12-15,"469.116,47","25.241.068,98",Limpopo,SIM-6001,,,,In Force,LegacyShortTermA
STPOL-000004113,STPOLICY00004113,RISK00004113,CUST00012877,INT000060,Household,,2024-07-24,78987.97,"3,900,750.78",KwaZulu-Natal,SIM-3101,,,,In Force,LegacyShortTermB
STPOL-000004129,STPOLICY00004129,RISK00004129,CUST00000106,INT000557,Commercial,2022-08-31,,"220.994,98","17.118.588,14",Free State,SIM-5001,,,,INFORCE,LegacyShortTermB
STPOL-000004239,STPOLICY00004239,RISK00004239,CUST00001149,INT000069,Commercial,,2022-01-01,"R 1,024,842.04","ZAR 20,009,746.76",North West,SIM-8001,,,,INFORCE,LegacyShortTermB
STPOL-000004250,STPOLICY00004250,RISK00004250,CUST00004295,INT000700,Motor,,2026-09-15,127218.82,"R 2,966,200.86",Limpopo,SIM-6001,1992.0,SIM-REG-00004250,SIM-VIN-0000004250,Active,LegacyShortTermB
STPOL-000004309,STPOLICY00004309,RISK00004309,CUST00005935,INT000054,Motor,,2022-07-30,"42.328,86","998.143,15",Free State,SIM-5001,1992.0,SIM-REG-00004309,SIM-VIN-0000004309,Cancelled,LegacyShortTermA
STPOL-000004350,STPOLICY00004350,RISK00004350,CUST00000933,INT000183,Motor,2022-01-16,,"R 17,126.60","ZAR 572,800.79",Mpumalanga,SIM-7001,2005.0,SIM-REG-00004350,SIM-VIN-0000004350,Cancelled,AcquiredBook
STPOL-000004351,STPOLICY00004351,RISK00004351,CUST00004679,INT000289,Household,2023-07-20,,"R 92,188.09",1696226.50,Free State,SIM-5001,,,,Lapsed,AcquiredBook
STPOL-000004356,STPOLICY00004356,RISK00004356,CUST00007464,INT000107,Motor,2021-08-24,,56536.01,"ZAR 1,384,964.85",Eastern Cape,SIM-4001,2003.0,SIM-REG-00004356,SIM-VIN-0000004356,Active,LegacyShortTermA
STPOL-000004384,STPOLICY00004384,RISK00004384,CUST00011253,INT000667,Motor,,2024-07-31,"ZAR 22,492.75","ZAR 493,864.60",Limpopo,SIM-6001,1999.0,SIM-REG-00004384,SIM-VIN-0000004384,Active,LegacyShortTermB
STPOL-000004512,STPOLICY00004512,RISK00004512,CUST00009277,INT000437,Motor,2025-08-22,,177499.56,3777015.78,,SIM-3001,1999.0,SIM-REG-00004512,SIM-VIN-0000004512,Cancelled,LegacyShortTermA
STPOL-000004523,STPOLICY00004523,RISK00004523,CUST00006769,INT000272,Commercial,2024-03-09,,107289.69,"3.395.937,67",North West,SIM-8001,,,,Lapsed,LegacyShortTermA
STPOL-000004619,STPOLICY00004619,RISK00004619,CUST00009176,INT000450,Motor,2025-01-02,,"83,917.07","ZAR 1,693,092.58",,SIM-4001,1996.0,SIM-REG-00004619,SIM-VIN-0000004619,INFORCE,LegacyShortTermB
STPOL-000004678,STPOLICY00004678,RISK00004678,MISSING-827383,INT000470,Motor,,2022-05-31,152250.71,"ZAR 1,848,998.19",North West,SIM-8001,2005.0,SIM-REG-00004678,SIM-VIN-0000004678,Active,LegacyShortTermB
STPOL-000004705,STPOLICY00004705,RISK00004705,CUST00011733,INT000129,Motor,,2026-03-12,"ZAR 137,289.09","3,942,288.68",Mpumalanga,SIM-7001,2016.0,SIM-REG-00004705,SIM-VIN-0000004705,Active,LegacyShortTermB
STPOL-000004849,STPOLICY00004849,RISK00004849,CUST00001908,INT000580,Commercial,2023-10-19,,"R 475,107.62","R 7,841,296.45",Mpumalanga,SIM-7001,,,,Lapsed,AcquiredBook
STPOL-000004934,STPOLICY00004934,RISK00004934,CUST00005915,INT000385,Motor,2023-10-18,,128565.86,"ZAR 3,400,897.94",Gauteng,SIM-1003,2013.0,SIM-REG-00004934,SIM-VIN-0000004934,Cancelled,LegacyShortTermA
STPOL-000004958,STPOLICY00004958,RISK00004958,CUST00000904,INT000303,Commercial,2021-12-13,,199895.87,"4.066.046,69",KwaZulu-Natal,SIM-3002,,,,Active,AcquiredBook
STPOL-000005019,STPOLICY00005019,RISK00005019,CUST00006794,INT000439,Commercial,,2026-03-14,"ZAR 1,041,200.15","R 20,328,446.93",Mpumalanga,SIM-7001,,,,In Force,LegacyShortTermA
STPOL-000005023,STPOLICY00005023,RISK00005023,CUST00012241,INT000082,Commercial,,2023-10-09,373311.67,4400268.17,Gauteng,SIM-1003,,,,Lapsed,LegacyShortTermA
STPOL-000005098,STPOLICY00005098,RISK00005098,CUST00010085,INT000462,Household,2022-01-05,,9570.22,"ZAR 1,058,863.84",KwaZulu-Natal,SIM-3002,,,,Active,LegacyShortTermB
STPOL-000005204,STPOLICY00005204,RISK00005204,CUST00001829,INT000535,Motor,,2024-03-12,162390.08,3513093.90,KwaZulu-Natal,SIM-3101,2018.0,SIM-REG-00005204,SIM-VIN-0000005204,INFORCE,AcquiredBook
STPOL-000005262,STPOLICY00005262,RISK00005262,CUST00011054,INT000672,Motor,2021-09-06,,"158.514,26",3975923.16,Limpopo,SIM-6001,1993.0,SIM-REG-00005262,SIM-VIN-0000005262,Lapsed,LegacyShortTermB
STPOL-000005275,STPOLICY00005275,RISK00005275,CUST00012508,INT000608,Motor,,2023-08-18,"R 178,408.93","2.898.841,17",Limpopo,SIM-6001,2008.0,SIM-REG-00005275,SIM-VIN-0000005275,Cancelled,LegacyShortTermB
STPOL-000005288,STPOLICY00005288,RISK00005288,CUST00006923,INT000601,Motor,,2024-08-08,"83.221,19",3600683.49,Eastern Cape,SIM-4001,1998.0,SIM-REG-00005288,SIM-VIN-0000005288,Active,LegacyShortTermA
STPOL-000005308,STPOLICY00005308,RISK00005308,CUST00002172,INT000648,Motor,,2023-02-02,"R 87,791.08",2917036.57,KwaZulu-Natal,SIM-3002,2007.0,SIM-REG-00005308,SIM-VIN-0000005308,Lapsed,LegacyShortTermB
STPOL-000005322,STPOLICY00005322,RISK00005322,CUST00003471,INT000555,Motor,,2022-09-06,"R 63,296.59","3,413,792.54",Gauteng,SIM-1002,1992.0,SIM-REG-00005322,SIM-VIN-0000005322,Lapsed,LegacyShortTermB
STPOL-000005340,STPOLICY00005340,RISK00005340,CUST00000228,INT000482,Commercial,,2022-08-24,"1.245.399,45",18387334.15,Western Cape,SIM-2002,,,,Active,AcquiredBook
STPOL-000005397,STPOLICY00005397,RISK00005397,CUST00007712,INT000669,Household,2023-04-11,,49041.24,674945.51,Limpopo,SIM-6001,,,,Lapsed,AcquiredBook
STPOL-000005402,STPOLICY00005402,RISK00005402,CUST00012675,INT000616,Household,2022-10-18,,"R 57,254.19",2588179.32,North West,SIM-8001,,,,Cancelled,AcquiredBook
STPOL-000005418,STPOLICY00005418,RISK00005418,CUST00012906,INT000463,Commercial,,2025-01-21,159713.04,1953311.10,North West,SIM-8001,,,,Active,LegacyShortTermA
STPOL-000005464,STPOLICY00005464,RISK00005464,CUST00012551,INT000324,MOTOR,,2024-10-29,"ZAR 93,604.22","1.262.418,78",Gauteng,SIM-1002,2015.0,SIM-REG-00005464,SIM-VIN-0000005464,Cancelled,AcquiredBook
STPOL-000005468,STPOLICY00005468,RISK00005468,CUST00003578,MISSING-493322,Motor,2025-12-08,,"28,022.55","R 2,043,334.04",Northern Cape,SIM-9001,1993.0,SIM-REG-00005468,SIM-VIN-0000005468,Cancelled,AcquiredBook
STPOL-000005502,STPOLICY00005502,RISK00005502,MISSING-890329,INT000369,Motor,,2024-11-23,"17,231.76","ZAR 864,638.27",Northern Cape,SIM-9001,2003.0,SIM-REG-00005502,SIM-VIN-0000005502,Active,LegacyShortTermA
STPOL-000005715,STPOLICY00005715,RISK00005715,CUST00008481,INT000193,Motor,,2024-04-06,"167,729.05","R 3,121,464.70",Mpumalanga,SIM-7001,2013.0,SIM-REG-00005715,SIM-VIN-0000005715,Lapsed,LegacyShortTermA
STPOL-000005718,STPOLICY00005718,RISK00005718,CUST00008177,INT000691,Household,2024-05-07,,"113.219,53","R 2,367,740.10",Gauteng,SIM-1001,,,,Cancelled,LegacyShortTermA
STPOL-000005741,STPOLICY00005741,RISK00005741,CUST00011709,INT000001,Household,2024-05-17,,"R 80,811.84","ZAR 3,322,896.84",Free State,SIM-5001,,,,Active,LegacyShortTermA
STPOL-000005784,STPOLICY00005784,RISK00005784,CUST00002214,INT000576,Commercial,2022-12-23,,"1.420.381,99",28687420.51,North West,SIM-8001,,,,INFORCE,AcquiredBook
STPOL-000005794,STPOLICY00005794,RISK00005794,CUST00008249,INT000071,Commercial,,2022-04-25,"853,802.33","ZAR 10,227,515.90",Gauteng,SIM-1003,,,,Lapsed,LegacyShortTermA
STPOL-000005849,STPOLICY00005849,RISK00005849,CUST00004210,INT000403,Household,2025-06-02,,"ZAR 17,555.35","R 1,727,649.37",Limpopo,SIM-6001,,,,INFORCE,AcquiredBook
STPOL-000005857,STPOLICY00005857,RISK00005857,CUST00000906,INT000437,Household,,2024-05-06,"R 10,230.14","492.649,09",Mpumalanga,SIM-7001,,,,Active,AcquiredBook
STPOL-000005945,STPOLICY00005945,RISK00005945,CUST00005000,INT000613,Household,2022-10-02,,"47.246,50","3,331,648.57",Mpumalanga,,,,,INFORCE,LegacyShortTermB
STPOL-000005972,STPOLICY00005972,RISK00005972,CUST00011364,INT000697,Commercial,,2026-03-20,"R 1,148,896.97","R 15,849,731.35",Western Cape,SIM-2101,,,,Cancelled,LegacyShortTermA
STPOL-000006036,STPOLICY00006036,RISK00006036,CUST00002543,INT000021,Household,,2024-05-25,"ZAR 51,764.49","2.350.246,70",Mpumalanga,SIM-7001,,,,Cancelled,LegacyShortTermB
STPOL-000006110,STPOLICY00006110,RISK00006110,CUST00008980,INT000474,Household,2025-11-02,,"9.247,10","ZAR 745,860.91",North West,SIM-8001,,,,Active,AcquiredBook
STPOL-000006277,STPOLICY00006277,RISK00006277,CUST00002697,INT000327,Household,,2023-04-28,"ZAR 147,434.06","ZAR 2,225,089.62",Eastern Cape,SIM-4001,,,,Cancelled,LegacyShortTermA
STPOL-000006355,STPOLICY00006355,RISK00006355,CUST00011015,INT000476,Household,,2025-03-26,"R 101,679.85","R 2,292,839.54",Gauteng,SIM-1001,,,,In Force,AcquiredBook
STPOL-000006388,STPOLICY00006388,RISK00006388,CUST00011982,INT000471,Household,2023-04-29,,50793.69,"R 3,501,618.74",Northern Cape,SIM-9001,,,,Lapsed,LegacyShortTermB
STPOL-000006442,STPOLICY00006442,RISK00006442,CUST00004913,INT000321,Motor,2022-08-23,,191810.40,"3.562.315,89",Eastern Cape,SIM-4001,1998.0,SIM-REG-00006442,SIM-VIN-0000006442,In Force,LegacyShortTermB
STPOL-000006466,STPOLICY00006466,RISK00006466,CUST00009553,INT000579,Household,2021-01-26,,"84,116.78","1,207,218.52",Limpopo,SIM-6001,,,,Active,LegacyShortTermA
STPOL-000006586,STPOLICY00006586,RISK00006586,CUST00004237,INT000695,Commercial,,2023-04-16,"R 525,766.52","R 12,918,669.33",Northern Cape,SIM-9001,,,,Lapsed,LegacyShortTermA
STPOL-000006618,STPOLICY00006618,RISK00006618,CUST00003809,INT000230,Motor,,2026-12-27,"79,585.62","ZAR 1,178,337.05",Limpopo,SIM-6001,2001.0,SIM-REG-00006618,SIM-VIN-0000006618,Lapsed,AcquiredBook
STPOL-000006626,STPOLICY00006626,RISK00006626,CUST00010845,INT000028,Motor,,2022-05-03,88002.68,"ZAR 2,835,210.31",Limpopo,SIM-6001,1994.0,SIM-REG-00006626,SIM-VIN-0000006626,Cancelled,LegacyShortTermB
STPOL-000006636,STPOLICY00006636,RISK00006636,CUST00000295,INT000414,Household,2024-12-31,,"166.545,19","R 2,779,123.71",Mpumalanga,SIM-7001,,,,In Force,LegacyShortTermB
STPOL-000006803,STPOLICY00006803,RISK00006803,CUST00001267,INT000135,Motor,,2025-11-28,143229.24,"2,294,309.07",KwaZulu-Natal,SIM-3002,1940.0,SIM-REG-00006803,SIM-VIN-0000006803,In Force,LegacyShortTermB
STPOL-000006852,STPOLICY00006852,RISK00006852,CUST00002020,INT000266,Commercial,,2024-09-20,"118.950,47","R 8,966,172.97",,SIM-9001,,,,Active,AcquiredBook
STPOL-000006877,STPOLICY00006877,RISK00006877,CUST00000667,INT000200,Commercial,2024-04-01,,"R 61,235.49","1.975.116,26",Free State,SIM-5001,,,,Lapsed,LegacyShortTermB
STPOL-000006907,STPOLICY00006907,RISK00006907,CUST00006449,INT000666,Motor,2025-03-16,,"100,580.90","ZAR 1,762,798.87",Northern Cape,SIM-9001,2010.0,SIM-REG-00006907,SIM-VIN-0000006907,Active,AcquiredBook
STPOL-000006914,STPOLICY00006914,RISK00006914,CUST00000452,INT000295,Household,,2025-02-21,"39,788.10","1,432,607.08",Western Cape,SIM-2001,,,,In Force,AcquiredBook
STPOL-000007191,STPOLICY00007191,RISK00007191,CUST00008906,INT000578,Commercial,,2024-08-12,"R 1,906,818.06","ZAR 23,776,326.65",Eastern Cape,SIM-4001,,,,In Force,LegacyShortTermA
STPOL-000007215,STPOLICY00007215,RISK00007215,CUST00006256,INT000454,Commercial,2023-06-11,,"1.349.209,91",25259783.52,Western Cape,SIM-2101,,,,Cancelled,LegacyShortTermB
STPOL-000007270,STPOLICY00007270,RISK00007270,CUST00000952,INT000214,Commercial,2025-06-20,,511022.44,"27.979.703,99",KwaZulu-Natal,SIM-3101,,,,In Force,AcquiredBook
STPOL-000007297,STPOLICY00007297,RISK00007297,CUST00004960,INT000586,Commercial,,2024-12-05,78057.43,"R 1,064,717.71",Eastern Cape,SIM-4001,,,,In Force,LegacyShortTermB
STPOL-000007332,STPOLICY00007332,RISK00007332,CUST00000297,MISSING-613543,Commercial,2023-12-13,,257308.70,"ZAR 6,914,228.59",Free State,SIM-5001,,,,Lapsed,LegacyShortTermB
STPOL-000007425,STPOLICY00007425,RISK00007425,CUST00012033,INT000632,Motor,2024-06-09,,"ZAR 139,652.29","1,626,866.13",Gauteng,SIM-1003,1995.0,SIM-REG-00007425,SIM-VIN-0000007425,Lapsed,LegacyShortTermB
STPOL-000007432,STPOLICY00007432,RISK00007432,CUST00013423,INT000018,Motor,,2024-07-31,"66.219,42","R 785,221.01",North West,SIM-8001,2015.0,SIM-REG-00007432,SIM-VIN-0000007432,INFORCE,LegacyShortTermA
STPOL-000007434,STPOLICY00007434,RISK00007434,CUST00000457,INT000491,Motor,2023-06-06,,"131.571,52",3936343.66,Mpumalanga,SIM-7001,2005.0,SIM-REG-00007434,SIM-VIN-0000007434,Active,LegacyShortTermB
STPOL-000007450,STPOLICY00007450,RISK00007450,CUST00005610,INT000540,Motor,,2025-09-12,"R 124,425.59","ZAR 2,338,026.48",Northern Cape,SIM-9001,2006.0,SIM-REG-00007450,SIM-VIN-0000007450,In Force,LegacyShortTermB
STPOL-000007466,STPOLICY00007466,RISK00007466,CUST00012917,INT000282,Household,,2026-03-29,"R 41,683.68",3049997.33,Northern Cape,SIM-9001,,,,Cancelled,LegacyShortTermB
STPOL-000007529,STPOLICY00007529,RISK00007529,CUST00005564,INT000318,Commercial,,2023-09-09,"202,061.05","3.902.065,78",Gauteng,SIM-1001,,,,Lapsed,LegacyShortTermB
STPOL-000007555,STPOLICY00007555,RISK00007555,CUST00001880,INT000197,Home Contents,2021-06-17,,"53.900,02","1.775.630,90",Limpopo,SIM-6001,,,,In Force,AcquiredBook
STPOL-000007584,STPOLICY00007584,RISK00007584,CUST00002776,INT000180,Motor,2025-03-04,,"R 229,277.71","3,010,214.81",North West,SIM-8001,1993.0,SIM-REG-00007584,SIM-VIN-0000007584,Cancelled,LegacyShortTermA
STPOL-000007596,STPOLICY00007596,RISK00007596,CUST00009528,INT000639,Household,,2024-10-04,"187.382,45",3063901.04,Limpopo,SIM-6001,,,,INFORCE,LegacyShortTermA
STPOL-000007618,STPOLICY00007618,RISK00007618,CUST00007276,INT000125,Commercial,,2022-02-07,"211,946.70","2.970.140,42",Free State,SIM-5001,,,,Cancelled,LegacyShortTermA
STPOL-000007621,STPOLICY00007621,RISK00007621,CUST00002365,INT000371,Commercial,2025-04-14,,"R 171,294.60","5.995.985,75",Mpumalanga,SIM-7001,,,,In Force,LegacyShortTermA
STPOL-000007701,STPOLICY00007701,RISK00007701,CUST00002460,INT000423,Motor,2021-01-26,,45229.88,"1,399,117.87",Gauteng,SIM-1002,2008.0,SIM-REG-00007701,SIM-VIN-0000007701,Cancelled,LegacyShortTermA
STPOL-000007763,STPOLICY00007763,RISK00007763,CUST00006129,INT000393,Home Contents,2023-10-07,,39154.73,"ZAR 477,731.77",Free State,SIM-5001,,,,Cancelled,LegacyShortTermB
STPOL-000007764,STPOLICY00007764,RISK00007764,CUST00009362,INT000127,Commercial,2025-10-29,,"R 854,530.68","R 17,813,447.14",Gauteng,SIM-1002,,,,INFORCE,AcquiredBook
STPOL-000007780,STPOLICY00007780,RISK00007780,CUST00007473,INT000180,Commercial,2024-08-22,,"2.249.258,54","28,457,225.79",,SIM-7001,,,,Active,LegacyShortTermB
STPOL-000007811,STPOLICY00007811,RISK00007811,CUST00001765,INT000420,Household,,2026-03-11,90484.79,"1,553,621.25",KwaZulu-Natal,,,,,In Force,LegacyShortTermA
STPOL-000007876,STPOLICY00007876,RISK00007876,CUST00013822,INT000211,Household,2025-01-24,,168828.07,,Mpumalanga,SIM-7001,,,,Lapsed,AcquiredBook
STPOL-000007982,STPOLICY00007982,RISK00007982,CUST00007973,INT000235,MOTOR,2023-02-17,,52331.09,"ZAR 910,407.57",Northern Cape,SIM-9001,2014.0,SIM-REG-00007982,SIM-VIN-0000007982,Lapsed,LegacyShortTermA
STPOL-000008073,STPOLICY00008073,RISK00008073,CUST00012636,INT000485,Household,2021-04-06,,"R 67,864.02",3287284.64,Eastern Cape,SIM-4001,,,,Cancelled,AcquiredBook
STPOL-000008075,STPOLICY00008075,RISK00008075,CUST00006143,INT000430,Household,2022-09-07,,"ZAR 13,516.29","R 158,867.35",Free State,SIM-5001,,,,In Force,LegacyShortTermA
STPOL-000008144,STPOLICY00008144,RISK00008144,CUST00012391,INT000370,Motor,2023-01-30,,"R 87,555.10",979785.59,Free State,SIM-5001,1990.0,SIM-REG-00008144,SIM-VIN-0000008144,In Force,AcquiredBook
STPOL-000008195,STPOLICY00008195,RISK00008195,MISSING-250016,MISSING-908960,Commercial,,2022-04-22,"ZAR 1,308,773.13",,Western Cape,SIM-2001,,,,Lapsed,AcquiredBook
STPOL-000008209,STPOLICY00008209,RISK00008209,CUST00004975,INT000306,Motor,2022-10-17,,"25.905,04","2,998,567.67",Northern Cape,SIM-9001,1996.0,SIM-REG-00008209,SIM-VIN-0000008209,Lapsed,LegacyShortTermB
STPOL-000008255,STPOLICY00008255,RISK00008255,CUST00011444,INT000126,Motor,,2025-12-30,"237,862.24","ZAR 3,187,842.13",KwaZulu-Natal,SIM-3002,2018.0,SIM-REG-00001304,SIM-VIN-0000008255,INFORCE,LegacyShortTermA
STPOL-000008283,STPOLICY00008283,RISK00008283,CUST00008333,INT000307,Household,,2024-09-10,"61,857.05",1026954.99,Western Cape,SIM-2002,,,,In Force,LegacyShortTermB
STPOL-000008344,STPOLICY00008344,RISK00008344,CUST00007497,INT000357,Motor,,2025-09-14,48332.70,"ZAR 902,815.87",Free State,SIM-5001,1998.0,SIM-REG-00008344,SIM-VIN-0000008344,Cancelled,AcquiredBook
STPOL-000008348,STPOLICY00008348,RISK00008348,CUST00008223,INT000396,Commercial,2021-09-19,,"ZAR 45,619.60","3.258.880,31",Mpumalanga,SIM-7001,,,,INFORCE,AcquiredBook
STPOL-000008431,STPOLICY00008431,RISK00008431,CUST00012827,INT000138,Motor,2023-07-07,,"R 247,870.94","3,246,227.60",Eastern Cape,SIM-4001,2020.0,SIM-REG-00008431,SIM-VIN-0000008431,Cancelled,LegacyShortTermB
STPOL-000008494,STPOLICY00008494,RISK00008494,CUST00006494,INT000200,Commercial,,2024-02-06,1469097.18,"ZAR 25,844,408.88",Free State,SIM-5001,,,,Lapsed,LegacyShortTermB
STPOL-000008512,STPOLICY00008512,RISK00008512,CUST00005046,INT000360,Motor,,2024-08-13,"R 193,052.96","3,689,860.62",KwaZulu-Natal,SIM-3101,2024.0,SIM-REG-00008512,SIM-VIN-0000008512,INFORCE,AcquiredBook
STPOL-000008519,STPOLICY00008519,RISK00008519,CUST00008251,INT000063,Household,2021-07-12,,"156,448.79","1,739,790.99",Mpumalanga,SIM-7001,,,,Lapsed,LegacyShortTermA
STPOL-000008581,STPOLICY00008581,RISK00008581,CUST00008668,INT000389,Motor,,2023-08-17,13258.66,"R 1,324,176.84",North West,SIM-8001,1994.0,SIM-REG-00008581,SIM-VIN-0000008581,Lapsed,LegacyShortTermA
STPOL-000008592,STPOLICY00008592,RISK00008592,CUST00002042,INT000357,Commercial,2025-09-03,,"2.616.299,33","ZAR 29,244,966.79",,SIM-6001,,,,INFORCE,LegacyShortTermB
STPOL-000008741,STPOLICY00008741,RISK00008741,CUST00004211,INT000270,Commercial,,2026-07-22,"376.021,36","R 4,461,449.02",Western Cape,SIM-2002,,,,INFORCE,AcquiredBook
STPOL-000008886,STPOLICY00008886,RISK00008886,CUST00001589,INT000025,Commercial,,2022-04-29,"457.077,32","R 9,215,194.43",Northern Cape,SIM-9001,,,,Lapsed,LegacyShortTermA
STPOL-000008933,STPOLICY00008933,RISK00008933,CUST00007880,INT000363,Household,2025-05-06,,"85.005,85","3.222.518,04",Gauteng,SIM-1002,,,,Active,LegacyShortTermA
STPOL-000008988,STPOLICY00008988,RISK00008988,CUST00013199,MISSING-460551,Commercial,2024-06-21,,"79,146.21","4,018,428.16",Limpopo,SIM-6001,,,,Lapsed,AcquiredBook
STPOL-000008993,STPOLICY00008993,RISK00008993,CUST00004454,INT000183,Commercial,,2023-04-23,"1.133.769,36",13674883.77,Mpumalanga,SIM-7001,,,,Active,LegacyShortTermA
STPOL-000009038,STPOLICY00009038,RISK00009038,CUST00010334,INT000510,Motor,2025-10-28,,"R 5,390.31","R 196,368.58",Western Cape,SIM-2002,2019.0,SIM-REG-00009038,SIM-VIN-0000009038,In Force,LegacyShortTermA
STPOL-000009070,STPOLICY00009070,RISK00009070,CUST00004654,INT000297,Household,,2023-10-25,"24.217,76","R 1,459,760.65",KwaZulu-Natal,SIM-3001,,,,Lapsed,LegacyShortTermA
STPOL-000009094,STPOLICY00009094,RISK00009094,CUST00003228,INT000572,Household,2024-04-16,,"R 294,150.77","R 3,327,446.05",Free State,SIM-5001,,,,Active,AcquiredBook
STPOL-000009192,STPOLICY00009192,RISK00009192,CUST00002843,INT000127,Motor,2022-07-18,,"35.921,98","924,576.80",KwaZulu-Natal,SIM-3001,2010.0,SIM-REG-00009192,SIM-VIN-0000009192,Active,AcquiredBook
STPOL-000009227,STPOLICY00009227,RISK00009227,CUST00000623,INT000038,Household,,2024-09-14,"132,166.72","1.529.578,75",Free State,SIM-5001,,,,In Force,LegacyShortTermA
STPOL-000009236,STPOLICY00009236,RISK00009236,CUST00002599,INT000546,Household,,2024-10-08,86623.83,"1.501.231,92",Free State,SIM-5001,,,,In Force,LegacyShortTermA
STPOL-000009267,STPOLICY00009267,RISK00009267,CUST00000032,INT000531,Household,2024-12-09,,"18.384,62",423699.02,Mpumalanga,SIM-7001,,,,INFORCE,LegacyShortTermA
STPOL-000009306,STPOLICY00009306,RISK00009306,CUST00002062,INT000498,Household,,2026-01-24,7461.16,155943.51,Limpopo,SIM-6001,,,,Active,AcquiredBook
STPOL-000009364,STPOLICY00009364,RISK00009364,CUST00002580,INT000093,Household,,2026-10-19,"48,915.25","ZAR 2,288,792.70",Free State,SIM-5001,,,,Cancelled,AcquiredBook
STPOL-000009378,STPOLICY00009378,RISK00009378,CUST00003819,INT000334,Commercial,2021-03-09,,"888.721,84","R 16,147,530.61",Free State,SIM-5001,,,,Active,LegacyShortTermB
STPOL-000009430,STPOLICY00009430,RISK00009430,CUST00002933,INT000068,Household,,2024-02-12,"27,471.57","R 1,149,513.00",Northern Cape,SIM-9001,,,,Cancelled,LegacyShortTermB
STPOL-000009433,STPOLICY00009433,RISK00009433,CUST00008048,INT000626,Commercial,2023-04-14,,"ZAR 237,396.86","R 3,801,535.17",Northern Cape,SIM-9001,,,,Cancelled,AcquiredBook
STPOL-000009435,STPOLICY00009435,RISK00009435,CUST00009544,INT000403,Household,,2023-10-29,"78,537.19","R 1,313,931.46",Northern Cape,SIM-9001,,,,In Force,LegacyShortTermB
STPOL-000009478,STPOLICY00009478,RISK00009478,CUST00005991,INT000069,Commercial,,2023-08-22,"310.354,45","27.026.520,19",Limpopo,SIM-6001,,,,Active,LegacyShortTermB
STPOL-000009511,STPOLICY00009511,RISK00009511,CUST00006385,INT000488,SME Commercial,2022-04-17,,"37.721,98","R 1,024,570.66",Eastern Cape,SIM-4001,,,,Cancelled,LegacyShortTermA
STPOL-000009554,STPOLICY00009554,RISK00009554,CUST00002470,INT000317,Commercial,,2026-12-12,"R 1,859,490.06","R 25,456,229.04",Free State,SIM-5001,,,,Cancelled,LegacyShortTermB
STPOL-000009668,STPOLICY00009668,RISK00009668,CUST00012330,INT000077,Motor,2024-03-14,,"49,668.69",1250584.76,Eastern Cape,SIM-4001,2018.0,SIM-REG-00009668,SIM-VIN-0000009668,INFORCE,AcquiredBook
STPOL-000009754,STPOLICY00009754,RISK00009754,CUST00001359,INT000101,Commercial,,2024-06-13,"R 795,254.69","R 22,896,213.13",Eastern Cape,SIM-4001,,,,In Force,LegacyShortTermB
STPOL-000009819,STPOLICY00009819,RISK00009819,CUST00000900,INT000318,Household,2025-03-17,,"44,615.42","3,640,049.32",North West,SIM-8001,,,,INFORCE,LegacyShortTermA
STPOL-000009835,STPOLICY00009835,RISK00009835,CUST00010828,INT000359,Commercial,,2022-05-05,"403.329,59","10.095.734,43",Free State,SIM-5001,,,,INFORCE,LegacyShortTermB
STPOL-000009912,STPOLICY00009912,RISK00009912,CUST00004972,INT000236,Motor,,2022-12-16,"R 99,578.75","1,280,932.47",Limpopo,SIM-6001,2007.0,SIM-REG-00009912,SIM-VIN-0000009912,INFORCE,LegacyShortTermA
STPOL-000009948,STPOLICY00009948,RISK00009948,CUST00005422,INT000325,Commercial,2023-06-26,,"R 439,609.52","ZAR 8,876,986.01",,SIM-4001,,,,Active,LegacyShortTermA
STPOL-000009985,STPOLICY00009985,RISK00009985,CUST00011675,INT000547,Motor,,2023-02-07,"62.290,59","ZAR 1,675,483.92",North West,SIM-8001,2020.0,SIM-REG-00009985,SIM-VIN-0000009985,Lapsed,LegacyShortTermB
STPOL-000010032,STPOLICY00010032,RISK00010032,CUST00007202,INT000650,Commercial,,2023-03-14,"ZAR 828,119.11","R 10,295,361.97",Gauteng,SIM-1001,,,,Active,LegacyShortTermA
STPOL-000010056,STPOLICY00010056,RISK00010056,CUST00005323,INT000646,Commercial,,2026-03-06,"329.975,28","6,977,139.57",Gauteng,SIM-1003,,,,INFORCE,LegacyShortTermB
STPOL-000010104,STPOLICY00010104,RISK00010104,CUST00008318,INT000064,Motor,,2023-11-08,113722.65,"R 1,564,290.71",KwaZulu-Natal,SIM-3002,2002.0,SIM-REG-00010104,SIM-VIN-0000010104,Cancelled,AcquiredBook
STPOL-000010155,STPOLICY00010155,RISK00010155,CUST00008114,INT000335,Household,2021-05-25,,"ZAR 119,033.66","2,270,107.50",Eastern Cape,SIM-4001,,,,In Force,AcquiredBook
STPOL-000010157,STPOLICY00010157,RISK00010157,CUST00005348,INT000568,Commercial,,2025-08-20,"ZAR 1,058,323.85","23.910.360,70",Eastern Cape,SIM-4001,,,,INFORCE,LegacyShortTermB
STPOL-000010241,STPOLICY00010241,RISK00010241,CUST00008827,INT000013,Household,2023-04-13,,"86.631,26","R 997,748.25",Northern Cape,SIM-9001,,,,Cancelled,LegacyShortTermA
STPOL-000010253,STPOLICY00010253,RISK00010253,CUST00010214,INT000076,Household,2023-07-25,,"R 158,725.84","ZAR 2,131,969.96",Limpopo,SIM-6001,,,,INFORCE,LegacyShortTermB
STPOL-000010356,STPOLICY00010356,RISK00010356,CUST00005867,INT000651,Commercial,,2023-11-15,"38,749.89",496773.02,North West,SIM-8001,,,,Cancelled,LegacyShortTermA
STPOL-000010359,STPOLICY00010359,RISK00010359,CUST00009573,INT000035,Motor,2021-06-18,,"R 5,010.74","R 74,182.05",Northern Cape,SIM-9001,2005.0,SIM-REG-00010359,SIM-VIN-0000010359,Lapsed,AcquiredBook
STPOL-000010363,STPOLICY00010363,RISK00010363,CUST00006463,INT000583,Household,,2023-11-02,"53,643.86","ZAR 3,678,731.85",Free State,SIM-5001,,,,Cancelled,AcquiredBook
STPOL-000010400,STPOLICY00010400,RISK00010400,CUST00009058,INT000609,Household,2022-01-03,,"26.236,20","2,762,024.31",Free State,SIM-5001,,,,In Force,LegacyShortTermB
STPOL-000010419,STPOLICY00010419,RISK00010419,CUST00005133,INT000476,Motor,2024-04-08,,"91.143,77","ZAR 1,099,960.85",Free State,SIM-5001,2024.0,SIM-REG-00010419,SIM-VIN-0000010419,Active,LegacyShortTermA
STPOL-000010433,STPOLICY00010433,RISK00010433,CUST00007093,INT000215,Motor,,2023-11-17,76330.53,"1,618,707.92",Northern Cape,SIM-9001,2003.0,SIM-REG-00010433,SIM-VIN-0000010433,Lapsed,AcquiredBook
STPOL-000010443,STPOLICY00010443,RISK00010443,MISSING-384268,INT000290,Motor,2024-09-05,,"ZAR 111,018.82","2,312,328.47",Eastern Cape,SIM-4001,1996.0,SIM-REG-00010443,SIM-VIN-0000010443,INFORCE,AcquiredBook
STPOL-000010542,STPOLICY00010542,RISK00010542,CUST00010389,INT000513,Commercial,,2022-10-24,1189948.45,"R 16,702,254.76",Gauteng,SIM-1002,,,,Active,AcquiredBook
STPOL-000010604,STPOLICY00010604,RISK00010604,CUST00001424,INT000110,Motor,,2024-04-26,"ZAR 24,292.13","R 809,512.17",Mpumalanga,SIM-7001,1993.0,SIM-REG-00010604,SIM-VIN-0000010604,Active,AcquiredBook
STPOL-000010623,STPOLICY00010623,RISK00010623,CUST00002207,INT000394,Commercial,,2024-05-08,"R 342,002.13","4.432.474,98",Mpumalanga,SIM-7001,,,,Lapsed,AcquiredBook
STPOL-000010646,STPOLICY00010646,RISK00010646,CUST00010955,INT000397,Household,,2026-12-02,"ZAR 24,221.54","ZAR 425,557.38",Free State,SIM-5001,,,,In Force,AcquiredBook
STPOL-000010804,STPOLICY00010804,RISK00010804,CUST00013790,INT000115,Household,2023-05-27,,"66,963.13","1,155,187.40",North West,SIM-8001,,,,Active,LegacyShortTermB
STPOL-000010813,STPOLICY00010813,RISK00010813,CUST00005872,INT000201,Household,2022-07-26,,"R 177,130.28","R 3,620,064.58",Gauteng,SIM-1003,,,,Cancelled,LegacyShortTermB
STPOL-000010820,STPOLICY00010820,RISK00010820,CUST00005320,INT000288,SME Commercial,,2023-11-04,"15.765,33","ZAR 379,936.12",Gauteng,SIM-1001,,,,Cancelled,AcquiredBook
STPOL-000010920,STPOLICY00010920,RISK00010920,CUST00000391,INT000289,Commercial,,2022-03-15,"552,437.91","R 15,862,309.14",Western Cape,SIM-2001,,,,Active,AcquiredBook
STPOL-000010928,STPOLICY00010928,RISK00010928,CUST00011209,INT000054,Motor,2024-12-28,,"ZAR 7,059.96","R 269,496.12",Free State,SIM-5001,2003.0,SIM-REG-00010928,SIM-VIN-0000010928,Active,LegacyShortTermB
STPOL-000011014,STPOLICY00011014,RISK00011014,CUST00007439,INT000367,Motor,2023-12-16,,48818.56,703882.02,Western Cape,SIM-2002,2018.0,SIM-REG-00011014,SIM-VIN-0000011014,Lapsed,AcquiredBook
STPOL-000011040,STPOLICY00011040,RISK00011040,CUST00011867,INT000402,Household,2023-10-18,,"R 67,318.86","986.630,81",Free State,SIM-5001,,,,Active,AcquiredBook
STPOL-000011077,STPOLICY00011077,RISK00011077,CUST00005040,INT000163,Household,,2026-01-31,17968.32,1447877.45,Free State,SIM-5001,,,,Cancelled,AcquiredBook
STPOL-000011112,STPOLICY00011112,RISK00011112,CUST00005535,INT000278,Commercial,2022-04-19,,"125,995.75",4426581.71,Western Cape,SIM-2001,,,,INFORCE,AcquiredBook
STPOL-000011168,STPOLICY00011168,RISK00011168,CUST00011531,INT000699,Commercial,2021-04-29,,974607.93,"R 19,076,943.17",North West,SIM-8001,,,,INFORCE,LegacyShortTermB
STPOL-000011247,STPOLICY00011247,RISK00011247,CUST00008697,INT000326,Commercial,,2023-06-05,"814,276.61","ZAR 28,025,492.30",Northern Cape,SIM-9001,,,,Cancelled,AcquiredBook
STPOL-000011282,STPOLICY00011282,RISK00011282,CUST00011783,INT000124,Motor,2023-01-24,,179206.44,"2.112.568,10",Gauteng,SIM-1002,2011.0,SIM-REG-00011282,SIM-VIN-0000011282,In Force,LegacyShortTermB
STPOL-000011300,STPOLICY00011300,RISK00011300,CUST00000855,INT000630,Household,2021-05-14,,"125.911,38","1,930,069.09",North West,SIM-8001,,,,Lapsed,LegacyShortTermB
STPOL-000011316,STPOLICY00011316,RISK00011316,CUST00008990,INT000111,Household,2024-01-02,,"114,891.48","2,548,503.88",KwaZulu-Natal,SIM-3001,,,,In Force,AcquiredBook
STPOL-000011317,STPOLICY00011317,RISK00011317,CUST00004397,INT000547,Household,2024-04-15,,48264.07,1509469.50,Free State,SIM-5001,,,,Cancelled,LegacyShortTermB
STPOL-000011330,STPOLICY00011330,RISK00011330,CUST00003432,INT000654,Commercial,,2024-12-15,"ZAR 248,836.21","ZAR 5,923,549.08",KwaZulu-Natal,SIM-3101,,,,Active,LegacyShortTermB
STPOL-000011399,STPOLICY00011399,RISK00011399,CUST00007361,MISSING-840300,Commercial,,2023-02-21,163943.55,2920483.13,Limpopo,SIM-6001,,,,Cancelled,LegacyShortTermB
STPOL-000011407,STPOLICY00011407,RISK00011407,CUST00005330,INT000636,Household,2024-04-09,,30512.50,"1,036,775.20",Eastern Cape,SIM-4001,,,,In Force,LegacyShortTermA
STPOL-000011439,STPOLICY00011439,RISK00011439,CUST00009124,INT000696,Household,2022-12-31,,"R 10,922.53","1,191,630.35",Eastern Cape,SIM-4001,,,,Active,LegacyShortTermA
STPOL-000011446,STPOLICY00011446,RISK00011446,CUST00004620,INT000103,Commercial,,2024-08-26,486073.84,"5.613.792,95",KwaZulu-Natal,SIM-3001,,,,In Force,LegacyShortTermB
STPOL-000011483,STPOLICY00011483,RISK00011483,CUST00006174,MISSING-921721,Motor,,2026-08-03,"92,030.82","ZAR 2,727,228.28",Mpumalanga,SIM-7001,2003.0,SIM-REG-00011483,SIM-VIN-0000011483,Lapsed,LegacyShortTermA
STPOL-000011494,STPOLICY00011494,RISK00011494,CUST00007888,INT000042,Household,2025-06-05,,45264.35,"1,956,210.77",Free State,SIM-5001,,,,Lapsed,AcquiredBook
STPOL-000011516,STPOLICY00011516,RISK00011516,CUST00006949,INT000584,Household,,2025-01-20,"R 125,851.69",1560240.54,North West,SIM-8001,,,,In Force,AcquiredBook
STPOL-000011556,STPOLICY00011556,RISK00011556,CUST00006579,INT000393,Household,,2025-06-18,"R 8,041.12","94,385.01",North West,SIM-8001,,,,Cancelled,LegacyShortTermB
STPOL-000011642,STPOLICY00011642,RISK00011642,CUST00004418,INT000475,Motor,,2026-02-10,"ZAR 109,064.74",2548897.39,North West,SIM-8001,1998.0,SIM-REG-00011642,SIM-VIN-0000011642,In Force,AcquiredBook
STPOL-000011671,STPOLICY00011671,RISK00011671,CUST00003720,INT000663,Commercial,,2023-06-26,205368.27,"22.933.864,56",KwaZulu-Natal,SIM-3101,,,,In Force,AcquiredBook
STPOL-000011738,STPOLICY00011738,RISK00011738,CUST00005073,INT000102,Commercial,2022-03-08,,516779.28,"8.760.910,42",Mpumalanga,SIM-7001,,,,Active,AcquiredBook
STPOL-000011756,STPOLICY00011756,RISK00011756,CUST00009093,INT000651,Motor,,2025-04-27,"5.317,65","R 345,264.84",Mpumalanga,SIM-7001,1992.0,SIM-REG-00011756,SIM-VIN-0000011756,Cancelled,AcquiredBook
STPOL-000011776,STPOLICY00011776,RISK00011776,CUST00004362,INT000386,MOTOR,2023-10-26,,"R 221,071.93","3.509.183,26",Free State,SIM-5001,2019.0,SIM-REG-00011776,SIM-VIN-0000011776,INFORCE,LegacyShortTermA
STPOL-000011958,STPOLICY00011958,RISK00011958,CUST00006880,INT000608,Commercial,,2024-03-15,"ZAR 395,037.58",25466803.50,Northern Cape,SIM-9001,,,,Lapsed,LegacyShortTermB
STPOL-000011980,STPOLICY00011980,RISK00011980,CUST00010169,INT000266,Household,2023-04-18,,,"2,056,061.70",Western Cape,SIM-2001,,,,Active,AcquiredBook
STPOL-000011985,STPOLICY00011985,RISK00011985,CUST00005272,INT000140,Motor,2025-06-30,,71930.63,"1.367.421,82",Eastern Cape,SIM-4001,1994.0,SIM-REG-00011985,SIM-VIN-0000011985,Lapsed,LegacyShortTermB
STPOL-000011986,STPOLICY00011986,RISK00011986,CUST00000686,INT000429,Household,2024-07-26,,"13,955.69","204.278,83",Eastern Cape,SIM-4001,,,,Lapsed,LegacyShortTermB
STPOL-000011988,STPOLICY00011988,RISK00011988,CUST00009476,INT000504,Commercial,,2022-11-18,"196.367,12","ZAR 14,232,779.89",KwaZulu-Natal,SIM-3002,,,,In Force,LegacyShortTermB
STPOL-000011994,STPOLICY00011994,RISK00011994,CUST00002894,INT000308,Commercial,2024-01-22,,"1,554,315.17",23389172.34,Free State,,,,,In Force,LegacyShortTermA
STPOL-000012030,STPOLICY00012030,RISK00012030,CUST00000879,INT000408,Household,,2026-12-07,"31,107.84",1811960.62,Gauteng,SIM-1001,,,,Cancelled,LegacyShortTermB
STPOL-000012066,STPOLICY00012066,RISK00012066,CUST00010234,INT000242,Commercial,2022-05-20,,"424.143,14","5.927.626,08",KwaZulu-Natal,SIM-3001,,,,Active,LegacyShortTermB
STPOL-000012089,STPOLICY00012089,RISK00012089,CUST00011531,INT000403,Household,2021-10-19,,"ZAR 40,544.14",614899.89,Limpopo,SIM-6001,,,,INFORCE,LegacyShortTermA
STPOL-000012119,STPOLICY00012119,RISK00012119,CUST00013625,INT000622,Motor,,2026-02-15,"R 57,257.66","1.295.207,14",Limpopo,SIM-6001,2025.0,SIM-REG-00012119,SIM-VIN-0000012119,In Force,LegacyShortTermB
STPOL-000012233,STPOLICY00012233,RISK00012233,CUST00007147,INT000235,Commercial,2023-09-23,,"R 2,223,320.90","ZAR 27,160,430.53",KwaZulu-Natal,SIM-3001,,,,In Force,AcquiredBook
STPOL-000012269,STPOLICY00012269,RISK00012269,MISSING-266634,INT000234,Household,,2026-09-30,"R 69,788.01","3.039.394,12",Mpumalanga,SIM-7001,,,,Active,LegacyShortTermA
STPOL-000012282,STPOLICY00012282,RISK00012282,CUST00000636,INT000174,Commercial,,2026-04-13,"1.112.990,89",25748678.09,Western Cape,SIM-2002,,,,INFORCE,LegacyShortTermA
STPOL-000012298,STPOLICY00012298,RISK00012298,MISSING-874966,INT000624,Motor,,2024-07-14,"R 123,717.57","ZAR 1,684,039.89",Gauteng,SIM-1003,2023.0,SIM-REG-00012298,SIM-VIN-0000012298,Lapsed,AcquiredBook
STPOL-000012382,STPOLICY00012382,RISK00012382,CUST00011969,INT000191,Motor,,2025-05-20,43341.53,878949.74,Western Cape,SIM-2002,1999.0,SIM-REG-00012382,SIM-VIN-0000012382,Cancelled,LegacyShortTermB
STPOL-000012403,STPOLICY00012403,RISK00012403,CUST00003569,INT000635,Commercial,2025-05-21,,"354,490.00",20595951.47,North West,SIM-8001,,,,Cancelled,LegacyShortTermB
STPOL-000012430,STPOLICY00012430,RISK00012430,CUST00009354,INT000505,Motor,,2026-06-17,174728.80,"2.285.454,34",Limpopo,SIM-6001,2009.0,SIM-REG-00012430,SIM-VIN-0000012430,Active,AcquiredBook
STPOL-000012458,STPOLICY00012458,RISK00012458,CUST00000307,INT000395,Motor,2024-02-05,,"R 176,397.35","3.872.285,20",Western Cape,SIM-2001,2001.0,SIM-REG-00012458,SIM-VIN-0000012458,Lapsed,LegacyShortTermB
STPOL-000012542,STPOLICY00012542,RISK00012542,CUST00007914,INT000253,Commercial,2023-03-29,,"419,583.35",7173506.96,Western Cape,SIM-2002,,,,In Force,AcquiredBook
STPOL-000012552,STPOLICY00012552,RISK00012552,CUST00001427,INT000155,Commercial,,2021-01-21,"R 1,283,851.45","26.499.882,12",Free State,SIM-5001,,,,Active,LegacyShortTermB
STPOL-000012573,STPOLICY00012573,RISK00012573,CUST00001849,INT000562,MOTOR,2025-03-10,,"21.509,67","R 1,948,388.82",Eastern Cape,SIM-4001,1993.0,SIM-REG-00012573,SIM-VIN-0000012573,Lapsed,LegacyShortTermB
STPOL-000012587,STPOLICY00012587,RISK00012587,CUST00003106,INT000068,SME Commercial,,2023-08-16,"100.701,28","1.503.143,95",Eastern Cape,SIM-4001,,,,In Force,LegacyShortTermB
STPOL-000012643,STPOLICY00012643,RISK00012643,CUST00013832,INT000391,Home Contents,,2026-07-30,"ZAR 42,661.29","860,156.41",Limpopo,SIM-6001,,,,Lapsed,AcquiredBook
STPOL-000012656,STPOLICY00012656,RISK00012656,CUST00013401,INT000248,Commercial,,2024-02-24,"ZAR 526,951.90","R 29,278,770.36",Free State,SIM-5001,,,,INFORCE,LegacyShortTermB
STPOL-000012672,STPOLICY00012672,RISK00012672,CUST00006211,INT000354,Motor,2024-04-17,,"ZAR 283,556.61","3.438.066,98",Northern Cape,SIM-9001,2000.0,SIM-REG-00012672,SIM-VIN-0000012672,In Force,LegacyShortTermB
STPOL-000012806,STPOLICY00012806,RISK00012806,CUST00013537,INT000645,Commercial,,2026-07-20,"ZAR 825,375.24","ZAR 18,208,233.48",Western Cape,SIM-2101,,,,In Force,LegacyShortTermB
STPOL-000012901,STPOLICY00012901,RISK00012901,CUST00005753,INT000049,Motor,2024-10-04,,"73.867,17","932,807.89",Gauteng,SIM-1001,2007.0,SIM-REG-00012901,SIM-VIN-0000012901,Active,AcquiredBook
STPOL-000012941,STPOLICY00012941,RISK00012941,CUST00013019,INT000274,Motor,,2026-10-03,"R 34,806.49",2037443.45,Mpumalanga,SIM-7001,2008.0,SIM-REG-00012941,SIM-VIN-0000012941,Cancelled,AcquiredBook
STPOL-000013026,STPOLICY00013026,RISK00013026,CUST00003842,INT000576,Motor,2023-02-11,,"104.939,38",3438722.16,Western Cape,SIM-2002,2007.0,SIM-REG-00013026,SIM-VIN-0000013026,In Force,LegacyShortTermB
STPOL-000013062,STPOLICY00013062,RISK00013062,CUST00010702,INT000324,Household,2025-09-23,,"R 191,460.68","R 3,752,016.05",Western Cape,SIM-2002,,,,Lapsed,AcquiredBook
STPOL-000013180,STPOLICY00013180,RISK00013180,CUST00000868,INT000054,Motor,2021-09-01,,"132.606,47",2025515.51,Eastern Cape,SIM-4001,1998.0,SIM-REG-00013180,SIM-VIN-0000013180,INFORCE,LegacyShortTermA
STPOL-000013262,STPOLICY00013262,RISK00013262,CUST00004392,INT000196,MOTOR,2024-03-23,,"ZAR 58,861.27",709962.80,Northern Cape,SIM-9001,2023.0,SIM-REG-00013262,SIM-VIN-0000013262,INFORCE,LegacyShortTermA
STPOL-000013274,STPOLICY00013274,RISK00013274,CUST00005883,INT000341,Household,,2026-04-03,"ZAR 43,696.52","735,292.81",Eastern Cape,SIM-4001,,,,Cancelled,AcquiredBook
STPOL-000013286,STPOLICY00013286,RISK00013286,CUST00005467,INT000423,Motor,2022-12-15,,"13,504.90","ZAR 175,367.28",Limpopo,SIM-6001,2007.0,SIM-REG-00013286,SIM-VIN-0000013286,Lapsed,LegacyShortTermA
STPOL-000013416,STPOLICY00013416,RISK00013416,CUST00006227,INT000544,Household,2025-06-10,,178459.52,"2,850,284.32",Limpopo,SIM-6001,,,,In Force,LegacyShortTermB
STPOL-000013444,STPOLICY00013444,RISK00013444,CUST00003392,INT000651,Commercial,2022-04-21,,"ZAR 407,263.76","6,939,299.96",Northern Cape,SIM-9001,,,,Lapsed,LegacyShortTermB
STPOL-000013445,STPOLICY00013445,RISK00013445,CUST00006711,INT000657,Household,2022-01-25,,"51.265,40",1837293.53,KwaZulu-Natal,,,,,Cancelled,LegacyShortTermA
STPOL-000013477,STPOLICY00013477,RISK00013477,CUST00004560,INT000288,Commercial,,2024-09-13,"997,868.30","11.171.349,40",Western Cape,SIM-2101,,,,Cancelled,LegacyShortTermB
STPOL-000013480,STPOLICY00013480,RISK00013480,CUST00001502,INT000100,Motor,,2026-07-14,"ZAR 129,877.71","1,581,568.74",Western Cape,SIM-2001,2022.0,SIM-REG-00013480,SIM-VIN-0000013480,INFORCE,LegacyShortTermB
STPOL-000013496,STPOLICY00013496,RISK00013496,CUST00001753,INT000141,Household,2024-08-19,,"R 26,012.72","3,240,575.63",Western Cape,SIM-2001,,,,In Force,LegacyShortTermB
STPOL-000013500,STPOLICY00013500,RISK00013500,CUST00005647,INT000488,Home Contents,,2023-06-06,"170.404,98","2,272,977.84",Mpumalanga,SIM-7001,,,,Lapsed,LegacyShortTermB
STPOL-000013716,STPOLICY00013716,RISK00013716,CUST00013508,INT000436,Household,2025-12-25,,222345.14,"3,877,778.50",North West,SIM-8001,,,,Lapsed,AcquiredBook
STPOL-000013796,STPOLICY00013796,RISK00013796,CUST00005906,INT000605,Motor,,2026-08-24,"6.892,15",326579.37,Limpopo,SIM-6001,2018.0,SIM-REG-00013796,SIM-VIN-0000013796,Active,AcquiredBook
STPOL-000013822,STPOLICY00013822,RISK00013822,CUST00011867,INT000222,Motor,2022-07-24,,"R 130,532.70","ZAR 3,956,279.62",Mpumalanga,SIM-7001,1990.0,SIM-REG-00013822,SIM-VIN-0000013822,In Force,LegacyShortTermA
STPOL-000013953,STPOLICY00013953,RISK00013953,CUST00003603,INT000613,Motor,2022-07-20,,"17.239,16","905,733.89",Mpumalanga,SIM-7001,2025.0,SIM-REG-00013953,SIM-VIN-0000013953,Lapsed,LegacyShortTermB
STPOL-000013960,STPOLICY00013960,RISK00013960,CUST00012179,INT000695,Household,,2023-04-08,"55,628.31","1.075.184,14",Mpumalanga,SIM-7001,,,,Cancelled,LegacyShortTermB
STPOL-000014004,STPOLICY00014004,RISK00014004,CUST00005136,INT000471,Household,,2024-04-29,208842.95,"R 2,699,077.16",North West,SIM-8001,,,,Cancelled,AcquiredBook
STPOL-000014143,STPOLICY00014143,RISK00014143,CUST00002203,INT000496,Household,,2023-12-20,"32,511.27","432.734,55",KwaZulu-Natal,SIM-3002,,,,Lapsed,LegacyShortTermA
STPOL-000014193,STPOLICY00014193,RISK00014193,CUST00009336,MISSING-962115,Commercial,2022-08-06,,"ZAR 1,053,356.12","20,802,154.93",Western Cape,SIM-2002,,,,Active,AcquiredBook
STPOL-000014235,STPOLICY00014235,RISK00014235,CUST00006494,INT000230,Household,,2023-06-01,"50,773.13","3,651,287.95",Mpumalanga,SIM-7001,,,,Lapsed,LegacyShortTermA
STPOL-000014254,STPOLICY00014254,RISK00014254,CUST00001355,INT000324,Commercial,2023-01-20,,103280.69,"R 4,045,197.48",Free State,SIM-5001,,,,In Force,LegacyShortTermA
STPOL-000014376,STPOLICY00014376,RISK00014376,CUST00002237,INT000235,Commercial,2022-10-29,,"ZAR 1,296,058.68","29,379,567.72",Limpopo,SIM-6001,,,,In Force,LegacyShortTermA
STPOL-000014395,STPOLICY00014395,RISK00014395,CUST00002343,MISSING-134480,MOTOR,2022-01-26,,"R 171,675.20","ZAR 2,094,588.14",Eastern Cape,SIM-4001,2012.0,SIM-REG-00014395,SIM-VIN-0000014395,In Force,LegacyShortTermA
STPOL-000014621,STPOLICY00014621,RISK00014621,CUST00009502,INT000112,Motor,2025-08-10,,"57,252.57","R 1,074,188.70",KwaZulu-Natal,SIM-3001,2011.0,SIM-REG-00014621,SIM-VIN-0000014621,INFORCE,LegacyShortTermB
STPOL-000014681,STPOLICY00014681,RISK00014681,CUST00010803,INT000072,SME Commercial,,2026-11-08,"R 143,301.01","3,837,709.91",KwaZulu-Natal,SIM-3101,,,,In Force,AcquiredBook
STPOL-000014713,STPOLICY00014713,RISK00014713,CUST00011947,INT000419,Commercial,2023-10-22,,"R 1,773,088.00","ZAR 22,634,648.18",Gauteng,SIM-1002,,,,Active,LegacyShortTermB
STPOL-000014738,STPOLICY00014738,RISK00014738,CUST00012884,INT000545,Commercial,,2025-03-03,"171.009,39","R 2,197,719.97",Gauteng,SIM-1002,,,,INFORCE,LegacyShortTermA
STPOL-000014863,STPOLICY00014863,RISK00014863,CUST00012472,INT000634,Motor,,2022-05-21,31085.10,406397.11,Limpopo,SIM-6001,2010.0,SIM-REG-00014863,SIM-VIN-0000014863,Cancelled,AcquiredBook
STPOL-000014886,STPOLICY00014886,RISK00014886,CUST00007026,INT000473,Household,2023-03-26,,"47,674.24","R 619,253.59",Mpumalanga,SIM-7001,,,,INFORCE,AcquiredBook
STPOL-000014892,STPOLICY00014892,RISK00014892,CUST00007267,INT000377,Motor,,2024-09-27,34174.23,"493,749.38",Free State,SIM-5001,2007.0,SIM-REG-00014892,SIM-VIN-0000014892,Active,LegacyShortTermB
STPOL-000014994,STPOLICY00014994,RISK00014994,CUST00012877,INT000220,Motor,,2022-08-08,181624.02,"2.063.697,43",Western Cape,SIM-2001,1993.0,SIM-REG-00014994,SIM-VIN-0000014994,Lapsed,LegacyShortTermB
STPOL-000015083,STPOLICY00015083,RISK00015083,CUST00000365,INT000455,Motor,,2024-08-30,"R 245,066.22","R 2,994,448.21",,SIM-3002,2012.0,SIM-REG-00015083,SIM-VIN-0000015083,INFORCE,AcquiredBook
STPOL-000015084,STPOLICY00015084,RISK00015084,CUST00013011,INT000155,Commercial,2025-12-09,,"ZAR 289,679.75",20758951.20,Free State,SIM-5001,,,,INFORCE,LegacyShortTermB
STPOL-000015118,STPOLICY00015118,RISK00015118,CUST00002255,INT000606,Motor,,2024-02-17,155317.62,"ZAR 2,672,079.92",Western Cape,SIM-2001,1995.0,SIM-REG-00015118,SIM-VIN-0000015118,Cancelled,AcquiredBook
STPOL-000015290,STPOLICY00015290,RISK00015290,CUST00007069,INT000408,Household,2021-01-25,,"R 37,577.17","1,078,950.65",Northern Cape,SIM-9001,,,,Cancelled,LegacyShortTermA
STPOL-000015373,STPOLICY00015373,RISK00015373,CUST00002116,INT000597,Motor,2022-08-05,,31145.22,"1.343.522,35",Northern Cape,SIM-9001,1995.0,SIM-REG-00015373,SIM-VIN-0000015373,In Force,LegacyShortTermB
STPOL-000015431,STPOLICY00015431,RISK00015431,CUST00009651,INT000329,Household,2024-03-02,,,"ZAR 1,995,818.43",North West,SIM-8001,,,,INFORCE,LegacyShortTermA
STPOL-000015481,STPOLICY00015481,RISK00015481,CUST00007360,INT000215,Household,2023-06-28,,"R 50,401.02",836424.73,Northern Cape,SIM-9001,,,,Cancelled,LegacyShortTermA
STPOL-000015580,STPOLICY00015580,RISK00015580,CUST00011242,INT000698,Commercial,,2022-07-12,"R 183,431.47","4.109.670,17",KwaZulu-Natal,SIM-3101,,,,Cancelled,LegacyShortTermB
STPOL-000015629,STPOLICY00015629,RISK00015629,CUST00007462,INT000350,Commercial,2021-06-18,,"471,713.62","22,667,851.45",Eastern Cape,SIM-4001,,,,Cancelled,AcquiredBook
STPOL-000015700,STPOLICY00015700,RISK00015700,CUST00006267,INT000442,Household,,2026-06-18,"46.480,60","3.707.894,81",Mpumalanga,SIM-7001,,,,In Force,LegacyShortTermB
STPOL-000015730,STPOLICY00015730,RISK00015730,CUST00010585,INT000609,Household,,2023-07-31,"75,495.25","1,141,214.11",Western Cape,SIM-2002,,,,Lapsed,LegacyShortTermA
STPOL-000015798,STPOLICY00015798,RISK00015798,CUST00010923,INT000699,Commercial,,2025-04-27,"609.214,45","R 18,408,760.25",Eastern Cape,SIM-4001,,,,Active,AcquiredBook
STPOL-000015810,STPOLICY00015810,RISK00015810,CUST00002172,INT000293,Motor,,2023-11-22,"106.271,64",,Western Cape,SIM-2001,2002.0,SIM-REG-00015810,SIM-VIN-0000015810,Lapsed,LegacyShortTermB
STPOL-000015854,STPOLICY00015854,RISK00015854,CUST00002401,INT000240,Motor,,2025-01-31,"23,515.25","775.901,86",Eastern Cape,SIM-4001,1993.0,SIM-REG-00015854,SIM-VIN-0000015854,In Force,LegacyShortTermA
STPOL-000015895,STPOLICY00015895,RISK00015895,CUST00007539,INT000309,Household,,2024-08-08,"230.388,44","3,904,689.76",KwaZulu-Natal,SIM-3101,,,,In Force,LegacyShortTermB
STPOL-000015973,STPOLICY00015973,RISK00015973,CUST00001772,INT000101,Motor,2024-09-17,,"ZAR 3,386.84","R 99,185.59",Free State,SIM-5001,2009.0,SIM-REG-00015973,SIM-VIN-0000015973,Active,AcquiredBook
STPOL-000015996,STPOLICY00015996,RISK00015996,CUST00003980,INT000562,Household,2021-08-07,,"100,829.65","ZAR 2,426,904.32",Northern Cape,SIM-9001,,,,Cancelled,LegacyShortTermA
STPOL-000016026,STPOLICY00016026,RISK00016026,CUST00009189,INT000016,Motor,,2023-04-24,39202.42,513041.73,Mpumalanga,SIM-7001,1991.0,SIM-REG-00016026,SIM-VIN-0000016026,INFORCE,LegacyShortTermB
STPOL-000016125,STPOLICY00016125,RISK00016125,CUST00012273,INT000662,Motor,2021-09-03,,"96.355,92","R 3,030,565.54",Northern Cape,SIM-9001,1995.0,SIM-REG-00016125,SIM-VIN-0000016125,Lapsed,LegacyShortTermB
STPOL-000016138,STPOLICY00016138,RISK00016138,CUST00012643,INT000363,Commercial,2022-07-26,,"ZAR 328,842.20",14263937.41,Gauteng,SIM-1003,,,,Lapsed,LegacyShortTermB
STPOL-000016193,STPOLICY00016193,RISK00016193,CUST00012878,INT000028,Commercial,,2024-09-14,"146,503.63",2758923.05,Limpopo,SIM-6001,,,,Cancelled,LegacyShortTermA
STPOL-000016219,STPOLICY00016219,RISK00016219,CUST00007560,INT000235,SME Commercial,2021-02-23,,"R 81,156.74","R 947,386.26",Northern Cape,SIM-9001,,,,Active,AcquiredBook
STPOL-000016272,STPOLICY00016272,RISK00016272,CUST00013864,INT000002,Motor,2024-11-26,,"ZAR 25,118.03","1,634,284.29",North West,SIM-8001,2015.0,SIM-REG-00016272,SIM-VIN-0000016272,In Force,LegacyShortTermB
STPOL-000016350,STPOLICY00016350,RISK00016350,CUST00000143,INT000560,Motor,2021-12-05,,"28.580,38","R 1,464,309.28",Gauteng,SIM-1002,2005.0,SIM-REG-00016350,SIM-VIN-0000016350,INFORCE,AcquiredBook
STPOL-000016354,STPOLICY00016354,RISK00016354,CUST00006444,MISSING-886799,Commercial,2024-11-12,,"623.859,73","12,668,996.18",Mpumalanga,SIM-7001,,,,In Force,LegacyShortTermB
STPOL-000016377,STPOLICY00016377,RISK00016377,CUST00011792,INT000186,Commercial,,2023-11-21,"R 20,202.27","ZAR 1,241,359.34",Free State,SIM-5001,,,,Cancelled,AcquiredBook
STPOL-000016489,STPOLICY00016489,RISK00016489,CUST00008579,INT000507,Household,,2023-07-31,0.00,"ZAR -10,000.00",North West,SIM-8001,,,,In Force,LegacyShortTermB
STPOL-000016645,STPOLICY00016645,RISK00016645,CUST00004735,INT000319,Motor,,2023-05-02,"R 26,391.67","629,148.95",Mpumalanga,SIM-7001,2022.0,SIM-REG-00016645,SIM-VIN-0000016645,In Force,LegacyShortTermA
STPOL-000016677,STPOLICY00016677,RISK00016677,CUST00012740,INT000693,Household,2022-03-07,,122402.86,2382884.37,Limpopo,SIM-6001,,,,INFORCE,LegacyShortTermB
STPOL-000016720,STPOLICY00016720,RISK00016720,CUST00013477,INT000102,Motor,2025-10-19,,"ZAR 43,869.95","R 2,163,057.52",Gauteng,SIM-1002,2002.0,SIM-REG-00016720,SIM-VIN-0000016720,In Force,AcquiredBook
STPOL-000016751,STPOLICY00016751,RISK00016751,CUST00010620,INT000030,Household,2022-04-22,,"13.200,09","R 1,317,614.36",KwaZulu-Natal,SIM-3001,,,,In Force,LegacyShortTermA
STPOL-000016821,STPOLICY00016821,RISK00016821,CUST00011108,INT000347,Household,,2026-06-14,"2,444.65","33,829.87",North West,SIM-8001,,,,Cancelled,LegacyShortTermA
STPOL-000016946,STPOLICY00016946,RISK00016946,CUST00000655,INT000123,Household,2021-12-10,,"223.299,26",3788058.61,Free State,SIM-5001,,,,Active,LegacyShortTermA
STPOL-000016963,STPOLICY00016963,RISK00016963,CUST00005856,INT000334,Motor,2022-12-15,,"55,817.48","686,183.58",Gauteng,SIM-1002,2006.0,SIM-REG-00016963,SIM-VIN-0000016963,INFORCE,LegacyShortTermA
STPOL-000016983,STPOLICY00016983,RISK00016983,CUST00002894,INT000281,Commercial,,2023-06-09,"ZAR 1,440,380.44","23,378,671.32",Gauteng,SIM-1003,,,,Lapsed,LegacyShortTermB
STPOL-000017057,STPOLICY00017057,RISK00017057,CUST00007957,INT000616,Motor,2024-06-17,,"98,868.98","ZAR 2,152,342.69",Northern Cape,SIM-9001,2000.0,SIM-REG-00017057,SIM-VIN-0000017057,Cancelled,LegacyShortTermA
STPOL-000017143,STPOLICY00017143,RISK00017143,CUST00006085,INT000138,Motor,,2026-08-30,"R 33,182.63","ZAR 1,072,063.06",Free State,SIM-5001,2015.0,SIM-REG-00017143,SIM-VIN-0000017143,INFORCE,LegacyShortTermB
STPOL-000017177,STPOLICY00017177,RISK00017177,CUST00007918,INT000398,Commercial,,2024-06-22,246417.06,"R 3,534,462.71",KwaZulu-Natal,SIM-3002,,,,Lapsed,LegacyShortTermB
STPOL-000017180,STPOLICY00017180,RISK00017180,CUST00008369,INT000499,Household,2022-09-03,,"ZAR 148,942.40","2.946.574,36",Limpopo,SIM-6001,,,,Active,AcquiredBook
STPOL-000017199,STPOLICY00017199,RISK00017199,CUST00008538,INT000024,Commercial,2023-01-13,,"ZAR 99,760.40","7.069.862,38",Mpumalanga,SIM-7001,,,,Lapsed,LegacyShortTermB
STPOL-000017272,STPOLICY00017272,RISK00017272,CUST00009811,INT000658,Household,2022-12-28,,"87,658.87","1,598,691.90",KwaZulu-Natal,SIM-3001,,,,In Force,LegacyShortTermA
STPOL-000017380,STPOLICY00017380,RISK00017380,CUST00004010,INT000676,Home Contents,2022-01-09,,133622.95,"1.900.911,86",Western Cape,SIM-2101,,,,INFORCE,LegacyShortTermB
STPOL-000017412,STPOLICY00017412,RISK00017412,CUST00004407,INT000020,Motor,,2025-01-18,"122,851.90","1,466,725.14",Mpumalanga,SIM-7001,1998.0,SIM-REG-00017412,SIM-VIN-0000017412,Lapsed,LegacyShortTermB
STPOL-000017421,STPOLICY00017421,RISK00017421,CUST00012936,INT000063,Household,2024-12-15,,2954.79,"ZAR 192,834.10",KwaZulu-Natal,SIM-3001,,,,In Force,LegacyShortTermB
STPOL-000017425,STPOLICY00017425,RISK00017425,CUST00002739,INT000650,Commercial,2021-08-08,,"R 372,890.81",8398787.01,Northern Cape,SIM-9001,,,,Lapsed,LegacyShortTermB
STPOL-000017461,STPOLICY00017461,RISK00017461,CUST00003746,INT000554,Motor,2022-03-09,,"ZAR 291,272.66","R 3,831,477.11",,SIM-8001,1995.0,SIM-REG-00017461,SIM-VIN-0000017461,INFORCE,LegacyShortTermB
STPOL-000017483,STPOLICY00017483,RISK00017483,CUST00002834,INT000435,Household,,2025-06-25,"ZAR 179,083.60",2760173.51,Free State,SIM-5001,,,,Lapsed,LegacyShortTermB
STPOL-000017551,STPOLICY00017551,RISK00017551,CUST00007164,INT000008,Motor,,2026-05-01,82952.49,"R 990,060.01",North West,SIM-8001,1996.0,SIM-REG-00017551,SIM-VIN-0000017551,Active,LegacyShortTermA
STPOL-000017576,STPOLICY00017576,RISK00017576,CUST00010298,INT000191,Household,2022-02-23,,"R 25,049.07","977.597,86",Northern Cape,SIM-9001,,,,Cancelled,AcquiredBook
STPOL-000017728,STPOLICY00017728,RISK00017728,CUST00011403,INT000363,Commercial,2024-11-26,,"763,446.54","ZAR 10,613,401.05",North West,SIM-8001,,,,Cancelled,LegacyShortTermA
STPOL-000017778,STPOLICY00017778,RISK00017778,CUST00009434,INT000617,Household,,2023-08-12,"53.544,55","1.695.831,73",Gauteng,SIM-1003,,,,Active,LegacyShortTermA
STPOL-000017824,STPOLICY00017824,RISK00017824,MISSING-392018,INT000301,Motor,,2022-05-22,"243,553.28",3178651.72,Western Cape,SIM-2101,2006.0,SIM-REG-00017824,SIM-VIN-0000017824,Cancelled,LegacyShortTermA
STPOL-000017883,STPOLICY00017883,RISK00017883,CUST00006995,INT000048,Motor,2023-03-16,,302041.45,3522053.28,Northern Cape,SIM-9001,2005.0,SIM-REG-00017883,SIM-VIN-0000017883,Cancelled,AcquiredBook
STPOL-000018103,STPOLICY00018103,RISK00018103,CUST00000388,INT000275,Motor,,2024-08-04,"ZAR 182,157.03","2,829,935.22",Northern Cape,SIM-9001,2014.0,SIM-REG-00018103,SIM-VIN-0000018103,Active,AcquiredBook
STPOL-000018108,STPOLICY00018108,RISK00018108,CUST00012056,INT000137,Motor,2023-02-14,,"278.119,03","R 3,479,712.10",,SIM-6001,1997.0,SIM-REG-00018108,SIM-VIN-0000018108,In Force,LegacyShortTermB
STPOL-000018161,STPOLICY00018161,RISK00018161,CUST00006388,INT000638,Motor,,2024-04-27,"206,943.52","2,880,300.13",Western Cape,SIM-2002,2005.0,SIM-REG-00018161,SIM-VIN-0000018161,In Force,AcquiredBook
STPOL-000018212,STPOLICY00018212,RISK00018212,CUST00009651,INT000548,Motor,2023-11-02,,"98.429,93","2.303.592,17",Eastern Cape,SIM-4001,2022.0,SIM-REG-00018212,SIM-VIN-0000018212,Active,LegacyShortTermA
STPOL-000018253,STPOLICY00018253,RISK00018253,CUST00007868,INT000379,Home Contents,,2024-04-17,"47,771.91","ZAR 1,315,596.58",North West,SIM-8001,,,,Active,LegacyShortTermB
STPOL-000018271,STPOLICY00018271,RISK00018271,CUST00005793,INT000181,Household,2025-08-07,,"R 127,546.39",2128579.61,Western Cape,SIM-2101,,,,Active,LegacyShortTermA
STPOL-000018326,STPOLICY00018326,RISK00018326,CUST00009943,INT000259,Commercial,,2023-10-11,674262.37,"ZAR 18,415,175.77",KwaZulu-Natal,SIM-3002,,,,In Force,LegacyShortTermA
STPOL-000018441,STPOLICY00018441,RISK00018441,CUST00009559,MISSING-393471,Commercial,,2024-12-07,"471,534.70","R 17,761,593.41",Limpopo,SIM-6001,,,,In Force,AcquiredBook
STPOL-000018549,STPOLICY00018549,RISK00018549,CUST00001556,INT000016,Commercial,,2022-10-23,"R 148,935.02","2.274.098,70",North West,SIM-8001,,,,Lapsed,AcquiredBook
STPOL-000018579,STPOLICY00018579,RISK00018579,CUST00003908,INT000254,Commercial,2021-11-14,,1276813.16,"25.675.833,81",KwaZulu-Natal,SIM-3002,,,,Lapsed,LegacyShortTermB
STPOL-000018630,STPOLICY00018630,RISK00018630,CUST00007700,INT000006,Commercial,,2025-12-01,"378,373.31","23,995,857.46",KwaZulu-Natal,SIM-3101,,,,Cancelled,LegacyShortTermA
STPOL-000018659,STPOLICY00018659,RISK00018659,CUST00002399,INT000136,Commercial,,2023-07-14,2027676.59,"ZAR 29,238,880.86",Mpumalanga,SIM-7001,,,,INFORCE,AcquiredBook
STPOL-000018694,STPOLICY00018694,RISK00018694,CUST00012382,INT000312,Household,,2024-09-13,45474.53,"R 2,259,573.13",North West,SIM-8001,,,,Active,LegacyShortTermB
STPOL-000018732,STPOLICY00018732,RISK00018732,CUST00000413,INT000644,Motor,2021-04-24,,"R 186,236.76","3.339.584,21",Western Cape,SIM-2101,2020.0,SIM-REG-00018732,SIM-VIN-0000018732,In Force,LegacyShortTermA
STPOL-000018829,STPOLICY00018829,RISK00018829,CUST00004845,INT000488,Motor,2021-02-17,,"ZAR 304,155.34","R 3,631,448.40",Mpumalanga,SIM-7001,2011.0,SIM-REG-00018829,SIM-VIN-0000018829,INFORCE,LegacyShortTermA
STPOL-000018874,STPOLICY00018874,RISK00018874,CUST00009471,INT000224,Motor,,2023-12-20,"R 12,301.38","ZAR 329,234.74",Northern Cape,SIM-9001,2013.0,SIM-REG-00018874,SIM-VIN-0000018874,Active,LegacyShortTermA
STPOL-000018886,STPOLICY00018886,RISK00018886,CUST00010088,INT000090,Household,,2023-12-26,"R 117,708.72","R 1,827,602.50",Free State,SIM-5001,,,,In Force,LegacyShortTermA
STPOL-000018905,STPOLICY00018905,RISK00018905,CUST00013394,INT000268,Household,2022-10-27,,"ZAR 64,977.63","1.325.864,26",Northern Cape,SIM-9001,,,,Cancelled,AcquiredBook
STPOL-000018945,STPOLICY00018945,RISK00018945,CUST00011365,INT000429,Commercial,2021-04-11,,1294307.97,25005542.28,Mpumalanga,SIM-7001,,,,In Force,LegacyShortTermB
STPOL-000018992,STPOLICY00018992,RISK00018992,CUST00010489,INT000666,Commercial,2024-01-07,,"370,246.01","22,233,709.93",Eastern Cape,SIM-4001,,,,Active,LegacyShortTermB
STPOL-000019112,STPOLICY00019112,RISK00019112,CUST00010747,INT000406,Household,,2024-03-07,"ZAR 121,592.12","3,122,264.31",North West,SIM-8001,,,,In Force,AcquiredBook
STPOL-000019253,STPOLICY00019253,RISK00019253,CUST00004313,INT000359,Motor,,2025-07-03,54003.49,824213.22,Free State,SIM-5001,2024.0,SIM-REG-00019253,SIM-VIN-0000019253,In Force,AcquiredBook
STPOL-000019331,STPOLICY00019331,RISK00019331,CUST00011959,INT000347,Commercial,,2023-05-26,"ZAR 750,538.34",8494025.43,Free State,SIM-5001,,,,In Force,LegacyShortTermA
STPOL-000019350,STPOLICY00019350,RISK00019350,CUST00004814,INT000540,Motor,2024-01-15,,"ZAR 187,665.89","ZAR 3,756,060.37",KwaZulu-Natal,SIM-3001,1991.0,SIM-REG-00019350,SIM-VIN-0000019350,Lapsed,LegacyShortTermB
STPOL-000019386,STPOLICY00019386,RISK00019386,CUST00003719,INT000674,Motor,2025-09-17,,"ZAR 38,959.40","585,810.85",Northern Cape,SIM-9001,2001.0,SIM-REG-00019386,SIM-VIN-0000019386,Cancelled,LegacyShortTermB
STPOL-000019475,STPOLICY00019475,RISK00019475,CUST00010787,INT000257,Motor,,2023-08-28,175410.72,"ZAR 2,036,183.44",North West,SIM-8001,1992.0,SIM-REG-00008774,SIM-VIN-0000019475,In Force,LegacyShortTermB
STPOL-000019496,STPOLICY00019496,RISK00019496,CUST00007568,INT000497,Commercial,,2024-04-21,"560.687,25","14,343,903.90",Free State,SIM-5001,,,,INFORCE,LegacyShortTermA
STPOL-000019509,STPOLICY00019509,RISK00019509,CUST00007997,INT000601,Commercial,,2022-12-12,16914.03,"251,665.54",Eastern Cape,SIM-4001,,,,INFORCE,AcquiredBook
STPOL-000019539,STPOLICY00019539,RISK00019539,CUST00007178,INT000615,Household,2022-08-07,,"ZAR 49,034.24","1.704.171,91",Free State,SIM-5001,,,,INFORCE,LegacyShortTermA
STPOL-000019577,STPOLICY00019577,RISK00019577,CUST00005534,INT000018,Household,2023-12-06,,0.00,"0,00",Northern Cape,SIM-9001,,,,Cancelled,LegacyShortTermA
STPOL-000019592,STPOLICY00019592,RISK00019592,CUST00003922,INT000570,Commercial,,2023-09-08,"628,965.03","8.900.174,48",Free State,SIM-5001,,,,Cancelled,LegacyShortTermA
STPOL-000019737,STPOLICY00019737,RISK00019737,CUST00005949,INT000203,Commercial,,2026-06-27,"ZAR 1,081,161.02","20,220,788.28",Mpumalanga,SIM-7001,,,,Lapsed,AcquiredBook
STPOL-000019738,STPOLICY00019738,RISK00019738,CUST00000813,INT000518,MOTOR,,,13693.10,"304,641.41",Western Cape,SIM-2101,1993.0,SIM-REG-00019738,SIM-VIN-0000019738,Cancelled,LegacyShortTermB
STPOL-000019805,STPOLICY00019805,RISK00019805,CUST00010724,INT000303,Commercial,,2022-11-04,"42,649.28",1841233.83,Gauteng,SIM-1002,,,,INFORCE,AcquiredBook
STPOL-000019877,STPOLICY00019877,RISK00019877,CUST00008349,INT000554,Household,2024-09-28,,"14,747.56","ZAR 274,384.48",North West,SIM-8001,,,,Lapsed,LegacyShortTermA
STPOL-000019941,STPOLICY00019941,RISK00019941,CUST00001860,INT000501,Household,2021-06-29,,"103.318,73",3420903.46,Limpopo,SIM-6001,,,,Lapsed,LegacyShortTermA
STPOL-000019959,STPOLICY00019959,RISK00019959,CUST00010697,INT000519,Commercial,2024-02-02,,844431.98,23307952.86,North West,SIM-8001,,,,Cancelled,LegacyShortTermA
STPOL-000019997,STPOLICY00019997,RISK00019997,CUST00000561,INT000243,Motor,,2022-01-21,"ZAR 17,226.04","893.639,42",Limpopo,SIM-6001,2020.0,SIM-REG-00019997,SIM-VIN-0000019997,In Force,LegacyShortTermB
STPOL-000020025,STPOLICY00020025,RISK00020025,CUST00007051,INT000035,Household,,2025-07-13,"30,297.15","1.176.286,18",Mpumalanga,SIM-7001,,,,INFORCE,LegacyShortTermA
STPOL-000020052,STPOLICY00020052,RISK00020052,CUST00008442,INT000450,Household,,2024-01-27,"ZAR 77,968.95",1524041.34,KwaZulu-Natal,SIM-3001,,,,INFORCE,AcquiredBook
STPOL-000020069,STPOLICY00020069,RISK00020069,CUST00007387,INT000657,Household,2021-03-21,,"49.235,64","810.184,39",Western Cape,SIM-2001,,,,INFORCE,LegacyShortTermB
STPOL-000020107,STPOLICY00020107,RISK00020107,CUST00011568,INT000250,Commercial,2021-08-12,,"R 53,801.77",3741811.86,KwaZulu-Natal,SIM-3002,,,,Cancelled,LegacyShortTermA
STPOL-000020119,STPOLICY00020119,RISK00020119,CUST00013690,INT000143,Household,2021-06-22,,"R 135,444.68",3211394.26,Free State,SIM-5001,,,,Active,LegacyShortTermB
STPOL-000020142,STPOLICY00020142,RISK00020142,MISSING-768064,INT000079,Commercial,2022-02-15,,"1.028.040,90",28755449.17,Northern Cape,SIM-9001,,,,INFORCE,AcquiredBook
STPOL-000020213,STPOLICY00020213,RISK00020213,CUST00000174,INT000493,Motor,,2022-05-08,"97,252.20",1948489.85,Mpumalanga,SIM-7001,1998.0,SIM-REG-00020213,SIM-VIN-0000020213,INFORCE,LegacyShortTermA
STPOL-000020352,STPOLICY00020352,RISK00020352,CUST00001394,INT000622,Household,,2026-04-15,"ZAR 90,227.97","1,028,408.32",KwaZulu-Natal,SIM-3101,,,,Active,LegacyShortTermA
STPOL-000020358,STPOLICY00020358,RISK00020358,CUST00011774,INT000580,Commercial,2024-05-05,,"695.051,28","ZAR 16,579,983.50",Mpumalanga,SIM-7001,,,,INFORCE,LegacyShortTermB
STPOL-000020541,STPOLICY00020541,RISK00020541,CUST00003838,INT000322,Commercial,2023-01-13,,"ZAR 430,940.83",12591913.98,Eastern Cape,SIM-4001,,,,Lapsed,LegacyShortTermB
STPOL-000020609,STPOLICY00020609,RISK00020609,CUST00007693,INT000231,Motor,,2023-01-04,"ZAR 114,644.62","2.868.391,09",North West,SIM-8001,2018.0,SIM-REG-00020609,SIM-VIN-0000020609,In Force,LegacyShortTermA
STPOL-000020723,STPOLICY00020723,RISK00020723,CUST00003951,INT000486,Commercial,,2025-03-26,"ZAR 86,417.05","ZAR 4,608,257.89",Limpopo,SIM-6001,,,,Active,LegacyShortTermA
STPOL-000020753,STPOLICY00020753,RISK00020753,CUST00001755,INT000148,Motor,,2026-01-14,"ZAR 136,454.91","1,679,946.80",Mpumalanga,SIM-7001,2024.0,SIM-REG-00020753,SIM-VIN-0000020753,Active,LegacyShortTermA
STPOL-000020779,STPOLICY00020779,RISK00020779,CUST00000410,INT000457,Household,,2026-06-23,110367.02,"2,765,169.83",North West,SIM-8001,,,,Lapsed,AcquiredBook
STPOL-000020861,STPOLICY00020861,RISK00020861,CUST00000304,INT000340,Motor,,2025-08-09,"ZAR 140,402.83","1,715,835.44",Western Cape,SIM-2101,2011.0,SIM-REG-00020861,SIM-VIN-0000020861,Active,AcquiredBook
STPOL-000020872,STPOLICY00020872,RISK00020872,CUST00005389,INT000224,Household,,2026-03-17,"78,880.40","R 2,942,734.18",Mpumalanga,SIM-7001,,,,INFORCE,LegacyShortTermA
STPOL-000020920,STPOLICY00020920,RISK00020920,CUST00006351,INT000083,Commercial,2023-06-06,,"ZAR 1,789,200.79","22.502.926,70",Northern Cape,SIM-9001,,,,In Force,LegacyShortTermA
STPOL-000020921,STPOLICY00020921,RISK00020921,CUST00011921,INT000214,Commercial,,2022-11-26,"1,944,277.03","ZAR 29,663,109.74",Limpopo,SIM-6001,,,,Cancelled,LegacyShortTermA
STPOL-000021079,STPOLICY00021079,RISK00021079,CUST00011854,INT000549,Household,,2024-03-01,"150.218,89",2361232.34,Western Cape,SIM-2002,,,,INFORCE,AcquiredBook
STPOL-000021126,STPOLICY00021126,RISK00021126,CUST00002867,INT000506,Commercial,,2026-03-16,"R 388,913.29","7.993.343,46",Free State,SIM-5001,,,,Lapsed,LegacyShortTermB
STPOL-000021128,STPOLICY00021128,RISK00021128,CUST00012972,INT000051,Motor,2021-10-30,,"R 230,400.38",2934667.72,Mpumalanga,SIM-7001,2007.0,SIM-REG-00021128,SIM-VIN-0000021128,In Force,AcquiredBook
STPOL-000021157,STPOLICY00021157,RISK00021157,CUST00011968,INT000488,Motor,2022-07-31,,"R 67,934.65","R 3,695,229.78",Limpopo,SIM-6001,2004.0,SIM-REG-00021157,SIM-VIN-0000021157,Active,LegacyShortTermA
STPOL-000021238,STPOLICY00021238,RISK00021238,CUST00004609,INT000611,Household,2021-09-23,,"R 113,114.70","R 1,470,080.32",Limpopo,SIM-6001,,,,Cancelled,AcquiredBook
STPOL-000021268,STPOLICY00021268,RISK00021268,CUST00012505,INT000001,Commercial,2022-01-01,,"628,690.39","8.665.250,65",,SIM-4001,,,,Cancelled,AcquiredBook
STPOL-000021304,STPOLICY00021304,RISK00021304,CUST00011529,MISSING-512177,Commercial,2021-05-01,,"ZAR 140,715.05","3,329,429.29",Northern Cape,SIM-9001,,,,Lapsed,AcquiredBook
STPOL-000021344,STPOLICY00021344,RISK00021344,CUST00002437,INT000206,Household,2021-02-06,,"R 6,311.88",222748.58,Free State,SIM-5001,,,,Active,LegacyShortTermB
STPOL-000021410,STPOLICY00021410,RISK00021410,CUST00003698,INT000651,Motor,,2024-08-09,"R 74,187.72",2037013.47,Limpopo,SIM-6001,1992.0,SIM-REG-00021410,SIM-VIN-0000021410,Cancelled,AcquiredBook
STPOL-000021422,STPOLICY00021422,RISK00021422,CUST00009573,INT000628,Household,2021-10-20,,"111.354,50","3,526,600.53",North West,SIM-8001,,,,In Force,AcquiredBook
STPOL-000021496,STPOLICY00021496,RISK00021496,CUST00008217,INT000516,Commercial,,2022-10-07,"ZAR 1,979,891.36","R 29,273,007.31",Gauteng,SIM-1003,,,,In Force,AcquiredBook
STPOL-000021511,STPOLICY00021511,RISK00021511,CUST00004767,INT000138,Commercial,2022-12-04,,71025.89,"R 3,641,626.46",Eastern Cape,SIM-4001,,,,Active,AcquiredBook
STPOL-000021684,STPOLICY00021684,RISK00021684,CUST00005562,INT000249,Household,2022-07-08,,"86,133.97","ZAR 1,190,791.34",Limpopo,,,,,Active,LegacyShortTermB
STPOL-000021908,STPOLICY00021908,RISK00021908,CUST00010764,INT000094,Motor,,2024-03-30,"48,853.60","2.034.727,64",Northern Cape,SIM-9001,1996.0,SIM-REG-00021908,SIM-VIN-0000021908,Cancelled,AcquiredBook
STPOL-000021919,STPOLICY00021919,RISK00021919,CUST00005739,INT000131,Motor,2022-04-17,,"179,095.11","R 2,493,189.37",Mpumalanga,SIM-7001,2004.0,SIM-REG-00021919,SIM-VIN-0000021919,Active,LegacyShortTermB
STPOL-000021941,STPOLICY00021941,RISK00021941,CUST00011754,INT000320,Motor,,2025-10-04,"R 224,630.20",2911085.53,Gauteng,SIM-1002,2018.0,SIM-REG-00021941,SIM-VIN-0000021941,In Force,LegacyShortTermB
STPOL-000021992,STPOLICY00021992,RISK00021992,CUST00010205,INT000381,Household,2021-09-16,,92948.58,"ZAR 1,434,571.56",Northern Cape,SIM-9001,,,,Cancelled,LegacyShortTermA
STPOL-000021998,STPOLICY00021998,RISK00021998,MISSING-456517,INT000307,Household,2021-07-19,,"111,949.24","2,803,055.95",Gauteng,SIM-1002,,,,Lapsed,LegacyShortTermB
STPOL-000022099,STPOLICY00022099,RISK00022099,CUST00008277,INT000304,Household,2022-01-02,,"193.678,02","R 3,503,307.64",Free State,SIM-5001,,,,In Force,AcquiredBook
STPOL-000022156,STPOLICY00022156,RISK00022156,MISSING-586253,INT000467,Motor,2022-07-11,,"17,111.39","306.803,48",Eastern Cape,SIM-4001,2005.0,SIM-REG-00022156,SIM-VIN-0000022156,Cancelled,AcquiredBook
STPOL-000022220,STPOLICY00022220,RISK00022220,CUST00012595,INT000166,Motor,,2025-03-22,"29,766.51","ZAR 1,804,984.06",Northern Cape,SIM-9001,1991.0,SIM-REG-00022220,SIM-VIN-0000022220,Lapsed,LegacyShortTermB
STPOL-000022226,STPOLICY00022226,RISK00022226,CUST00007009,INT000696,Commercial,,2023-12-08,"R 825,135.52","12.664.815,15",Northern Cape,SIM-9001,,,,Lapsed,AcquiredBook
STPOL-000022229,STPOLICY00022229,RISK00022229,CUST00001182,INT000059,Motor,,2022-01-25,"R 147,022.42","3.826.548,35",Free State,SIM-5001,2004.0,SIM-REG-00022229,SIM-VIN-0000022229,In Force,LegacyShortTermB
STPOL-000022334,STPOLICY00022334,RISK00022334,CUST00013024,INT000461,Commercial,2021-05-18,,"1,270,866.01","R 23,933,942.99",Mpumalanga,SIM-7001,,,,Cancelled,LegacyShortTermB
STPOL-000022479,STPOLICY00022479,RISK00022479,CUST00012775,INT000598,Motor,2024-01-13,,"ZAR 221,115.46",3455852.11,North West,SIM-8001,2005.0,SIM-REG-00022479,SIM-VIN-0000022479,In Force,LegacyShortTermB
STPOL-000022487,STPOLICY00022487,RISK00022487,CUST00003006,INT000573,Home Contents,,2026-06-11,"47,707.17","610,181.64",Mpumalanga,SIM-7001,,,,Active,LegacyShortTermB
STPOL-000022515,STPOLICY00022515,RISK00022515,CUST00008670,INT000466,Motor,2022-03-25,,"41.319,90","R 2,798,110.60",Eastern Cape,SIM-4001,2011.0,SIM-REG-00022515,SIM-VIN-0000022515,INFORCE,AcquiredBook
STPOL-000022557,STPOLICY00022557,RISK00022557,CUST00001557,INT000146,Household,2022-02-09,,"R 97,586.69","R 2,089,816.80",Mpumalanga,SIM-7001,,,,INFORCE,LegacyShortTermB
STPOL-000022565,STPOLICY00022565,RISK00022565,CUST00001178,INT000627,Household,2025-07-20,,"16,245.92",1615954.98,Eastern Cape,SIM-4001,,,,Active,LegacyShortTermB
STPOL-000022603,STPOLICY00022603,RISK00022603,CUST00011344,INT000361,Commercial,2022-05-26,,"R 742,657.72",15789413.06,KwaZulu-Natal,SIM-3001,,,,Cancelled,AcquiredBook
STPOL-000022744,STPOLICY00022744,RISK00022744,CUST00008838,INT000529,Commercial,2021-04-09,,"R 1,039,168.20",19865734.61,Free State,SIM-5001,,,,In Force,LegacyShortTermB
STPOL-000022745,STPOLICY00022745,RISK00022745,CUST00008633,INT000187,Household,2025-07-12,,"ZAR 37,510.19","R 2,709,402.95",Eastern Cape,SIM-4001,,,,Active,LegacyShortTermB
STPOL-000022796,STPOLICY00022796,RISK00022796,MISSING-739443,INT000270,Motor,2022-02-18,,"118,982.04","R 1,873,171.27",Western Cape,SIM-2001,2001.0,SIM-REG-00022796,SIM-VIN-0000022796,In Force,AcquiredBook
STPOL-000022806,STPOLICY00022806,RISK00022806,CUST00003027,INT000285,Home Contents,2025-03-24,,96715.66,1138220.72,North West,SIM-8001,,,,In Force,LegacyShortTermA
STPOL-000022830,STPOLICY00022830,RISK00022830,CUST00012249,INT000575,Household,,2025-04-30,"333.242,63","3,782,364.14",Free State,,,,,INFORCE,LegacyShortTermB
STPOL-000022869,STPOLICY00022869,RISK00022869,CUST00001170,INT000668,Commercial,,2026-01-29,"R 223,277.31","R 10,826,512.26",Mpumalanga,SIM-7001,,,,INFORCE,AcquiredBook
STPOL-000023010,STPOLICY00023010,RISK00023010,CUST00013627,INT000681,Household,2024-08-26,,"120,551.65","2,575,042.26",North West,SIM-8001,,,,Lapsed,LegacyShortTermB
STPOL-000023072,STPOLICY00023072,RISK00023072,CUST00005773,INT000213,Household,2023-10-17,,"R 39,999.85",667288.83,Limpopo,SIM-6001,,,,Active,AcquiredBook
STPOL-000023101,STPOLICY00023101,RISK00023101,CUST00003189,INT000477,Motor,,2024-01-05,5343.63,"ZAR 555,038.97",Free State,SIM-5001,2018.0,SIM-REG-00023101,SIM-VIN-0000023101,Active,AcquiredBook
STPOL-000023293,STPOLICY00023293,RISK00023293,CUST00009814,INT000135,Motor,,2023-10-02,"43.686,59","R 1,820,231.49",Limpopo,SIM-6001,2010.0,SIM-REG-00023293,SIM-VIN-0000023293,INFORCE,AcquiredBook
STPOL-000023316,STPOLICY00023316,RISK00023316,CUST00008671,INT000536,Household,,2024-08-19,"1,704.51",not recorded,Limpopo,SIM-6001,,,,INFORCE,LegacyShortTermA
STPOL-000023423,STPOLICY00023423,RISK00023423,CUST00010380,INT000359,Motor,2024-03-11,,"50.400,23",3857775.14,Eastern Cape,SIM-4001,2013.0,SIM-REG-00023423,SIM-VIN-0000023423,Lapsed,LegacyShortTermB
STPOL-000023448,STPOLICY00023448,RISK00023448,CUST00006793,INT000534,Household,2022-01-11,,12917.60,"1.058.990,79",Northern Cape,SIM-9001,,,,Active,LegacyShortTermA
STPOL-000023469,STPOLICY00023469,RISK00023469,CUST00007106,INT000688,Motor,,2026-04-03,180004.30,2309902.13,Eastern Cape,SIM-4001,2017.0,SIM-REG-00023469,SIM-VIN-0000023469,INFORCE,AcquiredBook
STPOL-000023484,STPOLICY00023484,RISK00023484,CUST00012476,INT000400,Household,2023-12-04,,"ZAR 30,271.53","1,693,253.28",North West,SIM-8001,,,,Lapsed,LegacyShortTermB
STPOL-000023668,STPOLICY00023668,RISK00023668,CUST00006452,INT000358,Commercial,,2024-09-10,"628.462,16","7,918,522.12",KwaZulu-Natal,SIM-3001,,,,INFORCE,LegacyShortTermA
STPOL-000023684,STPOLICY00023684,RISK00023684,CUST00000749,INT000483,Household,2021-02-15,,"66,287.65","ZAR 940,487.05",Gauteng,SIM-1001,,,,Lapsed,LegacyShortTermA
STPOL-000023765,STPOLICY00023765,RISK00023765,CUST00006515,INT000406,Motor,,2023-03-17,"ZAR 141,138.88",2313498.84,Western Cape,SIM-2001,2012.0,SIM-REG-00023765,SIM-VIN-0000023765,In Force,LegacyShortTermA
STPOL-000023869,STPOLICY00023869,RISK00023869,CUST00005843,INT000148,Household,2023-01-20,,33060.23,1065169.30,Mpumalanga,SIM-7001,,,,INFORCE,LegacyShortTermB
STPOL-000023913,STPOLICY00023913,RISK00023913,CUST00000279,INT000640,Household,2025-03-18,,"151.932,76",3801379.90,North West,SIM-8001,,,,In Force,LegacyShortTermA
STPOL-000023922,STPOLICY00023922,RISK00023922,CUST00009550,INT000140,MOTOR,,2022-08-12,"ZAR 198,800.97","2,334,082.58",Mpumalanga,SIM-7001,2002.0,SIM-REG-00023922,SIM-VIN-0000023922,Active,AcquiredBook
STPOL-000023924,STPOLICY00023924,RISK00023924,CUST00001315,INT000690,Household,,2026-06-07,"7,729.57",434958.27,Northern Cape,SIM-9001,,,,Lapsed,LegacyShortTermB
STPOL-000023940,STPOLICY00023940,RISK00023940,CUST00011585,INT000339,Commercial,,2024-04-08,"R 1,516,523.25","R 17,446,311.29",Northern Cape,SIM-9001,,,,Lapsed,AcquiredBook
STPOL-000024085,STPOLICY00024085,RISK00024085,CUST00008286,INT000273,Motor,,2024-06-03,69513.01,"ZAR 1,996,597.07",Northern Cape,,2017.0,SIM-REG-00024085,SIM-VIN-0000024085,Active,LegacyShortTermB
STPOL-000024088,STPOLICY00024088,RISK00024088,CUST00011413,INT000463,Household,2021-01-12,,"143,848.58","2.054.682,80",Free State,SIM-5001,,,,INFORCE,AcquiredBook
STPOL-000024155,STPOLICY00024155,RISK00024155,MISSING-155267,INT000335,Motor,,2024-01-19,"ZAR 6,744.02","685,596.00",Gauteng,SIM-1003,1997.0,SIM-REG-00024155,SIM-VIN-0000024155,Active,LegacyShortTermB
STPOL-000024238,STPOLICY00024238,RISK00024238,CUST00004789,INT000192,Commercial,2021-05-24,,768105.17,"R 29,886,461.12",Limpopo,SIM-6001,,,,Cancelled,LegacyShortTermA
STPOL-000024266,STPOLICY00024266,RISK00024266,CUST00000909,INT000507,Commercial,,2023-04-12,"R 29,690.87","473,691.37",Limpopo,SIM-6001,,,,Lapsed,AcquiredBook
STPOL-000024352,STPOLICY00024352,RISK00024352,MISSING-869453,INT000375,Household,,2025-10-15,"89,815.71","3.206.341,06",North West,SIM-8001,,,,In Force,LegacyShortTermB
STPOL-000024366,STPOLICY00024366,RISK00024366,CUST00009236,INT000397,Household,,2023-04-03,"173.763,18","ZAR 2,320,672.41",Eastern Cape,SIM-4001,,,,INFORCE,AcquiredBook
STPOL-000024511,STPOLICY00024511,RISK00024511,CUST00009727,INT000125,Household,2025-03-04,,"19.325,95","ZAR 229,946.52",Western Cape,SIM-2002,,,,In Force,AcquiredBook
STPOL-000024512,STPOLICY00024512,RISK00024512,CUST00011590,INT000085,Motor,,2022-12-12,"ZAR 177,702.27","3.331.859,10",Eastern Cape,SIM-4001,2002.0,SIM-REG-00024512,SIM-VIN-0000024512,Cancelled,LegacyShortTermB
STPOL-000024538,STPOLICY00024538,RISK00024538,CUST00003487,INT000495,Motor,2025-05-07,,"R 170,296.91","ZAR 3,314,924.36",Free State,SIM-5001,2001.0,SIM-REG-00024538,SIM-VIN-0000024538,Lapsed,LegacyShortTermB
STPOL-000024551,STPOLICY00024551,RISK00024551,CUST00006203,INT000466,Household,2023-02-12,,"274,859.25","3,522,524.53",Free State,SIM-5001,,,,Cancelled,AcquiredBook
STPOL-000024579,STPOLICY00024579,RISK00024579,CUST00002338,INT000117,Motor,,2022-11-17,"82,452.17","1,704,654.98",Free State,SIM-5001,1991.0,SIM-REG-00024579,SIM-VIN-0000024579,Active,LegacyShortTermA
STPOL-000024627,STPOLICY00024627,RISK00024627,CUST00009149,INT000490,Commercial,,2026-05-05,"R 521,235.56","R 7,724,635.15",Limpopo,SIM-6001,,,,INFORCE,LegacyShortTermB
STPOL-000024636,STPOLICY00024636,RISK00024636,CUST00001711,INT000590,Household,,2026-01-16,"ZAR 151,146.59",3542589.52,KwaZulu-Natal,SIM-3002,,,,In Force,LegacyShortTermA
STPOL-000024647,STPOLICY00024647,RISK00024647,CUST00008664,INT000035,Commercial,2021-04-23,,"1.537.216,41","R 22,956,255.34",Western Cape,SIM-2001,,,,In Force,LegacyShortTermB
STPOL-000024679,STPOLICY00024679,RISK00024679,CUST00004368,INT000257,Household,,2024-06-27,"R 165,353.35",3444104.70,Free State,SIM-5001,,,,Lapsed,AcquiredBook
STPOL-000024696,STPOLICY00024696,RISK00024696,CUST00004738,INT000083,Motor,2024-07-01,,1779.61,72606.20,Limpopo,SIM-6001,2006.0,SIM-REG-00024696,SIM-VIN-0000024696,Lapsed,LegacyShortTermB
STPOL-000024704,STPOLICY00024704,RISK00024704,CUST00009264,INT000218,Motor,2025-04-13,,"ZAR 211,201.43","ZAR 2,532,207.90",Limpopo,SIM-6001,1994.0,SIM-REG-00024704,SIM-VIN-0000024704,Lapsed,LegacyShortTermB
STPOL-000024731,STPOLICY00024731,RISK00024731,CUST00009123,INT000449,Household,2022-02-04,,"49.319,27","R 1,150,300.96",Western Cape,SIM-2101,,,,Active,AcquiredBook
STPOL-000024912,STPOLICY00024912,RISK00024912,CUST00005802,INT000542,Commercial,,2025-10-10,"ZAR 898,754.62","11.735.100,26",Eastern Cape,SIM-4001,,,,INFORCE,AcquiredBook
STPOL-000025003,STPOLICY00025003,RISK00025003,CUST00007212,INT000001,Motor,,2023-10-01,15685.11,"957.142,61",KwaZulu-Natal,SIM-3001,1997.0,SIM-REG-00025003,SIM-VIN-0000025003,Active,AcquiredBook
STPOL-000025012,STPOLICY00025012,RISK00025012,MISSING-747066,INT000420,Motor,2025-06-28,,81663.85,"1.343.208,07",Mpumalanga,SIM-7001,2022.0,SIM-REG-00025012,SIM-VIN-0000025012,Cancelled,LegacyShortTermA
STPOL-000025069,STPOLICY00025069,RISK00025069,CUST00010524,INT000071,Household,,2022-08-28,15517.44,316384.44,Mpumalanga,SIM-7001,,,,In Force,AcquiredBook
STPOL-000025241,STPOLICY00025241,RISK00025241,CUST00002306,INT000570,Household,,2023-11-17,74772.00,"R 1,005,173.94",Western Cape,SIM-2002,,,,Active,LegacyShortTermA
STPOL-000025333,STPOLICY00025333,RISK00025333,CUST00013815,INT000456,SME Commercial,,2026-07-07,"60.685,80",1283382.28,Gauteng,SIM-1003,,,,INFORCE,LegacyShortTermB
STPOL-000025355,STPOLICY00025355,RISK00025355,CUST00004094,INT000589,Commercial,2023-05-25,,"ZAR 1,339,563.13","21.446.317,81",Free State,SIM-5001,,,,Cancelled,LegacyShortTermA
STPOL-000025360,STPOLICY00025360,RISK00025360,CUST00011090,INT000327,Household,2023-06-20,,92246.99,3662339.31,Eastern Cape,SIM-4001,,,,In Force,LegacyShortTermA
STPOL-000025430,STPOLICY00025430,RISK00025430,CUST00002184,INT000585,Commercial,2022-03-12,,"R 497,113.03","15,595,961.26",Eastern Cape,SIM-4001,,,,Lapsed,LegacyShortTermB
STPOL-000025491,STPOLICY00025491,RISK00025491,CUST00003164,INT000248,Commercial,2024-11-25,,"218.896,73","ZAR 8,799,935.93",Gauteng,SIM-1003,,,,Lapsed,LegacyShortTermA
STPOL-000025509,STPOLICY00025509,RISK00025509,CUST00011628,INT000141,Household,2024-07-24,,"220.367,29","ZAR 2,527,696.61",KwaZulu-Natal,SIM-3001,,,,INFORCE,LegacyShortTermB
STPOL-000025515,STPOLICY00025515,RISK00025515,CUST00003495,INT000504,Commercial,2024-03-23,,1553427.59,"22,364,833.36",Gauteng,SIM-1001,,,,Cancelled,AcquiredBook
STPOL-000025534,STPOLICY00025534,RISK00025534,CUST00013704,INT000168,Commercial,,2024-10-14,,"R 3,192,771.09",Western Cape,SIM-2002,,,,Lapsed,AcquiredBook
STPOL-000025542,STPOLICY00025542,RISK00025542,CUST00010493,INT000610,Commercial,,2025-02-06,"238.052,07",25537842.91,North West,SIM-8001,,,,Lapsed,AcquiredBook
STPOL-000025569,STPOLICY00025569,RISK00025569,CUST00013134,INT000039,Motor,,2022-09-22,"21,917.08",805692.19,Mpumalanga,SIM-7001,2000.0,SIM-REG-00025569,SIM-VIN-0000025569,Active,LegacyShortTermB
STPOL-000025653,STPOLICY00025653,RISK00025653,CUST00009894,INT000632,Household,,2026-01-20,"70,071.71","ZAR 3,570,818.84",Limpopo,SIM-6001,,,,INFORCE,LegacyShortTermB
STPOL-000025687,STPOLICY00025687,RISK00025687,CUST00007795,INT000379,Motor,2025-11-05,,"ZAR 51,207.01","R 3,102,341.99",Eastern Cape,SIM-4001,2010.0,SIM-REG-00025687,SIM-VIN-0000025687,In Force,LegacyShortTermB
STPOL-000025699,STPOLICY00025699,RISK00025699,CUST00011373,INT000504,Motor,2024-11-28,,"121.848,85","ZAR 1,790,687.97",Gauteng,SIM-1001,2008.0,SIM-REG-00025699,SIM-VIN-0000025699,Lapsed,AcquiredBook
STPOL-000025724,STPOLICY00025724,RISK00025724,CUST00003217,INT000323,Motor,,2023-06-03,"ZAR 121,779.97","3,788,611.47",Northern Cape,SIM-9001,2001.0,SIM-REG-00025724,SIM-VIN-0000025724,INFORCE,AcquiredBook
STPOL-000025728,STPOLICY00025728,RISK00025728,CUST00005460,INT000114,Commercial,2021-01-24,,"ZAR 471,171.28","18,575,221.52",Free State,SIM-5001,,,,In Force,LegacyShortTermA
STPOL-000025767,STPOLICY00025767,RISK00025767,CUST00008153,INT000129,Household,,2023-03-23,"R 35,095.34","1.998.070,41",Free State,SIM-5001,,,,Lapsed,AcquiredBook
STPOL-000025879,STPOLICY00025879,RISK00025879,CUST00001008,INT000075,Household,,2022-10-15,"R 43,651.41","624.866,49",Free State,SIM-5001,,,,Active,LegacyShortTermB
STPOL-000025975,STPOLICY00025975,RISK00025975,CUST00000835,INT000441,Motor,2025-11-07,,"22,922.31","R 340,526.54",Eastern Cape,SIM-4001,1994.0,SIM-REG-00025975,SIM-VIN-0000025975,Cancelled,LegacyShortTermB
STPOL-000026007,STPOLICY00026007,RISK00026007,CUST00004397,INT000134,Commercial,2023-01-09,,"286,967.74","ZAR 3,984,441.51",Northern Cape,,,,,Active,LegacyShortTermB
STPOL-000026068,STPOLICY00026068,RISK00026068,CUST00001424,INT000240,Household,2024-03-11,,101127.71,2276840.16,Free State,SIM-5001,,,,In Force,LegacyShortTermB
STPOL-000026090,STPOLICY00026090,RISK00026090,CUST00005839,INT000229,Commercial,,2026-09-10,"68.072,31","ZAR 983,766.25",Eastern Cape,SIM-4001,,,,INFORCE,LegacyShortTermA
STPOL-000026106,STPOLICY00026106,RISK00026106,CUST00004850,INT000334,Motor,2022-11-23,,"202.526,84","3.262.119,38",Gauteng,SIM-1001,2018.0,SIM-REG-00026106,SIM-VIN-0000026106,Cancelled,AcquiredBook
STPOL-000026161,STPOLICY00026161,RISK00026161,CUST00009495,INT000176,Motor,,2024-07-04,"140,669.13","ZAR 3,734,058.92",Free State,SIM-5001,2025.0,SIM-REG-00026161,SIM-VIN-0000026161,In Force,LegacyShortTermA
STPOL-000026205,STPOLICY00026205,RISK00026205,CUST00006261,INT000338,Household,,2026-01-27,"165,187.40","R 3,885,918.26",Free State,SIM-5001,,,,Cancelled,LegacyShortTermA
STPOL-000026206,STPOLICY00026206,RISK00026206,CUST00010130,INT000078,Household,,2023-07-14,"172.922,89",3111333.07,Gauteng,SIM-1003,,,,In Force,LegacyShortTermA
STPOL-000026230,STPOLICY00026230,RISK00026230,CUST00005966,INT000378,Household,,2023-09-21,"R 139,341.27","3,836,354.62",Gauteng,SIM-1003,,,,In Force,LegacyShortTermB
STPOL-000026301,STPOLICY00026301,RISK00026301,CUST00012402,INT000215,Household,2025-04-17,,"R 11,908.91","523.381,91",North West,SIM-8001,,,,In Force,LegacyShortTermB
STPOL-000026352,STPOLICY00026352,RISK00026352,CUST00008490,INT000052,Commercial,,2025-03-22,"ZAR 1,711,987.03","R 28,455,225.64",Mpumalanga,SIM-7001,,,,Cancelled,AcquiredBook
STPOL-000026396,STPOLICY00026396,RISK00026396,CUST00002342,INT000540,Household,2025-06-18,,"23.764,04","615,686.45",Northern Cape,SIM-9001,,,,Cancelled,AcquiredBook
STPOL-000026453,STPOLICY00026453,RISK00026453,CUST00011123,INT000620,Motor,2022-12-12,,"R 57,235.37","R 1,577,363.87",Eastern Cape,SIM-4001,2007.0,SIM-REG-00026453,SIM-VIN-0000026453,Active,LegacyShortTermB
STPOL-000026496,STPOLICY00026496,RISK00026496,CUST00011968,INT000521,Motor,2021-01-29,,"R 234,391.87","2,849,927.18",Mpumalanga,SIM-7001,1994.0,SIM-REG-00026496,SIM-VIN-0000026496,Lapsed,AcquiredBook
STPOL-000026534,STPOLICY00026534,RISK00026534,CUST00001440,INT000628,Motor,2023-12-26,,"ZAR 170,657.33","2,678,342.58",Free State,SIM-5001,2020.0,SIM-REG-00026534,SIM-VIN-0000026534,Lapsed,AcquiredBook
STPOL-000026594,STPOLICY00026594,RISK00026594,CUST00000437,INT000373,Commercial,,2025-03-13,2102.01,"223.491,90",KwaZulu-Natal,SIM-3001,,,,In Force,LegacyShortTermB
STPOL-000026618,STPOLICY00026618,RISK00026618,CUST00004652,INT000532,Commercial,2021-12-28,,"106,851.39","R 3,006,503.03",KwaZulu-Natal,SIM-3101,,,,Lapsed,AcquiredBook
STPOL-000026657,STPOLICY00026657,RISK00026657,CUST00012445,INT000666,Motor,2025-02-07,,"24,213.97","ZAR 1,084,001.81",,SIM-3002,2002.0,SIM-REG-00026657,SIM-VIN-0000026657,Active,LegacyShortTermA
STPOL-000026770,STPOLICY00026770,RISK00026770,CUST00012980,INT000010,Commercial,,2026-05-12,"17,843.08","ZAR 1,895,557.85",Limpopo,SIM-6001,,,,Active,LegacyShortTermA
STPOL-000026869,STPOLICY00026869,RISK00026869,CUST00003221,INT000431,Commercial,,2024-09-07,38854.82,"1.224.996,80",Gauteng,SIM-1002,,,,INFORCE,LegacyShortTermA
STPOL-000026881,STPOLICY00026881,RISK00026881,CUST00006095,INT000646,Commercial,2023-04-15,,"ZAR 114,153.47","3.711.174,70",Free State,SIM-5001,,,,Active,LegacyShortTermB
STPOL-000026913,STPOLICY00026913,RISK00026913,CUST00000961,INT000461,Commercial,2025-07-20,,"928.195,76","12.702.468,32",Eastern Cape,SIM-4001,,,,Active,LegacyShortTermB
STPOL-000026946,STPOLICY00026946,RISK00026946,CUST00009579,INT000205,Motor,,2022-01-08,"R 158,179.69","3.245.606,83",Gauteng,SIM-1003,1994.0,SIM-REG-00026946,SIM-VIN-0000026946,INFORCE,LegacyShortTermB
STPOL-000026965,STPOLICY00026965,RISK00026965,CUST00011301,INT000057,Motor,,2022-05-12,41812.54,"1.561.106,20",Eastern Cape,SIM-4001,2015.0,SIM-REG-00026965,SIM-VIN-0000026965,Lapsed,LegacyShortTermA
STPOL-000026975,STPOLICY00026975,RISK00026975,CUST00004204,INT000208,Household,2025-02-03,,"120,381.18","ZAR 1,363,508.13",Western Cape,SIM-2101,,,,Cancelled,LegacyShortTermA
STPOL-000027069,STPOLICY00027069,RISK00027069,CUST00008785,INT000486,Motor,2022-02-21,,"103,992.13","2.635.842,35",Western Cape,SIM-2001,2025.0,SIM-REG-00027069,SIM-VIN-0000027069,Cancelled,AcquiredBook
STPOL-000027175,STPOLICY00027175,RISK00027175,CUST00012038,INT000097,Commercial,,2024-12-02,"210,989.24","19.995.371,92",Limpopo,SIM-6001,,,,Lapsed,LegacyShortTermA
STPOL-000027235,STPOLICY00027235,RISK00027235,CUST00009840,INT000569,MOTOR,,2022-06-28,"326,586.75","R 3,740,807.05",Eastern Cape,SIM-4001,2025.0,SIM-REG-00027235,SIM-VIN-0000027235,In Force,LegacyShortTermB
STPOL-000027237,STPOLICY00027237,RISK00027237,CUST00000545,INT000476,Commercial,,2026-08-31,"742.562,61",28972985.61,Eastern Cape,SIM-4001,,,,Active,LegacyShortTermB
STPOL-000027253,STPOLICY00027253,RISK00027253,CUST00004079,INT000108,Household,,2026-07-13,"137.268,40",3378530.61,Western Cape,SIM-2001,,,,INFORCE,LegacyShortTermB
STPOL-000027254,STPOLICY00027254,RISK00027254,CUST00004761,INT000360,Household,2021-06-17,,"ZAR 180,898.72","ZAR 2,096,587.87",Mpumalanga,SIM-7001,,,,Lapsed,LegacyShortTermA
STPOL-000027285,STPOLICY00027285,RISK00027285,CUST00000497,INT000304,Household,,2023-09-15,"R 284,819.22","3.253.609,47",North West,SIM-8001,,,,Active,AcquiredBook
STPOL-000027304,STPOLICY00027304,RISK00027304,CUST00003163,INT000341,Household,2023-08-29,,"106,124.54","R 2,524,423.93",Limpopo,SIM-6001,,,,Active,AcquiredBook
STPOL-000027333,STPOLICY00027333,RISK00027333,CUST00012732,INT000225,Household,2024-12-04,,"213,744.29","ZAR 2,867,213.06",Limpopo,SIM-6001,,,,Cancelled,AcquiredBook
STPOL-000027358,STPOLICY00027358,RISK00027358,CUST00003920,INT000445,Motor,2021-09-09,,"R 109,522.54","ZAR 3,051,936.53",Free State,SIM-5001,2004.0,SIM-REG-00027358,SIM-VIN-0000027358,Active,LegacyShortTermA
STPOL-000027387,STPOLICY00027387,RISK00027387,CUST00011811,INT000489,Motor,2023-10-20,,"314.098,44","R 3,514,594.58",Western Cape,SIM-2002,2017.0,SIM-REG-00027387,SIM-VIN-0000027387,Lapsed,AcquiredBook
STPOL-000027438,STPOLICY00027438,RISK00027438,CUST00009069,INT000442,Household,2021-10-25,,64651.06,"1.075.275,53",North West,SIM-8001,,,,INFORCE,LegacyShortTermA
STPOL-000027480,STPOLICY00027480,RISK00027480,CUST00013902,INT000244,Motor,,2026-05-19,"R 39,502.87",586440.64,Gauteng,SIM-1003,1992.0,SIM-REG-00027480,SIM-VIN-0000027480,INFORCE,LegacyShortTermA
STPOL-000027566,STPOLICY00027566,RISK00027566,CUST00007834,INT000093,Commercial,2023-09-28,,"579.294,83","11,954,714.48",Free State,SIM-5001,,,,INFORCE,LegacyShortTermB
STPOL-000027573,STPOLICY00027573,RISK00027573,CUST00008799,INT000490,Motor,,2023-02-26,14757.06,"R 1,189,832.60",Eastern Cape,SIM-4001,1998.0,SIM-REG-00027573,SIM-VIN-0000027573,INFORCE,LegacyShortTermA
STPOL-000027582,STPOLICY00027582,RISK00027582,CUST00007741,INT000098,Household,2025-02-17,,"160,648.50",1950049.30,Eastern Cape,SIM-4001,,,,Lapsed,LegacyShortTermB
STPOL-000027607,STPOLICY00027607,RISK00027607,CUST00004619,INT000282,Motor,,2026-06-19,"25,396.57","R 672,411.92",,SIM-4001,1991.0,SIM-REG-00027607,SIM-VIN-0000027607,INFORCE,LegacyShortTermA
STPOL-000027678,STPOLICY00027678,RISK00027678,CUST00008570,INT000027,Motor,2024-09-12,,,"R 444,919.21",Mpumalanga,SIM-7001,1999.0,SIM-REG-00027678,SIM-VIN-0000027678,Cancelled,AcquiredBook
STPOL-000027696,STPOLICY00027696,RISK00027696,CUST00006550,INT000463,Household,,2022-07-23,"122.273,99","ZAR 2,031,003.33",Western Cape,SIM-2002,,,,Cancelled,LegacyShortTermA
STPOL-000027749,STPOLICY00027749,RISK00027749,CUST00013135,INT000010,Motor,2022-10-10,,"18.564,52","1.159.066,35",Eastern Cape,SIM-4001,2019.0,SIM-REG-00027749,SIM-VIN-0000027749,Cancelled,LegacyShortTermB
STPOL-000027833,STPOLICY00027833,RISK00027833,CUST00004170,INT000382,Motor,2021-08-05,,18904.57,"495,438.12",Mpumalanga,SIM-7001,2022.0,SIM-REG-00027833,SIM-VIN-0000027833,In Force,AcquiredBook
STPOL-000027857,STPOLICY00027857,RISK00027857,CUST00012678,INT000173,Household,,2026-01-11,111734.48,1675442.78,North West,SIM-8001,,,,Active,AcquiredBook
STPOL-000027889,STPOLICY00027889,RISK00027889,CUST00013945,INT000472,Motor,,2022-12-16,"47.577,25","R 3,637,070.15",North West,SIM-8001,1993.0,SIM-REG-00027889,SIM-VIN-0000027889,In Force,AcquiredBook
STPOL-000027899,STPOLICY00027899,RISK00027899,CUST00009604,INT000086,Household,,2022-08-26,62239.65,"R 2,932,044.97",Gauteng,SIM-1002,,,,Lapsed,LegacyShortTermB
STPOL-000027941,STPOLICY00027941,RISK00027941,CUST00001265,INT000258,Motor,,2026-10-19,"129.844,44","R 3,371,819.94",Free State,SIM-5001,2019.0,SIM-REG-00027941,SIM-VIN-0000027941,Cancelled,AcquiredBook
